symbolId,ask,bid,middleQuote,spread,upDown,createdTimestamp,createdTimestampMs,updatedAt
1,0.98424,0.98225,0.983245,0.00199,1,1784152132,1784152132799,2026-07-15 21:48:56
2,0.56432,0.56376,0.56404,0.00056,1,1784152138,1784152138323,2026-07-15 21:48:59
3,4.74777,4.73531,4.74154,0.01246,1,1784152125,1784152125681,2026-07-15 21:48:47
4,4.57083,4.56531,4.56807,0.00552,-1,1784152138,1784152138548,2026-07-15 21:48:59
5,0.56103,0.55843,0.55973,0.0026,1,1756982591,1756982591073,2025-09-04 11:43:20
6,0.48651,0.48378,0.485145,0.00273,1,1756982591,1756982591083,2025-09-04 11:43:20
7,219.53379,219.53173,219.53276,0.00206,1,1784152139,1784152139238,2026-07-15 21:48:59
8,67.6671,67.6502,67.65865,0.0169,1,1784152139,1784152139238,2026-07-15 21:48:59
9,113.635,113.572,113.6035,0.063,1,1784152137,1784152137309,2026-07-15 21:48:59
10,12.18132,12.1761,12.17871,0.00522,1,1784152139,1784152139253,2026-07-15 21:48:59
11,6.76627,6.76388,6.765075,0.00239,1,1784152137,1784152137576,2026-07-15 21:48:59
12,1.19869,1.19749,1.19809,0.0012,1,1784152138,1784152138606,2026-07-15 21:48:59
13,2.64629,2.63786,2.642075,0.00843,1,1784152132,1784152132473,2026-07-15 21:48:53
14,54.23392,54.23112,54.23252,0.0028,1,1784152125,1784152125691,2026-07-15 21:48:50
15,6.72333,6.72087,6.7221,0.00246,1,1784152139,1784152139267,2026-07-15 21:48:59
16,0.90426,0.90246,0.90336,0.0018,1,1784152128,1784152128825,2026-07-15 21:48:53
17,32.96396,32.94546,32.95471,0.0185,1,1784152139,1784152139241,2026-07-15 21:48:59
18,11.43322,11.43122,11.43222,0.002,1,1784152138,1784152138116,2026-07-15 21:48:59
19,1.11125,1.10874,1.109995,0.00251,1,1756982591,1756982591149,2025-09-04 11:43:20
20,0.57392,0.57309,0.573505,0.00083,1,1784152138,1784152138111,2026-07-15 21:48:59
21,4.82277,4.82014,4.821455,0.00263,1,1784152136,1784152136483,2026-07-15 21:48:59
22,4.64635,4.64378,4.645065,0.00257,-1,1784152138,1784152138701,2026-07-15 21:48:59
23,0.62266,0.61993,0.621295,0.00273,1,1756982591,1756982591164,2025-09-04 11:43:20
24,0.53981,0.5372,0.538505,0.00261,1,1756982591,1756982591160,2025-09-04 11:43:20
25,223.23392,223.23167,223.232795,0.00225,1,1784152136,1784152136495,2026-07-15 21:48:56
26,63.8511,63.833,63.84205,0.0181,1,1756982587,1756982587739,2025-09-04 11:43:10
27,115.569,115.496,115.5325,0.073,1,1784152136,1784152136021,2026-07-15 21:48:56
28,13.59886,13.59633,13.597595,0.00253,1,1756982590,1756982590404,2025-09-04 11:43:20
29,6.88036,6.87787,6.879115,0.00249,1,1784152137,1784152137673,2026-07-15 21:48:59
30,1.21937,1.21704,1.218205,0.00233,-1,1784152139,1784152139140,2026-07-15 21:48:59
31,2.68777,2.6854,2.686585,0.00237,-1,1784152137,1784152137458,2026-07-15 21:48:59
32,59.1133,59.0889,59.1011,0.0244,1,1756982589,1756982589935,2025-09-04 11:43:20
33,6.84106,6.83839,6.839725,0.00267,1,1756982590,1756982590355,2025-09-04 11:43:20
34,0.93394,0.93188,0.93291,0.00206,1,1756982585,1756982585805,2025-09-04 11:43:10
35,33.51129,33.50897,33.51013,0.00232,1,1784152137,1784152137430,2026-07-15 21:48:59
36,11.62591,11.62383,11.62487,0.00208,1,1784152138,1784152138229,2026-07-15 21:48:59
37,1.90551,1.9031,1.904305,0.00241,1,1756982590,1756982590626,2025-09-04 11:43:20
38,1.71676,1.71436,1.71556,0.0024,1,1756982590,1756982590259,2025-09-04 11:43:20
39,8.40723,8.40486,8.406045,0.00237,1,1784152139,1784152139566,2026-07-15 21:48:59
40,8.09972,8.0973,8.09851,0.00242,-1,1784152139,1784152139536,2026-07-15 21:48:59
41,1.06712,1.06462,1.06587,0.0025,1,1756982590,1756982590266,2025-09-04 11:43:20
42,0.92518,0.9225,0.92384,0.00268,1,1756982590,1756982590269,2025-09-04 11:43:20
43,390.128,387.978,389.053,2.15,-1,1784152138,1784152138143,2026-07-15 21:48:59
44,109.52037,109.51815,109.51926,0.00222,1,1756982583,1756982583401,2025-09-04 11:43:10
45,201.476,201.368,201.422,0.108,-1,1784152137,1784152137568,2026-07-15 21:48:59
46,23.33489,23.32569,23.33029,0.0092,1,1756982587,1756982587139,2025-09-04 11:43:10
47,12.5269,12.5218,12.52435,0.0051,1,1756982590,1756982590286,2025-09-04 11:43:20
48,2.12007,2.11766,2.118865,0.00241,1,1756982590,1756982590295,2025-09-04 11:43:20
49,4.53185,4.52934,4.530595,0.00251,1,1756982590,1756982590411,2025-09-04 11:43:20
50,101.38642,101.38385,101.385135,0.00257,1,1756982583,1756982583375,2025-09-04 11:43:10
51,11.91854,11.9161,11.91732,0.00244,1,1784152139,1784152139569,2026-07-15 21:48:59
52,1.60054,1.60004,1.60029,0.0005,1,1756982588,1756982588681,2025-09-04 11:43:10
53,51.09692,51.09472,51.09582,0.0022,1,1756982583,1756982583368,2025-09-04 11:43:10
54,20.26876,20.26642,20.26759,0.00234,1,1784152139,1784152139565,2026-07-15 21:48:59
55,0.19492,0.19242,0.19367,0.0025,1,1756982590,1756982590514,2025-09-04 11:43:20
56,0.11409,0.11169,0.11289,0.0024,1,1756982590,1756982590519,2025-09-04 11:43:20
57,0.12158,0.11908,0.12033,0.0025,1,1756982587,1756982587223,2025-09-04 11:43:10
58,0.10528,0.10332,0.1043,0.00196,1,1756982587,1756982587231,2025-09-04 11:43:10
59,23.96111,23.95866,23.959885,0.00245,1,1784152139,1784152139394,2026-07-15 21:48:59
60,2.63484,2.63202,2.63343,0.00282,1,1756982590,1756982590561,2025-09-04 11:43:20
61,11.43898,11.43653,11.437755,0.00245,1,1784152112,1784152112983,2026-07-15 21:48:38
62,6.95139,6.94904,6.950215,0.00235,1,1784152112,1784152112871,2026-07-15 21:48:38
63,2.41202,2.41015,2.411085,0.00187,1,1784152137,1784152137909,2026-07-15 21:48:59
64,0.06713,0.06457,0.06585,0.00256,1,1756982587,1756982587815,2025-09-04 11:43:10
65,0.03947,0.03681,0.03814,0.00266,1,1784152139,1784152139567,2026-07-15 21:48:59
66,0.04226,0.03957,0.040915,0.00269,1,1756982590,1756982590323,2025-09-04 11:43:20
67,0.03681,0.03411,0.03546,0.0027,1,1756982589,1756982589621,2025-09-04 11:43:10
68,7.68254,7.68016,7.68135,0.00238,1,1784152138,1784152138855,2026-07-15 21:48:59
69,0.4587,0.45613,0.457415,0.00257,-1,1784152137,1784152137105,2026-07-15 21:48:59
70,0.4558,0.45322,0.45451,0.00258,1,1784152133,1784152133062,2026-07-15 21:48:53
71,0.24071,0.23799,0.23935,0.00272,1,1756982588,1756982588888,2025-09-04 11:43:10
72,0.21693,0.21431,0.21562,0.00262,1,1756982588,1756982588900,2025-09-04 11:43:10
73,0.12701,0.12437,0.12569,0.00264,1,1756982588,1756982588900,2025-09-04 11:43:10
74,0.13534,0.1326,0.13397,0.00274,1,1756982587,1756982587881,2025-09-04 11:43:10
75,0.11744,0.1148,0.11612,0.00264,1,1756982589,1756982589654,2025-09-04 11:43:10
76,23.13761,23.13511,23.13636,0.0025,1,1756982590,1756982590379,2025-09-04 11:43:20
77,1.48213,1.47977,1.48095,0.00236,1,1784152138,1784152138561,2026-07-15 21:48:59
78,0.26363,0.26088,0.262255,0.00275,-1,1784152138,1784152138560,2026-07-15 21:48:59
79,1.47279,1.4703,1.471545,0.00249,1,1784152138,1784152138602,2026-07-15 21:48:59
80,1.63706,1.63629,1.636675,0.00077,1,1784152135,1784152135313,2026-07-15 21:48:56
81,1.60976,1.6086,1.60918,0.00116,-1,1784152139,1784152139182,2026-07-15 21:48:59
82,0.92335,0.92269,0.92302,0.00066,1,1784152120,1784152120667,2026-07-15 21:48:41
83,7.76083,7.7584,7.759615,0.00243,1,1784152139,1784152139266,2026-07-15 21:48:59
84,24.21227,24.19578,24.204025,0.01649,1,1784152139,1784152139212,2026-07-15 21:48:59
85,7.47904,7.47168,7.47536,0.00736,1,1784152138,1784152138922,2026-07-15 21:48:59
86,0.84721,0.84679,0.847,0.00042,1,1784152132,1784152132424,2026-07-15 21:48:53
87,8.99085,8.98269,8.98677,0.00816,1,1784152133,1784152133925,2026-07-15 21:48:59
88,359.369,359.171,359.27,0.198,1,1784152139,1784152139276,2026-07-15 21:48:59
89,110.734,110.7155,110.72475,0.0185,1,1784152139,1784152139277,2026-07-15 21:48:59
90,185.92,185.915,185.9175,0.005,1,1784152123,1784152123798,2026-07-15 21:48:44
91,19.95731,19.89961,19.92846,0.0577,1,1784152139,1784152139483,2026-07-15 21:48:59
92,11.07261,11.06974,11.071175,0.00287,1,1784152139,1784152139275,2026-07-15 21:48:59
93,1.96053,1.96023,1.96038,0.0003,1,1784152139,1784152139183,2026-07-15 21:48:59
94,4.33141,4.31779,4.3246,0.01362,-1,1784152137,1784152137075,2026-07-15 21:48:59
95,88.7612,88.744,88.7526,0.0172,1,1784152139,1784152139276,2026-07-15 21:48:59
96,11.00227,10.99929,11.00078,0.00298,1,1784152139,1784152139049,2026-07-15 21:48:59
97,1.47804,1.47787,1.477955,0.00017,1,1784152139,1784152139320,2026-07-15 21:48:59
98,54.04044,53.95966,54.00005,0.08078,1,1784152133,1784152133929,2026-07-15 21:48:59
99,18.73601,18.67231,18.70416,0.0637,1,1784152136,1784152136079,2026-07-15 21:48:56
100,1.93267,1.93154,1.932105,0.00113,1,1784152137,1784152137308,2026-07-15 21:48:59
101,1.90114,1.89944,1.90029,0.0017,1,1784152137,1784152137474,2026-07-15 21:48:59
102,1.09001,1.08811,1.08906,0.0019,1,1784152128,1784152128045,2026-07-15 21:48:53
103,9.59409,9.5924,9.593245,0.00169,1,1756982588,1756982588766,2025-09-04 11:43:10
104,28.59052,28.56154,28.57603,0.02898,1,1784152139,1784152139563,2026-07-15 21:48:59
105,8.82795,8.82355,8.82575,0.0044,1,1784152133,1784152133926,2026-07-15 21:48:56
106,1.15492,1.15253,1.153725,0.00239,1,1756982590,1756982590910,2025-09-04 11:43:20
107,10.61621,10.60407,10.61014,0.01214,1,1784152130,1784152130223,2026-07-15 21:48:50
108,424.29034,424.03936,424.16485,0.25098,1,1784152139,1784152139562,2026-07-15 21:48:59
109,130.7341,130.716,130.72505,0.0181,1,1784152139,1784152139575,2026-07-15 21:48:59
110,219.57,219.415,219.4925,0.155,1,1784152139,1784152139306,2026-07-15 21:48:59
111,23.53553,23.52606,23.530795,0.00947,1,1784152139,1784152139576,2026-07-15 21:48:59
112,13.08739,13.06489,13.07614,0.0225,1,1784152127,1784152127716,2026-07-15 21:48:53
113,2.31634,2.31314,2.31474,0.0032,1,1784152138,1784152138599,2026-07-15 21:48:59
114,5.11523,5.09823,5.10673,0.017,1,1784152136,1784152136468,2026-07-15 21:48:56
115,109.7559,109.7382,109.74705,0.0177,1,1756982591,1756982591128,2025-09-04 11:43:20
116,12.994,12.9823,12.98815,0.0117,1,1784152133,1784152133733,2026-07-15 21:48:56
117,1.74775,1.74179,1.74477,0.00596,1,1784152135,1784152135633,2026-07-15 21:48:59
118,63.81014,63.69322,63.75168,0.11692,1,1784152128,1784152128670,2026-07-15 21:48:50
119,22.09846,22.07846,22.08846,0.02,1,1784152139,1784152139598,2026-07-15 21:48:59
120,0.19803,0.19545,0.19674,0.00258,1,1756982590,1756982590618,2025-09-04 11:43:20
121,0.17861,0.17589,0.17725,0.00272,1,1756982589,1756982589929,2025-09-04 11:43:20
122,0.10467,0.10196,0.103315,0.00271,1,1756982591,1756982591127,2025-09-04 11:43:20
123,0.91694,0.91443,0.915685,0.00251,1,1756982587,1756982587965,2025-09-04 11:43:10
124,2.69276,2.69037,2.691565,0.00239,1,1756982590,1756982590940,2025-09-04 11:43:20
125,0.8234,0.82063,0.822015,0.00277,1,1756982587,1756982587782,2025-09-04 11:43:10
126,0.11146,0.10878,0.11012,0.00268,1,1756982590,1756982590722,2025-09-04 11:43:20
127,0.09677,0.09414,0.095455,0.00263,1,1756982591,1756982591126,2025-09-04 11:43:20
128,11.31694,11.31456,11.31575,0.00238,1,1756982583,1756982583473,2025-09-04 11:43:10
129,19.01973,19.01728,19.018505,0.00245,1,1756982590,1756982590940,2025-09-04 11:43:20
130,1.29514,1.29282,1.29398,0.00232,1,1756982591,1756982591131,2025-09-04 11:43:20
131,0.2202,0.21763,0.218915,0.00257,1,1756982588,1756982588736,2025-09-04 11:43:10
132,0.01877,0.01601,0.01739,0.00276,1,1756982590,1756982590641,2025-09-04 11:43:20
133,0.01705,0.01427,0.01566,0.00278,1,1756982589,1756982589525,2025-09-04 11:43:10
134,0.01049,0.00778,0.009135,0.00271,1,1756982591,1756982591131,2025-09-04 11:43:20
135,0.08229,0.07956,0.080925,0.00273,1,1756982588,1756982588464,2025-09-04 11:43:10
136,0.23925,0.23647,0.23786,0.00278,1,1756982591,1756982591130,2025-09-04 11:43:20
137,0.07393,0.07135,0.07264,0.00258,1,1756982587,1756982587241,2025-09-04 11:43:10
138,0.01113,0.00834,0.009735,0.00279,1,1756982590,1756982590652,2025-09-04 11:43:20
139,0.00981,0.00706,0.008435,0.00275,1,1756982591,1756982591151,2025-09-04 11:43:20
140,0.08969,0.08706,0.088375,0.00263,1,1756982583,1756982583333,2025-09-04 11:43:10
141,1.68189,1.67952,1.680705,0.00237,1,1756982589,1756982589643,2025-09-04 11:43:10
142,0.11564,0.11306,0.11435,0.00258,1,1756982590,1756982590893,2025-09-04 11:43:20
143,0.02067,0.01802,0.019345,0.00265,1,1756982588,1756982588563,2025-09-04 11:43:10
144,0.04271,0.04002,0.041365,0.00269,1,1756982586,1756982586436,2025-09-04 11:43:10
145,0.92693,0.92454,0.925735,0.00239,1,1756982583,1756982583346,2025-09-04 11:43:10
146,0.10849,0.10579,0.10714,0.0027,1,1756982590,1756982590554,2025-09-04 11:43:20
147,0.01589,0.01333,0.01461,0.00256,1,1756982590,1756982590892,2025-09-04 11:43:20
148,0.46792,0.46518,0.46655,0.00274,1,1756982590,1756982590236,2025-09-04 11:43:20
149,0.01165,0.00904,0.010345,0.00261,1,1756982584,1756982584569,2025-09-04 11:43:10
150,0.0107,0.00794,0.00932,0.00276,1,1756982589,1756982589966,2025-09-04 11:43:20
151,0.00682,0.00405,0.005435,0.00277,1,1756982589,1756982589299,2025-09-04 11:43:10
152,0.00717,0.00441,0.00579,0.00276,1,1756982447,1756982447470,2025-09-04 11:40:50
153,0.00635,0.0037,0.005025,0.00265,1,1756910662,1756910662202,2025-09-03 15:44:30
154,0.59626,0.59372,0.59499,0.00254,1,1756982590,1756982590235,2025-09-04 11:43:20
155,0.08281,0.08046,0.081635,0.00235,1,1756982590,1756982590641,2025-09-04 11:43:20
156,0.07417,0.07292,0.073545,0.00125,1,1756982590,1756982590636,2025-09-04 11:43:20
157,0.04402,0.04171,0.042865,0.00231,1,1756982590,1756982590633,2025-09-04 11:43:20
158,0.04679,0.0446,0.045695,0.00219,1,1756982590,1756982590909,2025-09-04 11:43:20
159,0.04023,0.03897,0.0396,0.00126,1,1756982590,1756982590909,2025-09-04 11:43:20
160,9.32948,9.32712,9.3283,0.00236,1,1784152139,1784152139398,2026-07-15 21:48:59
161,4.34765,4.34509,4.34637,0.00256,1,1756982590,1756982590634,2025-09-04 11:43:20
162,2.19179,2.18921,2.1905,0.00258,1,1756982589,1756982589703,2025-09-04 11:43:10
163,0.93977,0.93763,0.9387,0.00214,1,1784152138,1784152138120,2026-07-15 21:48:59
164,0.15337,0.15073,0.15205,0.00264,1,1756982590,1756982590890,2025-09-04 11:43:20
165,0.13833,0.13562,0.136975,0.00271,1,1756982590,1756982590889,2025-09-04 11:43:20
166,0.08467,0.08208,0.083375,0.00259,1,1784152139,1784152139532,2026-07-15 21:48:59
167,0.63661,0.63391,0.63526,0.0027,1,1756982590,1756982590890,2025-09-04 11:43:20
168,0.08649,0.08372,0.085105,0.00277,1,1756982590,1756982590887,2025-09-04 11:43:20
169,0.0751,0.07243,0.073765,0.00267,1,1756982589,1756982589657,2025-09-04 11:43:10
170,16.80981,16.7764,16.793105,0.03341,1,1784152139,1784152139396,2026-07-15 21:48:59
171,0.17051,0.16784,0.169175,0.00267,1,1756982589,1756982589659,2025-09-04 11:43:10
172,0.9944,0.9929,0.99365,0.0015,-1,1784152137,1784152137635,2026-07-15 21:48:59
173,4.08117,4.0788,4.079985,0.00237,1,1756982590,1756982590893,2025-09-04 11:43:20
174,0.8999,0.89756,0.89873,0.00234,1,1756982590,1756982590633,2025-09-04 11:43:20
175,0.82126,0.82041,0.820835,0.00085,1,1784152137,1784152137612,2026-07-15 21:48:59
176,0.47089,0.47049,0.47069,0.0004,-1,1784152138,1784152138121,2026-07-15 21:48:59
177,3.9588,3.9569,3.95785,0.0019,1,1784152139,1784152139506,2026-07-15 21:48:59
178,12.30232,12.28782,12.29507,0.0145,1,1756982590,1756982590899,2025-09-04 11:43:20
179,3.75612,3.75384,3.75498,0.00228,1,1756982588,1756982588599,2025-09-04 11:43:10
180,0.50439,0.50169,0.50304,0.0027,1,1756982590,1756982590898,2025-09-04 11:43:20
181,0.43733,0.4347,0.436015,0.00263,1,1756982590,1756982590900,2025-09-04 11:43:20
182,94.823,94.781,94.802,0.042,-1,1784152137,1784152137998,2026-07-15 21:48:59
183,11.01208,11.00713,11.009605,0.00495,1,1756982590,1756982590939,2025-09-04 11:43:20
184,0.75554,0.75493,0.755235,0.00061,1,1756982590,1756982590895,2025-09-04 11:43:20
185,0.01813,0.01571,0.01692,0.00242,1,1756982590,1756982590006,2025-09-04 11:43:20
186,0.01107,0.00866,0.009865,0.00241,1,1756982590,1756982590275,2025-09-04 11:43:20
187,0.08865,0.08618,0.087415,0.00247,1,1756982588,1756982588469,2025-09-04 11:43:10
188,0.01172,0.00931,0.010515,0.00241,1,1756982590,1756982590911,2025-09-04 11:43:20
189,0.0101,0.00813,0.009115,0.00197,1,1756982590,1756982590907,2025-09-04 11:43:20
190,1.81675,1.81431,1.81553,0.00244,1,1756982589,1756982589694,2025-09-04 11:43:10
191,0.23149,0.22866,0.230075,0.00283,1,1756982590,1756982590615,2025-09-04 11:43:20
192,0.50523,0.50273,0.50398,0.0025,1,1756982590,1756982590248,2025-09-04 11:43:20
193,0.21892,0.21709,0.218005,0.00183,1,1756982590,1756982590618,2025-09-04 11:43:20
194,0.0921,0.08957,0.090835,0.00253,1,1756982590,1756982590901,2025-09-04 11:43:20
195,16.90166,16.89919,16.900425,0.00247,1,1784152139,1784152139398,2026-07-15 21:48:59
196,1.00753,1.00525,1.00639,0.00228,-1,1784152137,1784152137615,2026-07-15 21:48:59
197,0.17956,0.17687,0.178215,0.00269,-1,1784152139,1784152139038,2026-07-15 21:48:59
198,1.19115,1.1889,1.190025,0.00225,1,1756982590,1756982590900,2025-09-04 11:43:20
199,1.07334,1.07082,1.07208,0.00252,1,1756982590,1756982590583,2025-09-04 11:43:20
200,0.6259,0.62327,0.624585,0.00263,1,1784152139,1784152139534,2026-07-15 21:48:59
201,0.66739,0.66478,0.666085,0.00261,1,1756982590,1756982590897,2025-09-04 11:43:20
202,0.57859,0.57608,0.577335,0.00251,1,1756982590,1756982590899,2025-09-04 11:43:20
203,125.935,125.671,125.803,0.264,1,1784152135,1784152135634,2026-07-15 21:48:59
204,0.03857,0.03596,0.037265,0.00261,1,1756982579,1756982579593,2025-09-04 11:43:00
205,0.03493,0.03222,0.033575,0.00271,1,1756982590,1756982590182,2025-09-04 11:43:20
206,0.02089,0.01824,0.019565,0.00265,1,1756982590,1756982590193,2025-09-04 11:43:20
207,0.1747,0.172,0.17335,0.0027,1,1756982590,1756982590195,2025-09-04 11:43:20
208,0.02212,0.01959,0.020855,0.00253,1,1756982590,1756982590207,2025-09-04 11:43:20
209,0.01937,0.01678,0.018075,0.00259,1,1756982590,1756982590206,2025-09-04 11:43:20
210,8.20304,8.20174,8.20239,0.0013,1,1756982587,1756982587259,2025-09-04 11:43:10
211,2.14453,2.14222,2.143375,0.00231,1,1756982587,1756982587272,2025-09-04 11:43:10
212,3.44857,3.44615,3.44736,0.00242,1,1784152139,1784152139395,2026-07-15 21:48:59
213,0.45781,0.45521,0.45651,0.0026,1,1756982590,1756982590590,2025-09-04 11:43:20
214,0.04277,0.04016,0.041465,0.00261,1,1756982590,1756982590219,2025-09-04 11:43:20
215,1.98541,1.98302,1.984215,0.00239,1,1756982583,1756982583127,2025-09-04 11:43:10
216,0.23093,0.22833,0.22963,0.0026,1,1756982590,1756982590242,2025-09-04 11:43:20
217,0.43366,0.43147,0.432565,0.00219,1,1756982583,1756982583519,2025-09-04 11:43:10
218,0.08745,0.08485,0.08615,0.0026,1,1756982590,1756982590237,2025-09-04 11:43:20
219,0.0789,0.07633,0.077615,0.00257,1,1756982590,1756982590254,2025-09-04 11:43:20
220,0.04648,0.044,0.04524,0.00248,1,1756982590,1756982590251,2025-09-04 11:43:20
221,0.40204,0.39947,0.400755,0.00257,1,1756982586,1756982586896,2025-09-04 11:43:10
222,1.1798,1.17741,1.178605,0.00239,1,1756982590,1756982590254,2025-09-04 11:43:20
223,0.3612,0.35871,0.359955,0.00249,1,1756982590,1756982590266,2025-09-04 11:43:20
224,0.04956,0.04688,0.04822,0.00268,1,1756982590,1756982590268,2025-09-04 11:43:20
225,0.04307,0.04052,0.041795,0.00255,1,1756982586,1756982586924,2025-09-04 11:43:10
226,0.43918,0.4366,0.43789,0.00258,1,1756982590,1756982590268,2025-09-04 11:43:20
227,18.95609,18.95475,18.95542,0.00134,1,1756982571,1756982571393,2025-09-04 11:43:00
228,4.9561,4.9539,4.955,0.0022,1,1756982586,1756982586950,2025-09-04 11:43:10
229,8.3294,8.3267,8.32805,0.0027,1,1756982590,1756982590285,2025-09-04 11:43:20
230,1.05667,1.05407,1.05537,0.0026,1,1756982590,1756982590578,2025-09-04 11:43:20
231,0.56793,0.56531,0.56662,0.00262,1,1756982590,1756982590280,2025-09-04 11:43:20
232,0.09717,0.09456,0.095865,0.00261,1,1756982590,1756982590295,2025-09-04 11:43:20
233,0.20631,0.20366,0.204985,0.00265,1,1756982583,1756982583262,2025-09-04 11:43:10
234,4.58826,4.58592,4.58709,0.00234,1,1756982590,1756982590301,2025-09-04 11:43:20
235,0.53221,0.52951,0.53086,0.0027,1,1756982590,1756982590310,2025-09-04 11:43:20
236,0.07371,0.07109,0.0724,0.00262,1,1756982590,1756982590312,2025-09-04 11:43:20
237,2.31306,2.31054,2.3118,0.00252,1,1756982590,1756982590318,2025-09-04 11:43:20
238,0.70061,0.70051,0.70056,0.0001,1,1784152139,1784152139086,2026-07-15 21:48:59
239,1.14653,1.14642,1.146475,0.00011,1,1784152139,1784152139129,2026-07-15 21:48:59
240,1.35361,1.35351,1.35356,0.0001,1,1784152139,1784152139612,2026-07-15 21:48:59
241,0.00072,0.00072,0.00072,0.0,1,1756877644,1756877644107,2025-09-03 06:34:10
242,0.58482,0.58473,0.584775,0.00009,1,1784152139,1784152139613,2026-07-15 21:48:59
243,0.03256,0.03255,0.032555,0.00001,1,1756982577,1756982577551,2025-09-04 11:43:00
244,3.673,3.6729,3.67295,0.0001,1,1756982477,1756982477378,2025-09-04 11:41:20
245,407.74,356.21,381.975,51.53,1,1756894743,1756894743237,2025-09-03 11:19:10
246,1475.9912,1475.9812,1475.9862,0.01,1,1784152136,1784152136272,2026-07-15 21:48:56
247,0.3795,0.3744,0.37695,0.0051,1,1756982087,1756982087221,2025-09-04 11:34:50
248,5.1181,5.1106,5.11435,0.0075,1,1784146412,1784146412382,2026-07-15 20:13:32
249,3.38,3.37,3.375,0.01,1,1756894743,1756894743764,2025-09-03 11:19:10
250,1.40385,1.40371,1.40378,0.00014,-1,1784152137,1784152137811,2026-07-15 21:48:59
251,0.80523,0.80511,0.80517,0.00012,-1,1784152139,1784152139490,2026-07-15 21:48:59
252,925.59,924.59,925.09,1.0,1,1784149434,1784149434289,2026-07-15 21:03:59
253,6.77197,6.76445,6.76821,0.00752,1,1784152112,1784152112843,2026-07-15 21:48:35
254,4009.0,4005.0,4007.0,4.0,1,1756910658,1756910658467,2025-09-03 15:44:20
255,4008.63,4005.13,4006.88,3.5,1,1756910658,1756910658466,2025-09-03 15:44:20
256,517.48642,493.44125,505.463835,24.04517,1,1756894744,1756894744678,2025-09-03 11:19:10
257,21.1881,21.0351,21.1116,0.153,1,1784152132,1784152132909,2026-07-15 21:48:53
258,6.5242,6.517,6.5206,0.0072,1,1784152138,1784152138414,2026-07-15 21:48:59
259,63.73688,62.36287,63.049875,1.37401,1,1756894743,1756894743560,2025-09-03 11:19:10
260,48.59,48.53,48.56,0.06,1,1756982574,1756982574274,2025-09-04 11:43:00
261,2.74,2.66,2.7,0.08,1,1756877644,1756877644450,2025-09-03 06:34:10
262,7.8413,7.4978,7.66955,0.3435,1,1756894743,1756894743325,2025-09-03 11:19:10
263,7.84005,7.83767,7.83886,0.00238,1,1784152123,1784152123753,2026-07-15 21:48:44
264,313.484,313.251,313.3675,0.233,1,1784152139,1784152139609,2026-07-15 21:48:59
265,16450.1,16441.3,16445.7,8.8,1,1756982589,1756982589492,2025-09-04 11:43:10
266,3.36622,3.36424,3.36523,0.00198,1,1756982587,1756982587425,2025-09-04 11:43:10
267,96.5904,96.5656,96.578,0.0248,1,1784146528,1784146528468,2026-07-15 20:15:29
268,42125.0,42000.0,42062.5,125.0,1,1756877644,1756877644453,2025-09-03 06:34:10
269,0.7115,0.7065,0.709,0.005,1,1756877644,1756877644453,2025-09-03 06:34:10
270,162.172,162.161,162.1665,0.011,1,1784152139,1784152139504,2026-07-15 21:48:59
271,130.2,128.2,129.2,2.0,1,1756901961,1756901961590,2025-09-03 13:19:30
272,1393.77,1392.02,1392.895,1.75,1,1756982573,1756982573028,2025-09-04 11:43:00
273,0.3064,0.3054,0.3059,0.001,1,1756982087,1756982087271,2025-09-04 11:34:50
274,542.54,537.39,539.965,5.15,1,1756894744,1756894744497,2025-09-03 11:19:10
275,9.387,8.803,9.095,0.584,1,1756894745,1756894745626,2025-09-03 11:19:10
276,4.23,4.225,4.2275,0.005,1,1756888485,1756888485635,2025-09-03 09:34:50
277,17.388,17.3805,17.38425,0.0075,1,1784152131,1784152131934,2026-07-15 21:48:56
278,48.1,46.1,47.1,2.0,1,1784149464,1784149464354,2026-07-15 21:04:26
279,15.56,15.25,15.405,0.31,1,1756877644,1756877644459,2025-09-03 06:34:10
280,4.23,4.225,4.2275,0.005,1,1756888485,1756888485636,2025-09-03 09:34:50
281,9.65912,9.65422,9.65667,0.0049,1,1784152137,1784152137482,2026-07-15 21:48:59
282,0.3858,0.3832,0.3845,0.0026,1,1756982087,1756982087931,2025-09-04 11:34:50
283,1.02132,0.97838,0.99985,0.04294,1,1756894744,1756894744165,2025-09-03 11:19:10
284,285.19,282.45,283.82,2.74,1,1756894744,1756894744907,2025-09-03 11:19:10
285,3.60549,3.46809,3.53679,0.1374,1,1756894745,1756894745082,2025-09-03 11:19:10
286,57.145,57.112,57.1285,0.033,1,1756982580,1756982580215,2025-09-04 11:43:10
287,3.77264,3.77006,3.77135,0.00258,1,1784152138,1784152138895,2026-07-15 21:48:59
288,7333.77702,7110.50044,7222.13873,223.27658,1,1756894745,1756894745297,2025-09-03 11:19:10
289,3.647,3.642,3.6445,0.005,1,1756899001,1756899001404,2025-09-03 12:30:10
290,77.5356,77.2906,77.4131,0.245,1,1784131888,1784131888525,2026-07-15 16:11:32
291,3.7565,3.7479,3.7522,0.0086,1,1756982100,1756982100587,2025-09-04 11:35:10
292,9.60286,9.58781,9.595335,0.01505,1,1784152139,1784152139186,2026-07-15 21:48:59
293,1.28925,1.28897,1.28911,0.00028,1,1784152135,1784152135364,2026-07-15 21:48:59
294,8.95511,8.54291,8.74901,0.4122,1,1756894745,1756894745704,2025-09-03 11:19:10
295,33.58,33.56,33.57,0.02,1,1784152131,1784152131325,2026-07-15 21:48:53
296,47.06476,47.01626,47.04051,0.0485,1,1784151326,1784151326973,2026-07-15 21:35:29
297,30.72,30.71,30.715,0.01,1,1756982577,1756982577552,2025-09-04 11:43:00
298,41.63,41.11,41.37,0.52,1,1756894745,1756894745625,2025-09-03 11:19:10
299,40.53329,39.50278,40.018035,1.03051,1,1756894745,1756894745399,2025-09-03 11:19:10
300,147.08255,146.71479,146.89867,0.36776,1,1756877644,1756877644473,2025-09-03 06:34:10
301,26410.0,26365.0,26387.5,45.0,1,1756890532,1756890532808,2025-09-03 10:09:00
302,563.31,563.31,563.31,0.0,1,1756894743,1756894743670,2025-09-03 11:19:10
303,16.324,16.3133,16.31865,0.0107,1,1784152138,1784152138523,2026-07-15 21:48:59
304,4691.925,4691.912,4691.9185,0.013,1,1756982588,1756982588131,2025-09-04 11:43:10
305,150.51239,150.49432,150.503355,0.01807,1,1756982590,1756982590707,2025-09-04 11:43:20
306,62.886,62.865,62.8755,0.021,1,1756982590,1756982590821,2025-09-04 11:43:20
307,56.64626,56.64378,56.64502,0.00248,1,1756982591,1756982591053,2025-09-04 11:43:20
308,33.01941,33.01693,33.01817,0.00248,1,1756982591,1756982591060,2025-09-04 11:43:20
309,293.13,291.77,292.45,1.36,1,1756982588,1756982588010,2025-09-04 11:43:10
310,860.1842,860.1666,860.1754,0.0176,1,1756982591,1756982591062,2025-09-04 11:43:20
311,263.37,261.98,262.675,1.39,1,1756982584,1756982584627,2025-09-04 11:43:10
312,1989.8107,1989.7929,1989.8018,0.0178,1,1756982591,1756982591073,2025-09-04 11:43:20
313,35.1974,35.1842,35.1908,0.0132,1,1756982590,1756982590750,2025-09-04 11:43:20
314,30.5048,30.50248,30.50364,0.00232,1,1756982591,1756982591085,2025-09-04 11:43:20
315,13842.31,13841.24,13841.775,1.07,1,1756982581,1756982581218,2025-09-04 11:43:10
316,3616.38,3616.238,3616.309,0.142,1,1756982591,1756982591093,2025-09-04 11:43:20
317,6078.29,6077.65,6077.97,0.64,1,1756982591,1756982591102,2025-09-04 11:43:20
318,12.5389,12.5274,12.53315,0.0115,1,1756982584,1756982584780,2025-09-04 11:43:10
319,770.99,769.56,770.275,1.43,1,1756982587,1756982587963,2025-09-04 11:43:10
320,413.5401,413.5226,413.53135,0.0175,1,1756982591,1756982591105,2025-09-04 11:43:20
321,69.96223,69.95974,69.960985,0.00249,1,1756982591,1756982591114,2025-09-04 11:43:20
322,150.25,148.91,149.58,1.34,1,1756982587,1756982587963,2025-09-04 11:43:10
323,149.8771,149.8627,149.8699,0.0144,1,1756982581,1756982581714,2025-09-04 11:43:10
324,3347.831,3347.689,3347.76,0.142,1,1756982591,1756982591096,2025-09-04 11:43:20
325,153.804,153.665,153.7345,0.139,1,1756982588,1756982588084,2025-09-04 11:43:10
326,387.4424,387.4247,387.43355,0.0177,1,1756982591,1756982591115,2025-09-04 11:43:20
327,53.49,52.18,52.835,1.31,1,1756982588,1756982588005,2025-09-04 11:43:10
328,1687.2121,1687.1935,1687.2028,0.0186,1,1756982591,1756982591127,2025-09-04 11:43:20
329,730.33,729.16,729.745,1.17,1,1756982587,1756982587998,2025-09-04 11:43:10
330,3590.04,3588.88,3589.46,1.16,1,1756982588,1756982588058,2025-09-04 11:43:10
331,18534.68,18533.42,18534.05,1.26,1,1756982588,1756982588066,2025-09-04 11:43:10
332,2230.86,2229.46,2230.16,1.4,1,1756982588,1756982588025,2025-09-04 11:43:10
333,1933.82,1932.47,1933.145,1.35,1,1756982584,1756982584701,2025-09-04 11:43:10
334,385183.84,385182.5,385183.17,1.34,1,1756982581,1756982581301,2025-09-04 11:43:10
335,48816.4,48815.26,48815.83,1.14,1,1756982588,1756982588077,2025-09-04 11:43:10
336,212141.67,212140.54,212141.105,1.13,1,1756982562,1756982562513,2025-09-04 11:42:50
337,106915.42,106914.18,106914.8,1.24,1,1756982588,1756982588058,2025-09-04 11:43:10
338,13018.19,13017.49,13017.84,0.7,1,1756982591,1756982591124,2025-09-04 11:43:20
339,5439.05,5438.44,5438.745,0.61,1,1756982591,1756982591095,2025-09-04 11:43:20
340,4899.88,4899.18,4899.53,0.7,1,1756982591,1756982591155,2025-09-04 11:43:20
341,2855.88,2855.7,2855.79,0.18,1,1756982591,1756982591139,2025-09-04 11:43:20
342,25297.28,25296.03,25296.655,1.25,1,1756982587,1756982587920,2025-09-04 11:43:10
343,74396.48,74395.76,74396.12,0.72,1,1756982588,1756982588142,2025-09-04 11:43:10
344,22721.69,22720.97,22721.33,0.72,1,1756982587,1756982587936,2025-09-04 11:43:10
345,172108.92,172108.2,172108.56,0.72,1,1756982591,1756982591159,2025-09-04 11:43:20
346,3044.238,3043.857,3044.0475,0.381,1,1756982591,1756982591097,2025-09-04 11:43:20
347,2638.676,2638.28,2638.478,0.396,1,1756982591,1756982591092,2025-09-04 11:43:20
348,1196970.92,1196969.48,1196970.2,1.4399999999,1,1756982581,1756982581094,2025-09-04 11:43:10
349,312773.03,312772.3,312772.665,0.73,1,1756982587,1756982587871,2025-09-04 11:43:10
350,2513.39,2512.01,2512.7,1.38,1,1756982588,1756982588116,2025-09-04 11:43:10
351,525714.0,525693.0,525703.5,21.0,1,1756982591,1756982591144,2025-09-04 11:43:20
352,1084.72,1083.5,1084.11,1.22,1,1756982588,1756982588107,2025-09-04 11:43:10
353,66628.11,66626.86,66627.485,1.25,1,1756982587,1756982587893,2025-09-04 11:43:10
354,35765.79,35765.07,35765.43,0.72,1,1756982587,1756982587878,2025-09-04 11:43:10
355,6050.91,6050.24,6050.575,0.67,1,1756982587,1756982587880,2025-09-04 11:43:10
356,12938.95,12937.67,12938.31,1.28,1,1756982587,1756982587892,2025-09-04 11:43:10
357,12961.05,12959.81,12960.43,1.24,1,1756982588,1756982588089,2025-09-04 11:43:10
358,289565.92,289565.22,289565.5699999999,0.7,1,1756982589,1756982589827,2025-09-04 11:43:10
359,13298.5,13297.14,13297.82,1.36,1,1756982588,1756982588079,2025-09-04 11:43:10
360,33511.94,33511.22,33511.58,0.72,1,1756982587,1756982587882,2025-09-04 11:43:10
361,4570.32,4569.17,4569.745,1.15,1,1756982587,1756982587921,2025-09-04 11:43:10
362,145925.62,145924.93,145925.275,0.69,1,1756982587,1756982587890,2025-09-04 11:43:10
363,63123.03,63121.88,63122.455,1.15,1,1756982587,1756982587915,2025-09-04 11:43:10
364,3921.51,3920.45,3920.98,1.06,1,1756982588,1756982588051,2025-09-04 11:43:10
365,20248.71,20247.46,20248.085,1.25,1,1756982578,1756982578037,2025-09-04 11:43:00
366,2436.87,2435.41,2436.14,1.46,1,1756982588,1756982588044,2025-09-04 11:43:10
367,2112.27,2111.1,2111.685,1.17,1,1756982584,1756982584663,2025-09-04 11:43:10
368,420803.7,420802.64,420803.17,1.06,1,1756982581,1756982581267,2025-09-04 11:43:10
369,53332.23,53330.81,53331.52,1.42,1,1756982581,1756982581263,2025-09-04 11:43:10
370,231735.1,231733.79,231734.445,1.31,1,1756982582,1756982582872,2025-09-04 11:43:10
371,116790.02,116788.88,116789.45,1.14,1,1756982588,1756982588054,2025-09-04 11:43:10
372,0.0764,0.0725,0.07445,0.0039,1,1784152124,1784152124075,2026-07-15 21:48:44
373,96.665,96.075,96.37,0.59,1,1784152134,1784152134514,2026-07-15 21:48:56
374,0.087,0.0817,0.08435,0.0053,1,1784152121,1784152121080,2026-07-15 21:48:41
375,0.1321,0.1039,0.118,0.0282,1,1784151928,1784151928524,2026-07-15 21:45:29
376,0.00128,-0.00036,0.00046,0.00164,1,1784073654,1784073654053,2026-07-15 00:00:56
377,0.00396,0.00341,0.003685,0.00055,1,1784151991,1784151991983,2026-07-15 21:46:32
378,6.646,6.4117,6.52885,0.2343,1,1784073654,1784073654073,2026-07-15 00:00:56
379,0.1747,0.1357,0.1552,0.039,1,1784152074,1784152074878,2026-07-15 21:47:56
380,2.0665,1.9225,1.9945,0.144,1,1784151797,1784151797701,2026-07-15 21:43:17
381,1.5922,1.5272,1.5597,0.065,1,1784152139,1784152139026,2026-07-15 21:48:59
382,0.01905,0.01467,0.01686,0.00438,1,1784073654,1784073654092,2026-07-15 00:00:56
383,21.2099,21.1867,21.1983,0.0232,1,1756982590,1756982590811,2025-09-04 11:43:20
384,18.3854,18.362,18.3737,0.0234,1,1756982590,1756982590811,2025-09-04 11:43:20
385,1017.39,1015.15,1016.27,2.24,1,1756982586,1756982586497,2025-09-04 11:43:10
386,6.698,6.653,6.6755,0.045,1,1784152134,1784152134471,2026-07-15 21:48:56
387,6.6828,6.6682,6.6755,0.0146,1,1784152139,1784152139674,2026-07-15 21:48:59
388,1.2605,0.7265,0.9935,0.534,1,1784152122,1784152122968,2026-07-15 21:48:44
389,0.0,0.0,0.0,0.0,1,1764201640,1764201640993,2025-11-27 00:00:41
390,0.1706,0.1653,0.16795,0.0053,1,1784152045,1784152045605,2026-07-15 21:47:26
391,13.656,13.014,13.335,0.642,1,1784152086,1784152086806,2026-07-15 21:48:11
392,0.0166,0.0104,0.0135,0.0062,1,1784151887,1784151887918,2026-07-15 21:44:50
393,1.4167,1.4162,1.41645,0.0005,1,1784152136,1784152136605,2026-07-15 21:48:56
394,0.078,0.062,0.07,0.016,1,1784088555,1784088555843,2026-07-15 04:09:17
395,0.00184,0.00166,0.00175,0.00018,1,1784151158,1784151158492,2026-07-15 21:32:38
396,0.01584,0.01435,0.015095,0.00149,1,1784152135,1784152135602,2026-07-15 21:48:56
397,0.0174,0.01622,0.01681,0.00118,1,1784152130,1784152130849,2026-07-15 21:48:53
398,17.129,16.485,16.807,0.644,1,1784152139,1784152139576,2026-07-15 21:48:59
399,0.00789,0.00765,0.00777,0.00024,1,1784151852,1784151852785,2026-07-15 21:44:14
400,0.21609,0.21472,0.215405,0.00137,1,1784152041,1784152041294,2026-07-15 21:47:23
401,0.0,0.0,0.0,0.0,1,1764201641,1764201641130,2025-11-27 00:00:42
402,1.0011,0.9986,0.99985,0.0025,1,1784073654,1784073654248,2026-07-15 00:00:56
403,837.6,803.4,820.5,34.2,1,1784073654,1784073654259,2026-07-15 00:00:56
404,0.000044,0.000031,0.0000375,0.000013,1,1784073654,1784073654259,2026-07-15 00:00:56
405,0.0282,0.0255,0.02685,0.0027,1,1784152133,1784152133781,2026-07-15 21:48:59
406,35.726,33.784,34.755,1.942,-1,1784152138,1784152138250,2026-07-15 21:48:59
407,0.132,0.113,0.1225,0.019,1,1784152101,1784152101465,2026-07-15 21:48:23
408,3.63,2.83,3.23,0.8,1,1784152135,1784152135489,2026-07-15 21:48:56
409,4.425,4.305,4.365,0.12,1,1784152138,1784152138018,2026-07-15 21:48:59
410,0.0,0.0,0.0,0.0,1,1764201641,1764201641206,2025-11-27 00:00:42
411,0.93,0.66,0.795,0.27,1,1784151190,1784151190550,2026-07-15 21:33:11
412,0.0135,0.0114,0.01245,0.0021,1,1784073654,1784073654347,2026-07-15 00:00:56
413,0.0405,0.0135,0.027,0.027,1,1783893603,1783893603537,2026-07-12 22:00:05
414,0.0,0.0,0.0,0.0,1,1764201641,1764201641249,2025-11-27 00:00:42
415,0.00242,0.00165,0.002035,0.00077,1,1784152082,1784152082866,2026-07-15 21:48:05
416,0.10245,0.09838,0.100415,0.00407,1,1784152133,1784152133471,2026-07-15 21:48:53
417,0.01295,0.00242,0.007685,0.01053,1,1784151875,1784151875294,2026-07-15 21:44:38
418,117.0215,116.7685,116.895,0.253,1,1784073654,1784073654401,2026-07-15 00:00:56
419,0.01856,0.01702,0.01779,0.00154,1,1784152109,1784152109648,2026-07-15 21:48:32
420,0.06827,0.06723,0.06775,0.00104,1,1784152090,1784152090142,2026-07-15 21:48:11
421,0.0013,0.0009,0.0011,0.0004,1,1784073654,1784073654416,2026-07-15 00:00:56
422,2.1985,2.1816,2.19005,0.0169,1,1784152139,1784152139244,2026-07-15 21:48:59
423,0.0264,0.0223,0.02435,0.0041,1,1784152095,1784152095607,2026-07-15 21:48:17
424,0.1329,0.1283,0.1306,0.0046,1,1784152122,1784152122180,2026-07-15 21:48:44
425,0.0435,0.0412,0.04235,0.0023,1,1784152120,1784152120875,2026-07-15 21:48:41
426,0.000698,0.000666,0.000682,0.000032,1,1784151852,1784151852834,2026-07-15 21:44:14
427,0.07732,0.07671,0.077015,0.00061,1,1784073654,1784073654472,2026-07-15 00:00:56
428,0.3832,0.3587,0.37095,0.0245,1,1756982587,1756982587409,2025-09-04 11:43:10
429,8.457,8.443,8.45,0.014,1,1784073654,1784073654475,2026-07-15 00:00:56
430,0.0219,0.0178,0.01985,0.0041,1,1784073654,1784073654475,2026-07-15 00:00:56
431,0.0,0.0,0.0,0.0,1,1764201641,1764201641374,2025-11-27 00:00:42
432,0.1154,0.1074,0.1114,0.008,1,1784152080,1784152080512,2026-07-15 21:48:02
433,3.768,2.879,3.3235,0.889,1,1784152139,1784152139342,2026-07-15 21:48:59
434,10.1578,10.1443,10.15105,0.0135,1,1784073654,1784073654492,2026-07-15 00:00:56
435,0.0,0.0,0.0,0.0,1,1764201641,1764201641395,2025-11-27 00:00:42
436,1.5685,1.5015,1.535,0.067,1,1784152137,1784152137653,2026-07-15 21:48:59
437,0.015,0.0064,0.0107,0.0086,1,1784152103,1784152103205,2026-07-15 21:48:23
438,0.05498,0.05494,0.05496,0.00004,1,1784073654,1784073654502,2026-07-15 00:00:56
439,0.0909,0.0752,0.08305,0.0157,1,1784152117,1784152117622,2026-07-15 21:48:38
440,0.0464,0.0419,0.04415,0.0045,1,1784151385,1784151385112,2026-07-15 21:36:26
441,2.091,2.036,2.0635,0.055,1,1784152132,1784152132867,2026-07-15 21:48:56
442,0.9122,0.8768,0.8945,0.0354,1,1784073654,1784073654539,2026-07-15 00:00:56
443,0.057,0.0525,0.05475,0.0045,1,1784073654,1784073654572,2026-07-15 00:00:56
444,0.00153,0.00078,0.001155,0.00075,1,1784152086,1784152086462,2026-07-15 21:48:08
445,0.0,0.0,0.0,0.0,1,1764201641,1764201641481,2025-11-27 00:00:42
446,4073.7,4072.45,4073.075,1.25,1,1784152112,1784152112439,2026-07-15 21:48:32
447,0.00587,0.00559,0.00573,0.00028,1,1784152127,1784152127914,2026-07-15 21:48:50
448,0.02042,0.01818,0.0193,0.00224,1,1784150064,1784150064747,2026-07-15 21:14:26
449,0.68944,0.68557,0.687505,0.00387,1,1784152080,1784152080133,2026-07-15 21:48:05
450,0.696,0.6787,0.68735,0.0173,1,1784152134,1784152134643,2026-07-15 21:48:56
451,0.0,0.0,0.0,0.0,1,1764201641,1764201641514,2025-11-27 00:00:42
452,0.0,0.0,0.0,0.0,1,1764201641,1764201641514,2025-11-27 00:00:42
453,0.00585,0.0056,0.005725,0.00025,1,1784152081,1784152081351,2026-07-15 21:48:02
454,0.001274,0.001221,0.0012475,0.000053,1,1784151851,1784151851241,2026-07-15 21:44:11
455,0.4342,0.4048,0.4195,0.0294,1,1784152124,1784152124783,2026-07-15 21:48:47
456,0.00403,0.00371,0.00387,0.00032,1,1784151908,1784151908049,2026-07-15 21:45:08
457,0.0556,0.0416,0.0486,0.014,1,1784152095,1784152095260,2026-07-15 21:48:17
458,0.0904,0.0839,0.08715,0.0065,1,1784073654,1784073654635,2026-07-15 00:00:56
459,0.00000483,0.00000373,0.00000428,0.0000011,1,1784152080,1784152080493,2026-07-15 21:48:02
460,0.0061,0.0036,0.00485,0.0025,1,1784152119,1784152119134,2026-07-15 21:48:41
461,0.245,0.219,0.232,0.026,1,1784152111,1784152111353,2026-07-15 21:48:32
462,77.3525,77.2775,77.315,0.075,1,1784152139,1784152139208,2026-07-15 21:48:59
463,0.0,0.0,0.0,0.0,1,1764201641,1764201641571,2025-11-27 00:00:42
464,0.0771,0.0716,0.07435,0.0055,1,1784152117,1784152117422,2026-07-15 21:48:41
465,0.1731,0.1569,0.165,0.0162,1,1784152139,1784152139217,2026-07-15 21:48:59
466,0.0047,0.0032,0.00395,0.0015,1,1784073654,1784073654672,2026-07-15 00:00:56
467,0.0093,0.0069,0.0081,0.0024,1,1784073654,1784073654679,2026-07-15 00:00:59
468,0.1591,0.1381,0.1486,0.021,1,1784123287,1784123287820,2026-07-15 13:48:08
469,0.0018,0.00146,0.00163,0.00034,1,1784152130,1784152130138,2026-07-15 21:48:50
470,3.626,3.589,3.6075,0.037,1,1784152100,1784152100346,2026-07-15 21:48:20
471,0.33,0.0003,0.16515,0.3297,1,1756877644,1756877644461,2025-09-03 06:34:10
472,0.4141,0.4026,0.40835,0.0115,1,1784073654,1784073654726,2026-07-15 00:00:56
473,111220.9,108184.9,109702.9,3036.0,1,1756982541,1756982541293,2025-09-04 11:42:30
474,0.01251,0.01206,0.012285,0.00045,1,1784152105,1784152105504,2026-07-15 21:48:29
475,0.88772,0.88361,0.885665,0.00411,1,1757676048,1757676048906,2025-09-12 12:20:50
476,0.16093,0.15951,0.16022,0.00142,1,1757676037,1757676037139,2025-09-12 12:20:40
477,16.111,15.821,15.966,0.29,1,1784152123,1784152123637,2026-07-15 21:48:44
478,474.71,473.15,473.93,1.56,1,1756982590,1756982590123,2025-09-04 11:43:20
479,508.34,502.03,505.185,6.31,1,1756982589,1756982589172,2025-09-04 11:43:10
480,439.52,436.22,437.87,3.3,1,1756982590,1756982590747,2025-09-04 11:43:20
481,87251.37,87246.66,87249.015,4.71,1,1756982591,1756982591076,2025-09-04 11:43:20
482,594.38,590.69,592.535,3.69,1,1757676048,1757676048874,2025-09-12 12:20:50
483,684.7625,684.2345,684.4985,0.528,1,1756982590,1756982590560,2025-09-04 11:43:20
484,729.78,729.4,729.59,0.38,1,1756982590,1756982590862,2025-09-04 11:43:20
485,429.7,429.26,429.48,0.44,-1,1784152139,1784152139535,2026-07-15 21:48:59
486,126003.09,126000.46,126001.775,2.63,1,1756982590,1756982590845,2025-09-04 11:43:20
487,907.79,907.34,907.565,0.45,1,1757676043,1757676043152,2025-09-12 12:20:50
488,89501.1,89438.3,89469.7,62.8,1,1756982591,1756982591057,2025-09-04 11:43:20
489,95394.91,95332.41,95363.66,62.5,1,1756982591,1756982591068,2025-09-04 11:43:20
490,82690.46,82625.96,82658.21,64.5,1,1756982590,1756982590837,2025-09-04 11:43:20
491,16473315.0,16466997.0,16470156.0,6318.0,1,1756982591,1756982591077,2025-09-04 11:43:20
492,115013.92,114935.35,114974.635,78.57,1,1757676048,1757676048641,2025-09-12 12:20:50
493,24.3245,24.2305,24.2775,0.094,1,1757676037,1757676037731,2025-09-12 12:20:40
494,16.92,16.76,16.84,0.16,1,1757676024,1757676024784,2025-09-12 12:20:30
495,0.00866,0.00833,0.008495,0.00033,1,1757675963,1757675963636,2025-09-12 12:19:30
496,0.25936,0.25862,0.25899,0.00074,1,1757676048,1757676048341,2025-09-12 12:20:50
497,0.0202,0.019,0.0196,0.0012,1,1756982561,1756982561336,2025-09-04 11:42:50
498,3564.54,3563.38,3563.96,1.16,1,1756982590,1756982590801,2025-09-04 11:43:20
499,3799.43,3798.3,3798.865,1.13,1,1756982590,1756982590138,2025-09-04 11:43:20
500,3297.31,3288.16,3292.735,9.15,1,1756982591,1756982591071,2025-09-04 11:43:20
501,656471.3,655696.72,656084.01,774.5800000001,1,1756982591,1756982591079,2025-09-04 11:43:20
502,4519.61,4514.51,4517.06,5.1,1,1757676048,1757676048874,2025-09-12 12:20:50
503,7.641,7.6059,7.62345,0.0351,1,1757676048,1757676048599,2025-09-12 12:20:50
504,39.234,39.1161,39.17505,0.1179,1,1757676048,1757676048928,2025-09-12 12:20:50
505,0.07315,0.06665,0.0699,0.0065,1,1757676046,1757676046902,2025-09-12 12:20:50
506,0.00277,0.00212,0.002445,0.00065,1,1757676024,1757676024718,2025-09-12 12:20:30
507,0.7827,0.7704,0.77655,0.0123,1,1757631646,1757631646394,2025-09-12 00:00:50
508,17.5956,17.5731,17.58435,0.0225,1,1756982590,1756982590538,2025-09-04 11:43:20
509,21.4005,21.27552,21.33801,0.12498,1,1757676048,1757676048906,2025-09-12 12:20:50
510,0.196,0.1917,0.19385,0.0043,1,1757676015,1757676015802,2025-09-12 12:20:20
511,0.99758,0.99713,0.997355,0.00045,1,1757676005,1757676005857,2025-09-12 12:20:10
512,24.3115,24.2215,24.2665,0.09,1,1757676047,1757676047893,2025-09-12 12:20:50
513,0.39346,0.3924,0.39293,0.00106,1,1757676048,1757676048884,2025-09-12 12:20:50
514,486.05,483.31,484.68,2.74,1,1745941679,1745941679943,2025-04-29 15:48:00
515,89.92,89.52,89.72,0.4,1,1756982590,1756982590175,2025-09-04 11:43:20
516,95.68,95.48,95.58,0.2,1,1756982591,1756982591135,2025-09-04 11:43:20
517,82.95,82.75,82.85,0.2,1,1756982591,1756982591138,2025-09-04 11:43:20
518,16540.01,16488.01,16514.01,52.0,1,1756982591,1756982591087,2025-09-04 11:43:20
519,115.55,115.06,115.305,0.49,1,1757676046,1757676046521,2025-09-12 12:20:50
520,0.3245,0.3148,0.31965,0.0097,1,1757676040,1757676040807,2025-09-12 12:20:50
521,332.22,330.99,331.605,1.23,1,1784152128,1784152128524,2026-07-15 21:48:50
522,6.728,6.61,6.669,0.118,1,1757676040,1757676040555,2025-09-12 12:20:50
523,0.761,0.754,0.7575,0.007,1,1757676024,1757676024794,2025-09-12 12:20:30
524,0.14068,0.13922,0.13995,0.00146,1,1757676024,1757676024466,2025-09-12 12:20:30
525,2.58891,2.58351,2.58621,0.0054,1,1757676030,1757676030357,2025-09-12 12:20:40
526,0.02762,0.02717,0.027395,0.00045,1,1756982573,1756982573042,2025-09-04 11:43:00
527,2.2956,2.29297,2.294285,0.00263,1,1756982590,1756982590801,2025-09-04 11:43:20
528,2.44933,2.43958,2.444455,0.00975,1,1756982587,1756982587693,2025-09-04 11:43:10
529,2.12112,2.1164,2.11876,0.00472,1,1756982586,1756982586445,2025-09-04 11:43:10
530,422.3326,422.3271,422.32985,0.0055,1,1756982590,1756982590802,2025-09-04 11:43:20
531,3.0395,3.03511,3.037305,0.00439,1,1757676048,1757676048875,2025-09-12 12:20:50
532,0.0,0.0,0.0,0.0,1,1757631646,1757631646405,2025-09-12 00:00:50
533,0.33331,0.32988,0.331595,0.00343,1,1757394030,1757394030586,2025-09-09 06:00:40
534,0.7455,0.7125,0.729,0.033,1,1757394021,1757394021588,2025-09-09 06:00:30
535,0.9972,0.9961,0.99665,0.0011,1,1756982524,1756982524552,2025-09-04 11:42:10
536,1.123,1.119,1.121,0.004,1,1756982481,1756982481814,2025-09-04 11:41:30
537,1753.0,1740.0,1746.5,13.0,1,1757676048,1757676048796,2025-09-12 12:20:50
538,0.000993,0.00096,0.0009765,0.000033,1,1757676007,1757676007918,2025-09-12 12:20:10
539,0.025,0.02419,0.024595,0.00081,1,1757676044,1757676044435,2025-09-12 12:20:50
540,0.00697,0.00609,0.00653,0.00088,1,1757676029,1757676029530,2025-09-12 12:20:30
541,41.04,40.1,40.57,0.94,1,1756982580,1756982580413,2025-09-04 11:43:10
542,0.01224,0.01121,0.011725,0.00103,1,1757676016,1757676016154,2025-09-12 12:20:20
543,2147.0,2066.0,2106.5,81.0,1,1784152038,1784152038119,2026-07-15 21:47:20
544,350.46,348.85,349.655,1.61,1,1745531803,1745531803176,2025-04-24 21:57:00
545,2147.0,2066.0,2106.5,81.0,1,1784152038,1784152038120,2026-07-15 21:47:20
546,0.05707,0.05442,0.055745,0.00265,1,1784151968,1784151968681,2026-07-15 21:46:14
547,0.8715,0.8205,0.846,0.051,1,1784152138,1784152138962,2026-07-15 21:48:59
548,4.37225,4.28675,4.3295,0.0855,1,1784152021,1784152021247,2026-07-15 21:47:02
549,0.08898,0.08482,0.0869,0.00416,1,1784152097,1784152097111,2026-07-15 21:48:17
550,0.2448,0.2409,0.24285,0.0039,1,1756982586,1756982586417,2025-09-04 11:43:10
551,323.885,323.295,323.59,0.59,1,1756982588,1756982588809,2025-09-04 11:43:10
552,0.82037,0.81915,0.81976,0.00122,1,1756982591,1756982591078,2025-09-04 11:43:20
553,0.2333,0.228,0.23065,0.0053,1,1756982550,1756982550849,2025-09-04 11:42:40
554,0.3656,0.3374,0.3515,0.0282,1,1756982413,1756982413230,2025-09-04 11:40:20
555,0.01509,0.01454,0.014815,0.00055,1,1756982424,1756982424176,2025-09-04 11:40:30
556,0.587,0.548,0.5675,0.039,1,1756982579,1756982579384,2025-09-04 11:43:00
557,6.374,6.23,6.302,0.144,1,1756982582,1756982582394,2025-09-04 11:43:10
558,4.4572,4.3922,4.4247,0.065,1,1756982573,1756982573257,2025-09-04 11:43:00
559,0.0,0.0,0.0,0.0,1,1756877643,1756877643506,2025-09-03 06:34:10
560,0.15208,0.15066,0.15137,0.00142,1,1756982590,1756982590684,2025-09-04 11:43:20
561,588.89,587.51,588.2,1.38,1,1756982591,1756982591072,2025-09-04 11:43:20
562,111040.15,111029.56,111034.855,10.59,1,1756982591,1756982591056,2025-09-04 11:43:20
563,0.0514,0.0451,0.04825,0.0063,1,1756982178,1756982178290,2025-09-04 11:36:20
564,2.3568,2.356,2.3564,0.0008,1,1756982588,1756982588952,2025-09-04 11:43:10
565,0.3,0.283,0.2915,0.017,1,1756981913,1756981913102,2025-09-04 11:32:00
566,0.00759,0.00741,0.0075,0.00018,1,1756982406,1756982406739,2025-09-04 11:40:10
567,0.09554,0.09386,0.0947,0.00168,1,1756982582,1756982582542,2025-09-04 11:43:10
568,0.039926,0.038624,0.039275,0.001302,1,1756982587,1756982587263,2025-09-04 11:43:10
569,42.757,42.113,42.435,0.644,1,1756982590,1756982590237,2025-09-04 11:43:20
570,0.76482,0.76345,0.764135,0.00137,1,1756982544,1756982544254,2025-09-04 11:42:30
571,1.0014,0.9988,1.0001,0.0026,1,1756982591,1756982591163,2025-09-04 11:43:20
572,837.6,803.4,820.5,34.2,1,1756877643,1756877643765,2025-09-03 06:34:10
573,0.000742,0.000729,0.0007355,0.000013,1,1756982583,1756982583661,2025-09-04 11:43:10
574,0.0451,0.0424,0.04375,0.0027,1,1756982582,1756982582182,2025-09-04 11:43:10
575,0.21659,0.21589,0.21624,0.0007,1,1756982590,1756982590861,2025-09-04 11:43:20
576,3.795,3.7877,3.79135,0.0073,1,1756982591,1756982591151,2025-09-04 11:43:20
577,24.601,22.659,23.63,1.942,1,1756982580,1756982580416,2025-09-04 11:43:10
578,0.595,0.576,0.5855,0.019,1,1756982409,1756982409413,2025-09-04 11:40:10
579,14.25,13.45,13.85,0.8,1,1756982584,1756982584107,2025-09-04 11:43:10
580,0.024,-0.024,0.0,0.048,1,1756877643,1756877643842,2025-09-03 06:34:10
581,20.4915,20.4565,20.474,0.035,1,1756982587,1756982587187,2025-09-04 11:43:10
582,4424.0,4422.41,4423.205,1.59,1,1756982590,1756982590827,2025-09-04 11:43:20
583,2.42,2.15,2.285,0.27,1,1756982531,1756982531812,2025-09-04 11:42:20
584,0.416,0.389,0.4025,0.027,1,1756981738,1756981738792,2025-09-04 11:29:00
585,0.002075,-0.002075,0.0,0.00415,1,1756877643,1756877643926,2025-09-03 06:34:10
586,0.01619,0.01542,0.015805,0.00077,1,1756982550,1756982550671,2025-09-04 11:42:40
587,0.06809,0.06663,0.06736,0.00146,1,1756982591,1756982591096,2025-09-04 11:43:20
588,132.0915,131.8385,131.965,0.253,1,1756982541,1756982541309,2025-09-04 11:42:30
589,0.08839,0.08685,0.08762,0.00154,1,1756982585,1756982585636,2025-09-04 11:43:10
590,0.21497,0.21393,0.21445,0.00104,1,1756982585,1756982585225,2025-09-04 11:43:10
591,0.5117,0.5071,0.5094,0.0046,1,1756982587,1756982587276,2025-09-04 11:43:10
592,0.1874,0.1831,0.18525,0.0043,1,1756982582,1756982582514,2025-09-04 11:43:10
593,0.3832,0.3587,0.37095,0.0245,1,1756982587,1756982587409,2025-09-04 11:43:10
594,0.3772,0.3575,0.36735,0.0197,1,1756982555,1756982555039,2025-09-04 11:42:40
595,15.4545,14.5655,15.01,0.889,1,1756982591,1756982591141,2025-09-04 11:43:20
596,23.368,23.348,23.358,0.02,1,1756982589,1756982589902,2025-09-04 11:43:10
597,0.1052,0.0966,0.1009,0.0086,1,1756982576,1756982576183,2025-09-04 11:43:00
598,111.409,111.288,111.3485,0.121,1,1756982590,1756982590838,2025-09-04 11:43:20
599,0.14527,0.14523,0.14525,0.00004,1,1756982573,1756982573934,2025-09-04 11:43:00
600,0.2882,0.2725,0.28035,0.0157,1,1756982581,1756982581276,2025-09-04 11:43:10
601,2.4405,2.3855,2.413,0.055,1,1756982584,1756982584412,2025-09-04 11:43:10
602,0.17653,0.17203,0.17428,0.0045,1,1756982541,1756982541165,2025-09-04 11:42:30
603,0.25868,0.25644,0.25756,0.00224,1,1756982541,1756982541218,2025-09-04 11:42:30
604,2.79155,2.78768,2.789615,0.00387,1,1756982559,1756982559978,2025-09-04 11:42:50
605,3.3722,3.3538,3.363,0.0184,1,1756982587,1756982587435,2025-09-04 11:43:10
606,0.0,0.0,0.0,0.0,1,1756877644,1756877644304,2025-09-03 06:34:10
607,0.02407,0.02382,0.023945,0.00025,1,1756982523,1756982523339,2025-09-04 11:42:10
608,0.007382,0.007328,0.007355,0.000054,1,1756982586,1756982586748,2025-09-04 11:43:10
609,0.01304,0.01272,0.01288,0.00032,1,1756982513,1756982513865,2025-09-04 11:42:00
610,0.2833,0.2693,0.2763,0.014,1,1756982585,1756982585635,2025-09-04 11:43:10
611,0.00001231,0.00001213,0.00001222,0.00000018,1,1756982573,1756982573575,2025-09-04 11:43:00
612,0.69,0.635,0.6625,0.055,1,1756982587,1756982587851,2025-09-04 11:43:10
613,207.8925,207.8175,207.855,0.075,1,1756982585,1756982585967,2025-09-04 11:43:10
614,0.7666,0.7504,0.7585,0.0162,1,1756982588,1756982588291,2025-09-04 11:43:10
615,0.1718,0.1669,0.16935,0.0049,1,1756982582,1756982582411,2025-09-04 11:43:10
616,0.7775,0.7565,0.767,0.021,1,1756982582,1756982582352,2025-09-04 11:43:10
617,0.34039,0.33692,0.338655,0.00347,1,1756982589,1756982589869,2025-09-04 11:43:10
618,9.461,9.42,9.4405,0.041,1,1756982587,1756982587540,2025-09-04 11:43:10
619,0.06669,0.06624,0.066465,0.00045,1,1756982587,1756982587736,2025-09-04 11:43:10
620,0.00005,-0.00005,0.0,0.0001,1,1756877643,1756877643466,2025-09-03 06:34:10
621,0.65505,0.65495,0.655,0.0001,1,1756877643,1756877643470,2025-09-03 06:34:10
623,0.63515,0.63505,0.6351,0.0001,1,1741468383,1741468383916,2025-03-30 01:02:00
624,0.00005,-0.00005,0.0,0.0001,1,1756877643,1756877643626,2025-09-03 06:34:10
625,0.00005,-0.00005,0.0,0.0001,1,1756877643,1756877643628,2025-09-03 06:34:10
627,0.70465,0.70455,0.7046,0.0001,1,1741468383,1741468383916,2025-03-30 01:02:00
628,0.00025,-0.00025,0.0,0.0005,1,1756877643,1756877643677,2025-09-03 06:34:10
629,1.2536,1.2531,1.25335,0.0005,1,1756877643,1756877643683,2025-09-03 06:34:10
631,1.1183,1.1178,1.11805,0.0005,1,1741468383,1741468383916,2025-03-30 01:02:00
632,0.00005,-0.00005,0.0,0.0001,1,1756877643,1756877643864,2025-09-03 06:34:10
633,0.00005,-0.00005,0.0,0.0001,1,1756877643,1756877643864,2025-09-03 06:34:10
635,0.82875,0.82865,0.8287,0.0001,1,1741468383,1741468383916,2025-03-30 01:02:00
637,1.16125,1.16115,1.1612,0.0001,1,1756877643,1756877643879,2025-09-03 06:34:10
639,1.0343,1.0342,1.03425,0.0001,1,1741468383,1741468383589,2025-03-30 01:02:00
640,0.00025,-0.00025,0.0,0.0005,1,1756877643,1756877643951,2025-09-03 06:34:10
641,1.3621,1.3616,1.36185,0.0005,1,1756877643,1756877643955,2025-09-03 06:34:10
643,1.2353,1.2348,1.23505,0.0005,1,1741468383,1741468383918,2025-03-30 01:02:00
644,0.00001,-0.00001,0.0,0.00002,1,1756877644,1756877644096,2025-09-03 06:34:10
645,0.00001,-0.00001,0.0,0.00002,1,1756877644,1756877644097,2025-09-03 06:34:10
647,0.00641,0.00639,0.0064,0.00002,1,1741468383,1741468383919,2025-03-30 01:02:00
648,0.000075,-0.000075,0.0,0.00015,1,1756877644,1756877644229,2025-09-03 06:34:10
649,0.000075,-0.000075,0.0,0.00015,1,1756877644,1756877644231,2025-09-03 06:34:10
651,0.58513,0.58498,0.585055,0.00015,1,1741468383,1741468383919,2025-03-30 01:02:00
652,2.5,-2.5,0.0,5.0,1,1756877643,1756877643655,2025-09-03 06:34:10
653,2.5,-2.5,0.0,5.0,1,1756877643,1756877643655,2025-09-03 06:34:10
654,2.5,-2.5,0.0,5.0,1,1756877643,1756877643655,2025-09-03 06:34:10
656,7494.0,7489.0,7491.5,5.0,1,1756982207,1756982207388,2025-09-04 11:36:50
657,11300.0,11295.0,11297.5,5.0,1,1734127513,1734127513541,2025-03-30 01:02:00
658,7644.0,7639.0,7641.5,5.0,1,1756982580,1756982580260,2025-09-04 11:43:10
659,0.0,0.0,0.0,0.0,1,1756877643,1756877643659,2025-09-03 06:34:10
660,0.0,0.0,0.0,0.0,1,1756877643,1756877643659,2025-09-03 06:34:10
661,0.0,0.0,0.0,0.0,1,1756877643,1756877643660,2025-09-03 06:34:10
663,5256.0,5245.0,5250.5,11.0,1,1756982551,1756982551119,2025-09-04 11:42:40
664,8344.0,8185.0,8264.5,159.0,1,1734044498,1734044498923,2025-03-30 01:02:00
665,5237.0,5228.0,5232.5,9.0,1,1756982551,1756982551120,2025-09-04 11:42:40
666,0.15,-0.15,0.0,0.3,1,1756877643,1756877643712,2025-09-03 06:34:10
667,0.15,-0.15,0.0,0.3,1,1756877643,1756877643713,2025-09-03 06:34:10
668,0.15,-0.15,0.0,0.3,1,1756877643,1756877643713,2025-09-03 06:34:10
670,382.75,382.45,382.6,0.3,1,1756982590,1756982590896,2025-09-04 11:43:20
671,333.15,332.85,333.0,0.3,1,1741468383,1741468383916,2025-03-30 01:02:00
672,371.35,371.05,371.2,0.3,1,1756982590,1756982590896,2025-09-04 11:43:20
673,2.5,-2.5,0.0,5.0,1,1756877643,1756877643715,2025-09-03 06:34:10
674,2.5,-2.5,0.0,5.0,1,1756877643,1756877643715,2025-09-03 06:34:10
675,2.5,-2.5,0.0,5.0,1,1756877643,1756877643716,2025-09-03 06:34:10
676,3531.0,3526.0,3528.5,5.0,1,1756877643,1756877643716,2025-09-03 06:34:10
678,4563.0,4558.0,4560.5,5.0,1,1756982582,1756982582004,2025-09-04 11:43:10
679,5249.0,5244.0,5246.5,5.0,1,1732575687,1732575687381,2025-03-30 01:02:00
680,4388.0,4383.0,4385.5,5.0,1,1756982582,1756982582003,2025-09-04 11:43:10
681,0.44,-0.44,0.0,0.88,1,1756877643,1756877643736,2025-09-03 06:34:10
682,0.44,-0.44,0.0,0.88,1,1756877643,1756877643736,2025-09-03 06:34:10
683,417.84,416.96,417.4,0.88,1,1756877643,1756877643736,2025-09-03 06:34:10
685,397.44,396.56,397.0,0.88,1,1756982058,1756982058558,2025-09-04 11:34:20
686,423.69,422.81,423.25,0.88,1,1741468383,1741468383913,2025-03-30 01:02:00
687,417.82,416.94,417.38,0.88,1,1756982587,1756982587456,2025-09-04 11:43:10
689,0.1,-0.1,0.0,0.2,1,1756877643,1756877643744,2025-09-03 06:34:10
690,0.1,-0.1,0.0,0.2,1,1756877643,1756877643744,2025-09-03 06:34:10
691,0.1,-0.1,0.0,0.2,1,1756877643,1756877643744,2025-09-03 06:34:10
692,74.65,74.45,74.55,0.2,1,1729612948,1729612948529,2025-03-30 01:02:00
693,64.69,64.49,64.59,0.2,1,1756982586,1756982586443,2025-09-04 11:43:10
695,0.1,-0.1,0.0,0.2,1,1756877643,1756877643745,2025-09-03 06:34:10
696,69.17,68.97,69.07,0.2,1,1733522711,1733522711916,2025-03-30 01:02:00
697,66.2,66.0,66.1,0.2,1,1756982586,1756982586439,2025-09-04 11:43:10
698,0.2,-0.2,0.0,0.4,1,1756877644,1756877644010,2025-09-03 06:34:10
699,0.2,-0.2,0.0,0.4,1,1756877644,1756877644011,2025-09-03 06:34:10
700,0.2,-0.2,0.0,0.4,1,1756877644,1756877644012,2025-09-03 06:34:10
701,0.2,-0.2,0.0,0.4,1,1756877644,1756877644013,2025-09-03 06:34:10
702,0.2,-0.2,0.0,0.4,1,1756877644,1756877644013,2025-09-03 06:34:10
703,109.875,109.475,109.675,0.4,1,1756877644,1756877644014,2025-09-03 06:34:10
704,84.28,83.88,84.08,0.4,1,1728924984,1728924984083,2025-03-30 01:02:00
705,94.45,94.05,94.25,0.4,1,1756910660,1756910660492,2025-09-03 15:44:30
706,83.88,83.48,83.68,0.4,1,1741468383,1741468383916,2025-03-30 01:02:00
707,87.675,87.275,87.475,0.4,1,1756910660,1756910660495,2025-09-03 15:44:30
708,0.1,-0.1,0.0,0.2,1,1756877644,1756877644112,2025-09-03 06:34:10
709,0.1,-0.1,0.0,0.2,1,1756877644,1756877644113,2025-09-03 06:34:10
711,0.1,-0.1,0.0,0.2,1,1756877644,1756877644113,2025-09-03 06:34:10
712,232.55,232.35,232.45,0.2,1,1756877644,1756877644114,2025-09-03 06:34:10
713,187.1,186.9,187.0,0.2,1,1728065095,1728065095003,2025-03-30 01:02:00
714,237.55,237.35,237.45,0.2,1,1756910657,1756910657062,2025-09-03 15:44:20
715,187.3,187.1,187.2,0.2,1,1733508197,1733508197444,2025-03-30 01:02:00
716,239.313,239.113,239.213,0.2,1,1756910660,1756910660518,2025-09-03 15:44:30
717,0.47,-0.47,0.0,0.94,1,1756877644,1756877644266,2025-09-03 06:34:10
718,0.47,-0.47,0.0,0.94,1,1756877644,1756877644266,2025-09-03 06:34:10
719,0.47,-0.47,0.0,0.94,1,1756877644,1756877644267,2025-09-03 06:34:10
720,215.47,214.53,215.0,0.94,1,1756877644,1756877644267,2025-09-03 06:34:10
722,233.47,232.53,233.0,0.94,1,1756877644,1756877644267,2025-09-03 06:34:10
723,514.47,513.53,514.0,0.94,1,1738444297,1738444297899,2025-03-30 01:02:00
724,244.72,243.78,244.25,0.94,1,1756910654,1756910654066,2025-09-03 15:44:20
725,0.09,-0.09,0.0,0.18,1,1756877644,1756877644378,2025-09-03 06:34:10
726,0.09,-0.09,0.0,0.18,1,1756877644,1756877644378,2025-09-03 06:34:10
727,0.09,-0.09,0.0,0.18,1,1756877644,1756877644378,2025-09-03 06:34:10
728,22.77,22.59,22.68,0.18,1,1729612948,1729612948529,2025-03-30 01:02:00
729,16.0,15.82,15.91,0.18,1,1756982504,1756982504464,2025-09-04 11:41:50
730,1.0,-1.0,0.0,2.0,1,1756877644,1756877644378,2025-09-03 06:34:10
731,1.0,-1.0,0.0,2.0,1,1756877644,1756877644379,2025-09-03 06:34:10
732,1.0,-1.0,0.0,2.0,1,1756877644,1756877644379,2025-09-03 06:34:10
734,481.6,479.6,480.6,2.0,1,1756982570,1756982570460,2025-09-04 11:43:00
735,546.0,544.0,545.0,2.0,1,1731711669,1731711669438,2025-03-30 01:02:00
736,464.4,462.4,463.4,2.0,1,1756982570,1756982570460,2025-09-04 11:43:00
737,0.5,-0.5,0.0,1.0,1,1756877644,1756877644383,2025-09-03 06:34:10
738,0.5,-0.5,0.0,1.0,1,1756877644,1756877644383,2025-09-03 06:34:10
739,0.5,-0.5,0.0,1.0,1,1756877644,1756877644383,2025-09-03 06:34:10
740,0.5,-0.5,0.0,1.0,1,1756877644,1756877644384,2025-09-03 06:34:10
741,1006.0,1005.0,1005.5,1.0,1,1756877644,1756877644384,2025-09-03 06:34:10
743,1010.75,1009.75,1010.25,1.0,1,1756982580,1756982580974,2025-09-04 11:43:10
744,977.63,976.63,977.13,1.0,1,1731603537,1731603537483,2025-03-30 01:02:00
745,1026.75,1025.75,1026.25,1.0,1,1756982579,1756982579842,2025-09-04 11:43:00
746,0.04,-0.04,0.0,0.08,1,1756877644,1756877644384,2025-09-03 06:34:10
747,0.04,-0.04,0.0,0.08,1,1756877644,1756877644385,2025-09-03 06:34:10
748,0.04,-0.04,0.0,0.08,1,1756877644,1756877644385,2025-09-03 06:34:10
749,0.04,-0.04,0.0,0.08,1,1756877644,1756877644385,2025-09-03 06:34:10
750,52.03,51.95,51.99,0.08,1,1756877644,1756877644385,2025-09-03 06:34:10
752,51.01,50.93,50.97,0.08,1,1756982584,1756982584029,2025-09-04 11:43:10
753,41.81,41.73,41.77,0.08,1,1728936066,1728936066257,2025-03-30 01:02:00
754,51.27,51.19,51.23,0.08,1,1756982583,1756982583913,2025-09-04 11:43:10
755,42.31,42.23,42.27,0.08,1,1741468383,1741468383919,2025-03-30 01:02:00
756,51.67,51.59,51.63,0.08,1,1756982583,1756982583913,2025-09-04 11:43:10
757,0.5,-0.5,0.0,1.0,1,1756877644,1756877644386,2025-09-03 06:34:10
758,0.5,-0.5,0.0,1.0,1,1756877644,1756877644386,2025-09-03 06:34:10
759,0.5,-0.5,0.0,1.0,1,1756877644,1756877644386,2025-09-03 06:34:10
760,0.5,-0.5,0.0,1.0,1,1756877644,1756877644387,2025-09-03 06:34:10
761,282.65,281.65,282.15,1.0,1,1756877644,1756877644387,2025-09-03 06:34:10
763,276.95,275.95,276.45,1.0,1,1756982585,1756982585171,2025-09-04 11:43:10
764,318.25,317.25,317.75,1.0,1,1738444297,1738444297919,2025-03-30 01:02:00
765,277.65,276.65,277.15,1.0,1,1756982574,1756982574271,2025-09-04 11:43:00
766,284.55,283.55,284.05,1.0,1,1738444297,1738444297919,2025-03-30 01:02:00
767,282.25,281.25,281.75,1.0,1,1756982580,1756982580171,2025-09-04 11:43:10
768,0.75,-0.75,0.0,1.5,1,1756877644,1756877644499,2025-09-03 06:34:10
769,0.75,-0.75,0.0,1.5,1,1756877644,1756877644499,2025-09-03 06:34:10
770,0.75,-0.75,0.0,1.5,1,1756877644,1756877644500,2025-09-03 06:34:10
772,497.88,496.38,497.13,1.5,1,1756982286,1756982286169,2025-09-04 11:38:10
773,534.63,533.13,533.88,1.5,1,1741468383,1741468383925,2025-03-30 01:02:00
774,515.88,514.38,515.13,1.5,1,1756982580,1756982580199,2025-09-04 11:43:10
775,1.5,-1.5,0.0,3.0,1,1756877644,1756877644681,2025-09-03 06:34:10
776,1.5,-1.5,0.0,3.0,1,1756877644,1756877644681,2025-09-03 06:34:10
777,1.5,-1.5,0.0,3.0,1,1756877644,1756877644681,2025-09-03 06:34:10
779,301.4,298.4,299.9,3.0,1,1756909225,1756909225921,2025-09-03 15:20:30
780,341.6,338.6,340.1,3.0,1,1738570563,1738570563088,2025-03-30 01:02:00
781,328.1,325.1,326.6,3.0,1,1756909225,1756909225922,2025-09-03 15:20:30
782,0.075,-0.075,0.0,0.15,1,1756877644,1756877644681,2025-09-03 06:34:10
783,0.075,-0.075,0.0,0.15,1,1756877644,1756877644682,2025-09-03 06:34:10
784,0.075,-0.075,0.0,0.15,1,1756877644,1756877644682,2025-09-03 06:34:10
785,0.075,-0.075,0.0,0.15,1,1756877644,1756877644682,2025-09-03 06:34:10
787,11.795,11.645,11.72,0.15,1,1756910385,1756910385080,2025-09-03 15:39:50
788,14.6,14.45,14.525,0.15,1,1741468383,1741468383925,2025-03-30 01:02:00
789,12.143,11.993,12.068,0.15,1,1756910384,1756910384896,2025-09-03 15:39:50
792,84.786,84.672,84.729,0.114,1,1784149190,1784149190738,2026-07-15 20:59:53
793,3.353,3.3483,3.35065,0.0047,1,1784149199,1784149199804,2026-07-15 21:00:05
794,1150.75,1146.0,1148.375,4.75,1,1784151966,1784151966714,2026-07-15 21:46:11
795,2.903,2.884,2.8935,0.019,1,1784149191,1784149191950,2026-07-15 20:59:53
796,63.193,63.175,63.184,0.018,1,1756982587,1756982587337,2025-09-04 11:43:10
797,80.87,80.77,80.82,0.1,1,1784149199,1784149199886,2026-07-15 21:00:02
798,0.03,-0.03,0.0,0.06,1,1756877643,1756877643584,2025-09-03 06:34:10
799,0.03,-0.03,0.0,0.06,1,1756877643,1756877643585,2025-09-03 06:34:10
800,0.03,-0.03,0.0,0.06,1,1756877643,1756877643585,2025-09-03 06:34:10
801,0.03,-0.03,0.0,0.06,1,1756877643,1756877643585,2025-09-03 06:34:10
802,74.75,74.69,74.72,0.06,1,1756877643,1756877643586,2025-09-03 06:34:10
803,0.03,-0.03,0.0,0.06,1,1756877643,1756877643586,2025-09-03 06:34:10
804,0.03,-0.03,0.0,0.06,1,1756877643,1756877643587,2025-09-03 06:34:10
805,67.54,67.48,67.51,0.06,1,1756877643,1756877643587,2025-09-03 06:34:10
807,73.23,73.17,73.2,0.06,1,1756877643,1756877643587,2025-09-03 06:34:10
809,68.24,68.18,68.21,0.06,1,1756877643,1756877643588,2025-09-03 06:34:10
810,70.52,70.46,70.49,0.06,1,1728885898,1728885898332,2025-03-30 01:02:00
811,67.065,67.005,67.035,0.06,1,1756982581,1756982581025,2025-09-04 11:43:10
812,73.13,73.07,73.1,0.06,1,1732178765,1732178765566,2025-03-30 01:02:00
813,66.605,66.545,66.575,0.06,1,1756982580,1756982580261,2025-09-04 11:43:10
814,0.04,-0.04,0.0,0.08,1,1756877643,1756877643730,2025-09-03 06:34:10
815,0.04,-0.04,0.0,0.08,1,1756877643,1756877643730,2025-09-03 06:34:10
816,0.04,-0.04,0.0,0.08,1,1756877643,1756877643731,2025-09-03 06:34:10
817,0.04,-0.04,0.0,0.08,1,1756877643,1756877643731,2025-09-03 06:34:10
818,0.04,-0.04,0.0,0.08,1,1756877643,1756877643731,2025-09-03 06:34:10
819,0.04,-0.04,0.0,0.08,1,1756877643,1756877643731,2025-09-03 06:34:10
820,0.04,-0.04,0.0,0.08,1,1756877643,1756877643732,2025-09-03 06:34:10
821,72.45,72.37,72.41,0.08,1,1756877643,1756877643732,2025-09-03 06:34:10
823,63.99,63.91,63.95,0.08,1,1756877643,1756877643733,2025-09-03 06:34:10
825,63.48,63.4,63.44,0.08,1,1756982580,1756982580182,2025-09-04 11:43:10
826,71.38,71.3,71.34,0.08,1,1729895463,1729895463913,2025-03-30 01:02:00
827,63.05,62.97,63.01,0.08,1,1756982587,1756982587345,2025-09-04 11:43:10
828,72.54,72.46,72.5,0.08,1,1732319976,1732319976750,2025-03-30 01:02:00
829,62.72,62.64,62.68,0.08,1,1756982580,1756982580233,2025-09-04 11:43:10
830,0.0625,-0.0625,0.0,0.125,1,1756877643,1756877643812,2025-09-03 06:34:10
831,0.0625,-0.0625,0.0,0.125,1,1756877643,1756877643813,2025-09-03 06:34:10
832,0.0625,-0.0625,0.0,0.125,1,1756877643,1756877643813,2025-09-03 06:34:10
833,0.0625,-0.0625,0.0,0.125,1,1756877643,1756877643813,2025-09-03 06:34:10
834,0.0625,-0.0625,0.0,0.125,1,1756877643,1756877643814,2025-09-03 06:34:10
835,0.0625,-0.0625,0.0,0.125,1,1756877643,1756877643814,2025-09-03 06:34:10
836,0.0625,-0.0625,0.0,0.125,1,1756877643,1756877643814,2025-09-03 06:34:10
837,73.088,72.963,73.0255,0.125,1,1756877643,1756877643815,2025-09-03 06:34:10
839,64.688,64.563,64.6255,0.125,1,1756877643,1756877643815,2025-09-03 06:34:10
841,63.498,63.373,63.4355,0.125,1,1756982496,1756982496196,2025-09-04 11:41:40
842,72.713,72.588,72.6505,0.125,1,1729900713,1729900713178,2025-03-30 01:02:00
843,63.088,62.963,63.0255,0.125,1,1756982512,1756982512957,2025-09-04 11:42:00
844,53.363,53.238,53.3005,0.125,1,1732319976,1732319976794,2025-03-30 01:02:00
845,62.738,62.613,62.6755,0.125,1,1756982496,1756982496196,2025-09-04 11:41:40
846,0.0075,-0.0075,0.0,0.015,1,1756877643,1756877643834,2025-09-03 06:34:10
847,0.0075,-0.0075,0.0,0.015,1,1756877643,1756877643834,2025-09-03 06:34:10
848,0.0075,-0.0075,0.0,0.015,1,1756877643,1756877643835,2025-09-03 06:34:10
849,0.0075,-0.0075,0.0,0.015,1,1756877643,1756877643836,2025-09-03 06:34:10
850,0.0075,-0.0075,0.0,0.015,1,1756877643,1756877643836,2025-09-03 06:34:10
851,0.0075,-0.0075,0.0,0.015,1,1756877643,1756877643836,2025-09-03 06:34:10
852,0.0075,-0.0075,0.0,0.015,1,1756877643,1756877643836,2025-09-03 06:34:10
853,3.092,3.077,3.0845,0.015,1,1756877643,1756877643837,2025-09-03 06:34:10
855,2.85,2.835,2.8425,0.015,1,1756877643,1756877643837,2025-09-03 06:34:10
857,3.111,3.096,3.1035,0.015,1,1756982586,1756982586203,2025-09-04 11:43:10
858,2.413,2.398,2.4055,0.015,1,1730504785,1730504785416,2025-03-30 01:02:00
859,3.406,3.391,3.3985,0.015,1,1756982580,1756982580386,2025-09-04 11:43:10
860,3.071,3.056,3.0635,0.015,1,1733434359,1733434359412,2025-03-30 01:02:00
861,3.953,3.938,3.9455,0.015,1,1756982586,1756982586198,2025-09-04 11:43:10
862,0.0006,-0.0006,0.0,0.0012,1,1756877643,1756877643932,2025-09-03 06:34:10
863,0.0006,-0.0006,0.0,0.0012,1,1756877643,1756877643932,2025-09-03 06:34:10
864,0.0006,-0.0006,0.0,0.0012,1,1756877643,1756877643933,2025-09-03 06:34:10
865,0.0006,-0.0006,0.0,0.0012,1,1756877643,1756877643933,2025-09-03 06:34:10
866,0.0006,-0.0006,0.0,0.0012,1,1756877643,1756877643933,2025-09-03 06:34:10
867,0.0006,-0.0006,0.0,0.0012,1,1756877643,1756877643934,2025-09-03 06:34:10
868,0.0006,-0.0006,0.0,0.0012,1,1756877643,1756877643934,2025-09-03 06:34:10
869,671.45,670.95,671.2,0.5,1,1756877643,1756877643935,2025-09-03 06:34:10
870,0.25,-0.25,0.0,0.5,1,1756877643,1756877643935,2025-09-03 06:34:10
871,695.93,695.43,695.68,0.5,1,1756982590,1756982590447,2025-09-04 11:43:20
872,706.38,705.88,706.13,0.5,1,1738444297,1738444297908,2025-03-30 01:02:00
873,689.63,689.13,689.38,0.5,1,1756982557,1756982557854,2025-09-04 11:42:40
874,664.0,663.5,663.75,0.5,1,1738444297,1738444297918,2025-03-30 01:02:00
875,676.13,675.63,675.88,0.5,1,1756982555,1756982555891,2025-09-04 11:42:40
876,679.25,678.75,679.0,0.5,1,1738444297,1738444297899,2025-03-30 01:02:00
877,661.75,661.25,661.5,0.5,1,1756982412,1756982412688,2025-09-04 11:40:20
878,0.0006,-0.0006,0.0,0.0012,1,1756877643,1756877643938,2025-09-03 06:34:10
879,0.0006,-0.0006,0.0,0.0012,1,1756877643,1756877643938,2025-09-03 06:34:10
880,0.0006,-0.0006,0.0,0.0012,1,1756877643,1756877643938,2025-09-03 06:34:10
881,0.0006,-0.0006,0.0,0.0012,1,1756877643,1756877643939,2025-09-03 06:34:10
882,0.0006,-0.0006,0.0,0.0012,1,1756877643,1756877643939,2025-09-03 06:34:10
883,0.0006,-0.0006,0.0,0.0012,1,1756877643,1756877643940,2025-09-03 06:34:10
884,0.0006,-0.0006,0.0,0.0012,1,1756877643,1756877643940,2025-09-03 06:34:10
885,2.2242,2.223,2.2236,0.0012,1,1756877643,1756877643942,2025-09-03 06:34:10
887,2.2209,2.2197,2.2203,0.0012,1,1756877643,1756877643942,2025-09-03 06:34:10
888,1.9699,1.9687,1.9693,0.0012,1,1738444297,1738444297918,2025-03-30 01:02:00
889,2.0113,2.0101,2.0107,0.0012,1,1756982590,1756982590732,2025-09-04 11:43:20
890,2.0057,2.0045,2.0051,0.0012,1,1738444297,1738444297899,2025-03-30 01:02:00
891,1.9468,1.9456,1.9462,0.0012,1,1756982590,1756982590398,2025-09-04 11:43:20
892,1.9327,1.9315,1.9321,0.0012,1,1738444297,1738444297858,2025-03-30 01:02:00
893,1.8935,1.8923,1.8929,0.0012,1,1756982584,1756982584896,2025-09-04 11:43:10
894,0.0055,-0.0055,0.0,0.011,1,1756877644,1756877644036,2025-09-03 06:34:10
895,0.0055,-0.0055,0.0,0.011,1,1756877644,1756877644036,2025-09-03 06:34:10
896,0.0055,-0.0055,0.0,0.011,1,1756877644,1756877644036,2025-09-03 06:34:10
897,0.0055,-0.0055,0.0,0.011,1,1756877644,1756877644036,2025-09-03 06:34:10
898,0.0055,-0.0055,0.0,0.011,1,1756877644,1756877644037,2025-09-03 06:34:10
899,0.0055,-0.0055,0.0,0.011,1,1756877644,1756877644037,2025-09-03 06:34:10
900,0.0055,-0.0055,0.0,0.011,1,1756877644,1756877644037,2025-09-03 06:34:10
901,2.41,2.399,2.4045,0.011,1,1756877644,1756877644038,2025-09-03 06:34:10
903,2.168,2.157,2.1625,0.011,1,1756902774,1756902774815,2025-09-03 13:33:00
905,2.3302,2.3192,2.3247,0.011,1,1756982584,1756982584163,2025-09-04 11:43:10
906,2.2283,2.2173,2.2228,0.011,1,1741468383,1741468383913,2025-03-30 01:02:00
907,2.3205,2.3095,2.315,0.011,1,1756982582,1756982582972,2025-09-04 11:43:10
908,2.6978,2.6868,2.6923,0.011,1,1741468383,1741468383923,2025-03-30 01:02:00
909,2.2964,2.2854,2.2909,0.011,1,1756982584,1756982584176,2025-09-04 11:43:10
910,0.01,-0.01,0.0,0.02,1,1756877644,1756877644190,2025-09-03 06:34:10
911,0.01,-0.01,0.0,0.02,1,1756877644,1756877644190,2025-09-03 06:34:10
912,0.01,-0.01,0.0,0.02,1,1756877644,1756877644190,2025-09-03 06:34:10
913,0.01,-0.01,0.0,0.02,1,1756877644,1756877644191,2025-09-03 06:34:10
914,0.01,-0.01,0.0,0.02,1,1756877644,1756877644191,2025-09-03 06:34:10
915,3.19,3.17,3.18,0.02,1,1756877644,1756877644191,2025-09-03 06:34:10
916,0.01,-0.01,0.0,0.02,1,1756877644,1756877644191,2025-09-03 06:34:10
917,3.094,3.074,3.084,0.02,1,1756877644,1756877644192,2025-09-03 06:34:10
919,2.852,2.832,2.842,0.02,1,1756877644,1756877644192,2025-09-03 06:34:10
920,2.591,2.571,2.581,0.02,1,1731647762,1731647762866,2025-03-30 01:02:00
921,3.113,3.093,3.103,0.02,1,1756982586,1756982586167,2025-09-04 11:43:10
922,2.344,2.324,2.334,0.02,1,1731647826,1731647826913,2025-03-30 01:02:00
923,3.408,3.388,3.398,0.02,1,1756982580,1756982580333,2025-09-04 11:43:10
924,3.359,3.339,3.349,0.02,1,1741468383,1741468383924,2025-03-30 01:02:00
925,3.955,3.935,3.945,0.02,1,1756982586,1756982586165,2025-09-04 11:43:10
926,0.05,-0.05,0.0,0.1,1,1756877644,1756877644507,2025-09-03 06:34:10
927,0.05,-0.05,0.0,0.1,1,1756877644,1756877644507,2025-09-03 06:34:10
928,0.05,-0.05,0.0,0.1,1,1756877644,1756877644508,2025-09-03 06:34:10
929,0.05,-0.05,0.0,0.1,1,1756877644,1756877644508,2025-09-03 06:34:10
930,0.05,-0.05,0.0,0.1,1,1756877644,1756877644508,2025-09-03 06:34:10
931,0.05,-0.05,0.0,0.1,1,1756877644,1756877644509,2025-09-03 06:34:10
932,0.05,-0.05,0.0,0.1,1,1756877644,1756877644509,2025-09-03 06:34:10
933,66.52,66.42,66.47,0.1,1,1756877644,1756877644510,2025-09-03 06:34:10
935,64.68,64.58,64.63,0.1,1,1756877644,1756877644511,2025-09-03 06:34:10
937,63.49,63.39,63.44,0.1,1,1756982580,1756982580205,2025-09-04 11:43:10
938,70.64,70.54,70.59,0.1,1,1729549003,1729549003981,2025-03-30 01:02:00
939,63.06,62.96,63.01,0.1,1,1756982587,1756982587322,2025-09-04 11:43:10
940,69.41,69.31,69.36,0.1,1,1732040990,1732040990102,2025-03-30 01:02:00
941,62.73,62.63,62.68,0.1,1,1756982584,1756982584473,2025-09-04 11:43:10
942,0.007,-0.007,0.0,0.014,1,1756877643,1756877643725,2025-09-03 06:34:10
943,0.007,-0.007,0.0,0.014,1,1756877643,1756877643725,2025-09-03 06:34:10
944,0.007,-0.007,0.0,0.014,1,1756877643,1756877643725,2025-09-03 06:34:10
945,0.007,-0.007,0.0,0.014,1,1756877643,1756877643726,2025-09-03 06:34:10
946,5.2818,5.2678,5.2748,0.014,1,1756877643,1756877643726,2025-09-03 06:34:10
948,4.4943,4.4803,4.4873,0.014,1,1756982582,1756982582752,2025-09-04 11:43:10
949,4.0465,4.0325,4.0395,0.014,1,1732640398,1732640398915,2025-03-30 01:02:00
950,4.5413,4.5273,4.5343,0.014,1,1756982583,1756982583853,2025-09-04 11:43:10
951,4.1428,4.1288,4.1358,0.014,1,1741468383,1741468383913,2025-03-30 01:02:00
952,4.5655,4.5515,4.5585,0.014,1,1756982582,1756982582753,2025-09-04 11:43:10
953,0.5,-0.5,0.0,1.0,1,1756877643,1756877643979,2025-09-03 06:34:10
954,0.5,-0.5,0.0,1.0,1,1756877643,1756877643980,2025-09-03 06:34:10
955,0.5,-0.5,0.0,1.0,1,1756877643,1756877643980,2025-09-03 06:34:10
956,3405.2,3404.2,3404.7,1.0,1,1756877643,1756877643980,2025-09-03 06:34:10
957,2768.6,2767.6,2768.1,1.0,1,1730219400,1730219400068,2025-03-30 01:02:00
958,3575.0,3574.0,3574.5,1.0,1,1756982589,1756982589117,2025-09-04 11:43:10
959,2617.9,2616.9,2617.4,1.0,1,1741468383,1741468383916,2025-03-30 01:02:00
960,3604.4,3603.4,3603.9,1.0,1,1756982588,1756982588821,2025-09-04 11:43:10
961,1.5,-1.5,0.0,3.0,1,1756877644,1756877644271,2025-09-03 06:34:10
962,1.5,-1.5,0.0,3.0,1,1756877644,1756877644271,2025-09-03 06:34:10
963,1274.5,1271.5,1273.0,3.0,1,1756877644,1756877644271,2025-09-03 06:34:10
964,1088.3,1085.3,1086.8,3.0,1,1756877644,1756877644272,2025-09-03 06:34:10
966,1140.8,1137.8,1139.3,3.0,1,1756982581,1756982581480,2025-09-04 11:43:10
967,949.8,946.8,948.3,3.0,1,1741468383,1741468383916,2025-03-30 01:02:00
968,1158.8,1155.8,1157.3,3.0,1,1756982581,1756982581482,2025-09-04 11:43:10
969,2.5,-2.5,0.0,5.0,1,1756877644,1756877644280,2025-09-03 06:34:10
970,2.5,-2.5,0.0,5.0,1,1756877644,1756877644280,2025-09-03 06:34:10
971,1188.7,1183.7,1186.2,5.0,1,1756877644,1756877644280,2025-09-03 06:34:10
972,1344.2,1339.2,1341.7,5.0,1,1756877644,1756877644280,2025-09-03 06:34:10
973,1066.4,1061.4,1063.9,5.0,1,1730217900,1730217900692,2025-03-30 01:02:00
974,1412.7,1407.7,1410.2,5.0,1,1756982582,1756982582042,2025-09-04 11:43:10
975,0.015,-0.015,0.0,0.03,1,1756877644,1756877644345,2025-09-03 06:34:10
976,0.015,-0.015,0.0,0.03,1,1756877644,1756877644345,2025-09-03 06:34:10
977,0.015,-0.015,0.0,0.03,1,1756877644,1756877644345,2025-09-03 06:34:10
978,36.098,36.068,36.083,0.03,1,1756877644,1756877644346,2025-09-03 06:34:10
980,41.083,41.053,41.068,0.03,1,1756982589,1756982589118,2025-09-04 11:43:10
981,28.06,28.03,28.045,0.03,1,1741468383,1741468383924,2025-03-30 01:02:00
982,41.598,41.568,41.583,0.03,1,1756982589,1756982589111,2025-09-04 11:43:10
983,130.61,130.49,130.55,0.12,1,1784149174,1784149174200,2026-07-15 20:59:35
984,57.7849,57.7712,57.77805,0.0137,1,1784149211,1784149211263,2026-07-15 21:00:11
985,4060.54,4060.381,4060.4605,0.159,1,1784149184,1784149184761,2026-07-15 20:59:47
986,0.0,0.0,0.0,0.0,1,1784073654,1784073654737,2026-07-15 00:00:56
987,0.0,0.0,0.0,0.0,1,1784073654,1784073654738,2026-07-15 00:00:56
988,1321.4,1314.0,1317.7,7.4,1,1784149198,1784149198152,2026-07-15 20:59:59
989,1680.83,1675.28,1678.055,5.55,1,1784149199,1784149199961,2026-07-15 21:00:02
990,1102.43,1101.93,1102.18,0.5,1,1784152090,1784152090670,2026-07-15 21:48:11
991,8844.95,8843.25,8844.1,1.7,1,1784149202,1784149202297,2026-07-15 21:00:05
992,5624.59,5624.34,5624.465,0.25,1,1784129404,1784129404115,2026-07-15 15:30:05
993,2093.64,2091.64,2092.64,2.0,1,1784146412,1784146412538,2026-07-15 20:13:32
994,15424.0,15414.0,15419.0,10.0,1,1784149115,1784149115559,2026-07-15 20:58:38
995,4594.13,4594.03,4594.08,0.1,1,1760336115,1760336115013,2025-10-13 07:15:20
996,26401.6,26356.6,26379.1,45.0,1,1756982588,1756982588253,2025-09-04 11:43:10
997,31587.4,31507.4,31547.4,80.0,1,1756982588,1756982588248,2025-09-04 11:43:10
998,29338.1,29258.1,29298.1,80.0,1,1756982588,1756982588297,2025-09-04 11:43:10
999,24996.74,24991.44,24994.09,5.3,1,1784149206,1784149206984,2026-07-15 21:00:08
1000,16930.47,16930.37,16930.42,0.1,1,1784146766,1784146766551,2026-07-15 20:19:26
1001,52644.77,52640.57,52642.67,4.2,1,1784149199,1784149199923,2026-07-15 21:00:02
1002,22111.55,22111.45,22111.5,0.1,1,1784146693,1784146693483,2026-07-15 20:18:14
1003,1144.84,1144.74,1144.79,0.1,1,1784146766,1784146766562,2026-07-15 20:19:26
1004,6284.8,6277.2,6281.0,7.6,1,1784149198,1784149198471,2026-07-15 20:59:59
1005,8389.13,8378.73,8383.93,10.4,1,1784149199,1784149199287,2026-07-15 21:00:02
1006,10488.3,10481.3,10484.8,7.0,1,1784149198,1784149198275,2026-07-15 20:59:59
1007,16322.28,16320.8,16321.54,1.48,1,1784037600,1784037600481,2026-07-14 14:00:05
1008,24842.0,24812.0,24827.0,30.0,1,1784152090,1784152090624,2026-07-15 21:48:11
1009,19331.0,19319.0,19325.0,12.0,1,1784152130,1784152130937,2026-07-15 21:48:56
1010,0.0,0.0,0.0,0.0,1,1764201641,1764201641334,2025-11-27 00:00:42
1011,1152.11,1151.66,1151.885,0.45,1,1784073654,1784073654451,2026-07-15 00:00:56
1012,52488.0,52466.0,52477.0,22.0,1,1784141946,1784141946004,2026-07-15 18:59:08
1013,7343.6,7343.5,7343.55,0.1,1,1784097000,1784097000569,2026-07-15 06:30:05
1014,66403.46,66395.96,66399.71,7.5,1,1784148195,1784148195506,2026-07-15 20:43:20
1015,67594.6,67569.6,67582.1,25.0,1,1784149200,1784149200009,2026-07-15 21:00:02
1016,26270.37,26269.62,26269.995,0.75,1,1784147079,1784147079699,2026-07-15 20:24:41
1017,29513.13,29508.36,29510.745,4.77,1,1784149199,1784149199994,2026-07-15 21:00:05
1018,24077.35,24077.35,24077.35,0.0,1,1784109542,1784109542792,2026-07-15 09:59:05
1019,1902.47,1901.57,1902.02,0.9,1,1784124906,1784124906465,2026-07-15 14:15:08
1020,23873.58,23872.88,23873.23,0.7,1,1784147257,1784147257703,2026-07-15 20:27:38
1021,3164.4,3162.9,3163.65,1.5,1,1784152130,1784152130938,2026-07-15 21:48:56
1022,3313.5,3313.3,3313.4,0.2,1,1784073654,1784073654622,2026-07-15 00:00:56
1023,2980.14,2979.55,2979.845,0.59,1,1784149199,1784149199761,2026-07-15 21:00:02
1024,103751.4,103697.4,103724.4,54.0,1,1764657762,1764657762991,2025-12-02 06:42:43
1025,523.99,523.79,523.89,0.2,1,1784148254,1784148254025,2026-07-15 20:44:14
1026,2297.31,2297.21,2297.26,0.1,1,1784129412,1784129412717,2026-07-15 15:30:17
1027,14320.1,14314.1,14317.1,6.0,1,1784152130,1784152130999,2026-07-15 21:48:56
1028,7572.08,7570.78,7571.43,1.3,1,1784149200,1784149200002,2026-07-15 21:00:02
1029,35563.8,35291.08,35427.44,272.72,1,1784151244,1784151244224,2026-07-15 21:34:08
1030,4082.01,4081.01,4081.51,1.0,1,1784097010,1784097010037,2026-07-15 06:30:14
1031,3894.32,3893.32,3893.82,1.0,1,1784148899,1784148899924,2026-07-15 20:55:05
1032,100.359,100.329,100.344,0.03,1,1784149199,1784149199959,2026-07-15 21:00:02
1033,16.689,16.464,16.5765,0.225,1,1784149143,1784149143623,2026-07-15 20:59:08
1034,17.22,17.03,17.125,0.19,1,1784149120,1784149120770,2026-07-15 20:58:41
1035,3809.71,3805.21,3807.46,4.5,1,1784126697,1784126697487,2026-07-15 14:44:59
1036,13100.15,13100.05,13100.1,0.1,1,1757676048,1757676048582,2025-09-12 12:20:50
1037,47858.7,47856.45,47857.575,2.25,1,1757676040,1757676040197,2025-09-12 12:20:50
1038,14865.77,14864.92,14865.345,0.85,1,1757676048,1757676048569,2025-09-12 12:20:50
1039,5268.98,5267.48,5268.23,1.5,1,1757676040,1757676040184,2025-09-12 12:20:50
1040,603.41,602.56,602.985,0.85,1,1757676040,1757676040171,2025-09-12 12:20:50
1041,7363.07,7361.82,7362.445,1.25,1,1757676040,1757676040268,2025-09-12 12:20:50
1042,2265.41,2264.56,2264.985,0.85,1,1757676040,1757676040168,2025-09-12 12:20:50
1043,16793.35,16791.5,16792.425,1.85,1,1757676040,1757676040169,2025-09-12 12:20:50
1044,13261.92,13261.8,13261.86,0.12,1,1757676048,1757676048582,2025-09-12 12:20:50
1045,7909.34,7907.59,7908.465,1.75,1,1757676040,1757676040157,2025-09-12 12:20:50
1046,59683.96,59682.21,59683.085,1.75,1,1757676040,1757676040184,2025-09-12 12:20:50
1047,27771.13,27769.88,27770.505,1.25,1,1757676040,1757676040181,2025-09-12 12:20:50
1048,16878.19,16876.44,16877.315,1.75,1,1757676040,1757676040183,2025-09-12 12:20:50
1049,15955.51,15953.71,15954.61,1.8,1,1757676040,1757676040180,2025-09-12 12:20:50
1050,13672.3,13672.22,13672.26,0.08,1,1757676040,1757676040194,2025-09-12 12:20:50
1051,16234.91,16233.16,16234.035,1.75,1,1757676040,1757676040198,2025-09-12 12:20:50
1052,2936.72,2935.82,2936.27,0.9,1,1757676040,1757676040194,2025-09-12 12:20:50
1053,1930.11,1929.21,1929.66,0.9,1,1757372438,1757372438995,2025-09-09 00:00:40
1054,52008.93,52008.79,52008.86,0.14,1,1757372438,1757372438995,2025-09-09 00:00:40
1055,11401.59,11401.43,11401.51,0.16,1,1757676048,1757676048581,2025-09-12 12:20:50
1056,9023.39,9023.31,9023.35,0.08,1,1757676040,1757676040205,2025-09-12 12:20:50
1057,10304.2,10304.08,10304.14,0.12,1,1757676048,1757676048579,2025-09-12 12:20:50
1058,10397.37,10397.27,10397.32,0.1,1,1757676040,1757676040170,2025-09-12 12:20:50
1059,13732.78,13732.64,13732.71,0.14,1,1757676040,1757676040170,2025-09-12 12:20:50
1060,13603.19,13603.11,13603.15,0.08,1,1757676048,1757676048568,2025-09-12 12:20:50
1061,23948.2,23947.1,23947.65,1.1,1,1757676040,1757676040185,2025-09-12 12:20:50
1062,12949.91,12949.79,12949.85,0.12,1,1757676040,1757676040196,2025-09-12 12:20:50
1063,17880.98,17880.9,17880.94,0.08,1,1757676040,1757676040197,2025-09-12 12:20:50
1064,135.42,135.3,135.36,0.12,1,1784145545,1784145545224,2026-07-15 19:59:05
1065,48.86,48.74,48.8,0.12,1,1784145535,1784145535369,2026-07-15 19:58:56
1066,15.55,15.44,15.495,0.11,1,1784145521,1784145521546,2026-07-15 19:58:41
1067,0.0,0.0,0.0,0.0,1,1756877643,1756877643356,2025-09-03 06:34:10
1068,112.45,112.09,112.27,0.36,1,1784145541,1784145541711,2026-07-15 19:59:05
1069,53.17,52.97,53.07,0.2,1,1784145547,1784145547097,2026-07-15 19:59:08
1070,326.42,326.21,326.315,0.21,1,1784145547,1784145547339,2026-07-15 19:59:08
1071,25.47,25.37,25.42,0.1,1,1784145547,1784145547961,2026-07-15 19:59:08
1073,244.38,244.24,244.31,0.14,1,1784145546,1784145546744,2026-07-15 19:59:11
1074,91.03,90.93,90.98,0.1,1,1784145546,1784145546630,2026-07-15 19:59:08
1075,6.81,6.71,6.76,0.1,1,1784145398,1784145398639,2026-07-15 19:56:38
1076,7.36,7.26,7.31,0.1,1,1784145534,1784145534142,2026-07-15 19:58:56
1077,3.1,2.98,3.04,0.12,1,1784138753,1784138753917,2026-07-15 18:05:59
1078,219.65,219.09,219.37,0.56,1,1784145546,1784145546448,2026-07-15 19:59:08
1079,46.51,46.39,46.45,0.12,1,1784145546,1784145546105,2026-07-15 19:59:08
1080,148.38,148.28,148.33,0.1,1,1784145546,1784145546000,2026-07-15 19:59:11
1081,5.14,5.01,5.075,0.13,1,1784145546,1784145546742,2026-07-15 19:59:08
1082,9.81,9.71,9.76,0.1,1,1784145548,1784145548205,2026-07-15 19:59:11
1083,88.69,88.53,88.61,0.16,1,1784145547,1784145547946,2026-07-15 19:59:08
1084,4.65,4.55,4.6,0.1,1,1784145415,1784145415111,2026-07-15 19:56:59
1086,0.0,0.0,0.0,0.0,1,1756877643,1756877643378,2025-09-03 06:34:10
1087,25.82,25.72,25.77,0.1,1,1784145522,1784145522197,2026-07-15 19:58:44
1088,2.72,2.62,2.67,0.1,1,1784143077,1784143077673,2026-07-15 19:18:02
1089,0.0,0.0,0.0,0.0,1,1764201640,1764201640900,2025-11-27 00:00:41
1090,4.05,3.95,4.0,0.1,1,1784145515,1784145515751,2026-07-15 19:58:38
1091,12.34,12.24,12.29,0.1,1,1784145546,1784145546598,2026-07-15 19:59:08
1093,0.0,0.0,0.0,0.0,1,1756877643,1756877643382,2025-09-03 06:34:10
1094,98.42,98.3,98.36,0.12,1,1784145547,1784145547954,2026-07-15 19:59:08
1095,32.81,32.69,32.75,0.12,1,1784145528,1784145528370,2026-07-15 19:58:50
1096,4.86,4.76,4.81,0.1,1,1784145530,1784145530485,2026-07-15 19:58:50
1097,14.59,14.49,14.54,0.1,1,1784145546,1784145546596,2026-07-15 19:59:08
1098,56.73,56.61,56.67,0.12,1,1784145545,1784145545004,2026-07-15 19:59:08
1099,144.74,144.27,144.505,0.47,1,1784145529,1784145529300,2026-07-15 19:58:53
1100,68.91,68.76,68.835,0.15,1,1784145539,1784145539234,2026-07-15 19:59:02
1101,92.46,92.09,92.275,0.37,1,1784145530,1784145530147,2026-07-15 19:58:53
1102,137.56,137.2,137.38,0.36,1,1784145540,1784145540565,2026-07-15 19:59:02
1103,60.39,60.05,60.22,0.34,1,1784145511,1784145511187,2026-07-15 19:58:32
1104,5.26,5.16,5.21,0.1,1,1784145399,1784145399475,2026-07-15 19:56:41
1110,224.51,224.03,224.27,0.48,1,1784145548,1784145548405,2026-07-15 19:59:11
1173,125.1,124.92,125.01,0.18,1,1784145540,1784145540739,2026-07-15 19:59:02
1205,2.1,1.99,2.045,0.11,1,1784145545,1784145545530,2026-07-15 19:59:05
1208,529.12,528.99,529.055,0.13,1,1784145546,1784145546765,2026-07-15 19:59:11
1212,357.94,357.73,357.835,0.21,1,1784145539,1784145539905,2026-07-15 19:59:05
1235,254.26,254.15,254.205,0.11,1,1784145547,1784145547344,2026-07-15 19:59:11
1250,354.59,353.94,354.265,0.65,1,1784145546,1784145546287,2026-07-15 19:59:08
1351,395.2,394.27,394.735,0.93,1,1784145547,1784145547974,2026-07-15 19:59:08
1373,359.55,359.25,359.4,0.3,1,1784145547,1784145547730,2026-07-15 19:59:11
1382,167.89,167.76,167.825,0.13,1,1784145545,1784145545938,2026-07-15 19:59:08
1388,36.14,36.04,36.09,0.1,1,1784145548,1784145548169,2026-07-15 19:59:08
1389,218.82,218.64,218.73,0.18,1,1784145548,1784145548385,2026-07-15 19:59:08
1391,117.81,117.7,117.755,0.11,1,1784145548,1784145548342,2026-07-15 19:59:08
1392,61.51,61.36,61.435,0.15,1,1784145547,1784145547750,2026-07-15 19:59:08
1393,64.1,63.97,64.035,0.13,1,1784145538,1784145538789,2026-07-15 19:58:59
1394,60.65,60.54,60.595,0.11,1,1784145537,1784145537780,2026-07-15 19:58:59
1395,0.0,0.0,0.0,0.0,1,1764201640,1764201640994,2025-11-27 00:00:41
1396,20.87,20.77,20.82,0.1,1,1784145544,1784145544403,2026-07-15 19:59:05
1397,71.89,71.55,71.72,0.34,1,1784145536,1784145536936,2026-07-15 19:59:02
1398,117.23,116.79,117.01,0.44,1,1784145543,1784145543451,2026-07-15 19:59:08
1399,69.89,69.76,69.825,0.13,1,1784145545,1784145545391,2026-07-15 19:59:05
1400,397.49,396.44,396.965,1.05,1,1784145508,1784145508207,2026-07-15 19:58:32
1401,56.5,56.24,56.37,0.26,1,1784145541,1784145541917,2026-07-15 19:59:02
1402,22.17,22.02,22.095,0.15,1,1784145545,1784145545990,2026-07-15 19:59:08
1403,4.04,3.94,3.99,0.1,1,1764633659,1764633659235,2025-12-02 00:01:00
1404,3.18,3.1,3.14,0.08,1,1784145213,1784145213661,2026-07-15 19:53:35
1405,20.74,20.59,20.665,0.15,1,1784145544,1784145544996,2026-07-15 19:59:05
1416,85.76,85.63,85.695,0.13,1,1784145545,1784145545562,2026-07-15 19:59:08
1417,79.16,78.97,79.065,0.19,1,1784145547,1784145547953,2026-07-15 19:59:08
1418,28.09,28.04,28.065,0.05,1,1784145464,1784145464684,2026-07-15 19:57:47
1419,76.45,76.23,76.34,0.22,1,1784145546,1784145546459,2026-07-15 19:59:08
1420,21.61,21.51,21.56,0.1,1,1784145545,1784145545225,2026-07-15 19:59:05
1421,27.51,27.41,27.46,0.1,1,1783013407,1783013407012,2026-07-02 17:30:09
1422,40.74,40.56,40.65,0.18,1,1784145546,1784145546320,2026-07-15 19:59:08
1423,34.11,33.92,34.015,0.19,1,1784145520,1784145520060,2026-07-15 19:58:44
1424,112.43,112.18,112.305,0.25,1,1784145544,1784145544818,2026-07-15 19:59:08
1425,0.0,0.0,0.0,0.0,1,1764201641,1764201641012,2025-11-27 00:00:41
1426,162.6,162.23,162.415,0.37,1,1784145515,1784145515116,2026-07-15 19:58:35
1427,9.52,9.42,9.47,0.1,1,1784145506,1784145506412,2026-07-15 19:58:29
1428,28.41,28.31,28.36,0.1,1,1784145547,1784145547079,2026-07-15 19:59:08
1471,26.16,26.05,26.105,0.11,1,1783013407,1783013407028,2026-07-02 17:30:09
1486,4.45,4.41,4.43,0.04,1,1784145545,1784145545935,2026-07-15 19:59:08
1511,1090.06,1088.98,1089.52,1.08,1,1784145548,1784145548177,2026-07-15 19:59:11
1519,96.49,95.95,96.22,0.54,1,1784145542,1784145542457,2026-07-15 19:59:02
1521,143.39,142.97,143.18,0.42,1,1784145547,1784145547964,2026-07-15 19:59:11
1537,22.68,22.57,22.625,0.11,1,1784145547,1784145547956,2026-07-15 19:59:08
1547,0.0,0.0,0.0,0.0,1,1764201641,1764201641045,2025-11-27 00:00:42
1558,488.96,488.74,488.85,0.22,1,1784145546,1784145546469,2026-07-15 19:59:08
1576,1.64,1.54,1.59,0.1,1,1784144847,1784144847898,2026-07-15 19:47:29
1589,29.46,29.36,29.41,0.1,1,1784145546,1784145546752,2026-07-15 19:59:08
1611,0.75,0.55,0.65,0.2,1,1784145546,1784145546879,2026-07-15 19:59:08
1615,134.21,134.07,134.14,0.14,1,1784145548,1784145548409,2026-07-15 19:59:08
1625,39.44,39.32,39.38,0.12,1,1784145545,1784145545396,2026-07-15 19:59:05
1626,0.0,0.0,0.0,0.0,1,1756877643,1756877643638,2025-09-03 06:34:10
1627,148.41,148.0,148.205,0.41,1,1784145527,1784145527761,2026-07-15 19:58:50
1628,0.34,0.25,0.295,0.09,1,1784145537,1784145537628,2026-07-15 19:58:59
1629,0.25,0.16,0.205,0.09,1,1784145397,1784145397881,2026-07-15 19:56:38
1630,160.45,159.82,160.135,0.63,1,1784145540,1784145540352,2026-07-15 19:59:02
1631,0.0,0.0,0.0,0.0,1,1756877643,1756877643644,2025-09-03 06:34:10
1632,35.64,35.53,35.585,0.11,1,1784145532,1784145532764,2026-07-15 19:58:56
1633,0.0,0.0,0.0,0.0,1,1756877643,1756877643646,2025-09-03 06:34:10
1634,68.53,68.35,68.44,0.18,1,1784145546,1784145546309,2026-07-15 19:59:08
1635,11.88,11.78,11.83,0.1,1,1784145543,1784145543434,2026-07-15 19:59:05
1636,47.29,47.18,47.235,0.11,1,1784145546,1784145546472,2026-07-15 19:59:08
1640,914.17,913.96,914.065,0.21,1,1784145547,1784145547724,2026-07-15 19:59:08
1654,104.49,104.39,104.44,0.1,1,1784145545,1784145545362,2026-07-15 19:59:05
1658,26.66,26.56,26.61,0.1,1,1784145545,1784145545380,2026-07-15 19:59:05
1693,1.15,1.07,1.11,0.08,1,1764633659,1764633659318,2025-12-02 00:01:00
1738,9.93,9.83,9.88,0.1,1,1784145500,1784145500441,2026-07-15 19:58:20
1796,167.42,167.24,167.33,0.18,1,1784145548,1784145548172,2026-07-15 19:59:08
1834,167.89,167.73,167.81,0.16,1,1784145548,1784145548208,2026-07-15 19:59:08
1847,207.1,206.81,206.955,0.29,1,1784145547,1784145547541,2026-07-15 19:59:11
1848,111.97,111.86,111.915,0.11,1,1784145548,1784145548379,2026-07-15 19:59:08
1849,137.05,136.65,136.85,0.4,1,1784145548,1784145548411,2026-07-15 19:59:08
1858,29.27,29.15,29.21,0.12,1,1784145542,1784145542077,2026-07-15 19:59:02
1894,181.32,181.22,181.27,0.1,1,1784145546,1784145546749,2026-07-15 19:59:08
1928,36.55,36.45,36.5,0.1,1,1784145548,1784145548388,2026-07-15 19:59:08
1942,30.51,30.39,30.45,0.12,1,1784145545,1784145545231,2026-07-15 19:59:05
1943,88.83,88.7,88.765,0.13,1,1784145525,1784145525254,2026-07-15 19:58:47
1944,173.99,173.39,173.69,0.6,1,1784145547,1784145547957,2026-07-15 19:59:08
1945,40.49,40.36,40.425,0.13,1,1784145505,1784145505938,2026-07-15 19:58:29
1946,0.0,0.0,0.0,0.0,1,1756877643,1756877643762,2025-09-03 06:34:10
1947,134.37,134.2,134.285,0.17,1,1784145544,1784145544041,2026-07-15 19:59:05
1948,3.04,2.94,2.99,0.1,1,1784145410,1784145410451,2026-07-15 19:56:50
1949,265.04,264.63,264.835,0.41,1,1784145546,1784145546755,2026-07-15 19:59:11
1950,535.14,534.05,534.595,1.09,1,1784145546,1784145546893,2026-07-15 19:59:08
1951,589.67,588.45,589.06,1.22,1,1784145541,1784145541545,2026-07-15 19:59:02
1952,24.8,24.69,24.745,0.11,1,1784145539,1784145539490,2026-07-15 19:58:59
1953,107.39,106.99,107.19,0.4,1,1784145545,1784145545972,2026-07-15 19:59:08
1983,97.42,97.07,97.245,0.35,1,1784145532,1784145532959,2026-07-15 19:58:53
2000,10.78,10.68,10.73,0.1,1,1784144936,1784144936365,2026-07-15 19:48:56
2016,15.01,14.87,14.94,0.14,1,1784145501,1784145501925,2026-07-15 19:58:26
2017,0.0,0.0,0.0,0.0,1,1764201641,1764201641166,2025-11-27 00:00:42
2018,12.25,12.11,12.18,0.14,1,1784145536,1784145536771,2026-07-15 19:58:59
2019,12.33,12.23,12.28,0.1,1,1784145545,1784145545754,2026-07-15 19:59:08
2020,196.02,195.7,195.86,0.32,1,1784145537,1784145537604,2026-07-15 19:59:02
2021,35.89,35.51,35.7,0.38,1,1784145517,1784145517882,2026-07-15 19:58:41
2023,0.0,0.0,0.0,0.0,1,1756877643,1756877643800,2025-09-03 06:34:10
2024,0.0,0.0,0.0,0.0,1,1764201641,1764201641169,2025-11-27 00:00:42
2025,71.33,71.2,71.265,0.13,1,1784145539,1784145539224,2026-07-15 19:58:59
2027,10.78,10.68,10.73,0.1,1,1784145028,1784145028895,2026-07-15 19:50:32
2028,6.13,6.03,6.08,0.1,1,1784145529,1784145529887,2026-07-15 19:58:50
2030,2.17,2.07,2.12,0.1,1,1784145173,1784145173485,2026-07-15 19:52:56
2031,45.28,45.18,45.23,0.1,1,1784145546,1784145546580,2026-07-15 19:59:11
2032,147.17,146.93,147.05,0.24,1,1784145546,1784145546760,2026-07-15 19:59:08
2034,124.45,124.3,124.375,0.15,1,1784145548,1784145548418,2026-07-15 19:59:08
2035,131.18,130.98,131.08,0.2,1,1784145547,1784145547680,2026-07-15 19:59:08
2036,231.05,230.69,230.87,0.36,1,1784145545,1784145545398,2026-07-15 19:59:05
2037,15.55,15.45,15.5,0.1,1,1783013407,1783013407175,2026-07-02 17:30:09
2038,43.02,42.87,42.945,0.15,1,1784145545,1784145545989,2026-07-15 19:59:08
2052,49.05,48.93,48.99,0.12,1,1784145545,1784145545372,2026-07-15 19:59:05
2053,207.06,206.81,206.935,0.25,1,1784145548,1784145548176,2026-07-15 19:59:11
2058,112.8,112.68,112.74,0.12,1,1784145547,1784145547325,2026-07-15 19:59:08
2078,65.58,65.48,65.53,0.1,1,1784145543,1784145543303,2026-07-15 19:59:05
2120,44.18,43.81,43.995,0.37,1,1784145546,1784145546883,2026-07-15 19:59:08
2167,733.58,731.17,732.375,2.41,1,1784145545,1784145545747,2026-07-15 19:59:11
2225,35.97,35.93,35.95,0.04,1,1784145521,1784145521398,2026-07-15 19:58:44
2247,14.2,14.1,14.15,0.1,1,1784145548,1784145548160,2026-07-15 19:59:08
2272,2066.89,2062.39,2064.64,4.5,1,1784145541,1784145541499,2026-07-15 19:59:02
2273,25.28,25.17,25.225,0.11,1,1784145547,1784145547928,2026-07-15 19:59:08
2274,9.66,9.56,9.61,0.1,1,1784145343,1784145343734,2026-07-15 19:55:44
2275,61.33,61.19,61.26,0.14,1,1784145545,1784145545973,2026-07-15 19:59:08
2283,313.48,313.25,313.365,0.23,1,1784145542,1784145542602,2026-07-15 19:59:02
2376,225.15,224.9,225.025,0.25,1,1784145546,1784145546768,2026-07-15 19:59:11
2378,9.97,9.87,9.92,0.1,1,1764633659,1764633659471,2025-12-02 00:01:00
2379,0.54,0.44,0.49,0.1,1,1784144531,1784144531112,2026-07-15 19:42:11
2380,0.0,0.0,0.0,0.0,1,1756877643,1756877643922,2025-09-03 06:34:10
2381,117.47,117.23,117.35,0.24,1,1784145541,1784145541737,2026-07-15 19:59:02
2382,41.59,41.22,41.405,0.37,1,1784145503,1784145503001,2026-07-15 19:58:26
2433,35.74,35.54,35.64,0.2,1,1784145540,1784145540329,2026-07-15 19:59:02
2434,365.93,365.57,365.75,0.36,1,1784145546,1784145546461,2026-07-15 19:59:11
2435,91.01,90.85,90.93,0.16,1,1784145539,1784145539722,2026-07-15 19:59:02
2436,28.63,28.52,28.575,0.11,1,1783013407,1783013407259,2026-07-02 17:30:09
2437,11.8,11.7,11.75,0.1,1,1764633659,1764633659490,2025-12-02 00:01:00
2438,13.5,13.4,13.45,0.1,1,1784145544,1784145544802,2026-07-15 19:59:05
2439,3.1,3.0,3.05,0.1,1,1784145545,1784145545250,2026-07-15 19:59:05
2440,33.08,32.97,33.025,0.11,1,1784145548,1784145548192,2026-07-15 19:59:11
2441,74.29,74.19,74.24,0.1,1,1784145540,1784145540935,2026-07-15 19:59:05
2442,97.0,96.89,96.945,0.11,1,1784145547,1784145547326,2026-07-15 19:59:08
2443,5.81,5.71,5.76,0.1,1,1784145499,1784145499661,2026-07-15 19:58:20
2444,359.71,359.52,359.615,0.19,1,1784145547,1784145547949,2026-07-15 19:59:08
2445,73.16,72.95,73.055,0.21,1,1784145525,1784145525368,2026-07-15 19:58:47
2446,63.34,63.23,63.285,0.11,1,1784145548,1784145548167,2026-07-15 19:59:08
2447,29.83,29.73,29.78,0.1,1,1784145546,1784145546895,2026-07-15 19:59:08
2448,1.44,1.34,1.39,0.1,1,1784124119,1784124119938,2026-07-15 14:02:02
2449,16.87,16.77,16.82,0.1,1,1783013407,1783013407266,2026-07-02 17:30:09
2450,1063.05,1062.37,1062.71,0.68,1,1784145547,1784145547729,2026-07-15 19:59:08
2451,1.66,1.56,1.61,0.1,1,1784141754,1784141754371,2026-07-15 18:55:56
2453,91.68,91.44,91.56,0.24,1,1784145540,1784145540558,2026-07-15 19:59:02
2454,33.15,33.05,33.1,0.1,1,1784145543,1784145543791,2026-07-15 19:59:08
2469,131.62,131.5,131.56,0.12,1,1784145548,1784145548205,2026-07-15 19:59:11
2470,36.84,36.7,36.77,0.14,1,1784145548,1784145548162,2026-07-15 19:59:08
2471,157.76,157.39,157.575,0.37,1,1784145538,1784145538340,2026-07-15 19:59:02
2472,181.58,181.26,181.42,0.32,1,1784145524,1784145524902,2026-07-15 19:58:47
2473,20.07,19.97,20.02,0.1,1,1784145543,1784145543275,2026-07-15 19:59:08
2475,17.06,16.96,17.01,0.1,1,1783013407,1783013407276,2026-07-02 17:30:09
2476,50.76,50.63,50.695,0.13,1,1784145548,1784145548179,2026-07-15 19:59:08
2477,5.79,5.69,5.74,0.1,1,1764633659,1764633659510,2025-12-02 00:01:00
2478,27.73,27.55,27.64,0.18,1,1783013407,1783013407278,2026-07-02 17:30:09
2479,43.86,43.76,43.81,0.1,1,1784145547,1784145547107,2026-07-15 19:59:08
2480,8.56,8.45,8.505,0.11,1,1784144779,1784144779802,2026-07-15 19:46:20
2481,16.24,16.11,16.175,0.13,1,1784145534,1784145534741,2026-07-15 19:58:59
2486,77.39,77.28,77.335,0.11,1,1784145530,1784145530693,2026-07-15 19:58:50
2488,22.35,22.09,22.22,0.26,1,1784145548,1784145548387,2026-07-15 19:59:08
2508,114.91,114.56,114.735,0.35,1,1784145525,1784145525245,2026-07-15 19:58:47
2511,371.49,370.97,371.23,0.52,1,1784145548,1784145548333,2026-07-15 19:59:08
2523,0.75,0.63,0.69,0.12,1,1784145541,1784145541720,2026-07-15 19:59:02
2531,25.8,25.61,25.705,0.19,1,1784145529,1784145529767,2026-07-15 19:58:53
2537,1151.29,1149.99,1150.64,1.3,1,1784145545,1784145545375,2026-07-15 19:59:05
2543,51.58,51.48,51.53,0.1,1,1784145543,1784145543263,2026-07-15 19:59:05
2570,80.17,80.02,80.095,0.15,1,1784145546,1784145546447,2026-07-15 19:59:08
2572,0.0,0.0,0.0,0.0,1,1756877644,1756877644006,2025-09-03 06:34:10
2588,26.33,26.18,26.255,0.15,1,1784145545,1784145545009,2026-07-15 19:59:05
2591,13.55,13.45,13.5,0.1,1,1784145546,1784145546738,2026-07-15 19:59:08
2592,0.0,0.0,0.0,0.0,1,1764201641,1764201641305,2025-11-27 00:00:42
2594,0.0,0.0,0.0,0.0,1,1764201641,1764201641306,2025-11-27 00:00:42
2595,354.11,353.78,353.945,0.33,1,1784145539,1784145539498,2026-07-15 19:58:59
2597,28.01,27.81,27.91,0.2,1,1784145415,1784145415566,2026-07-15 19:56:56
2598,11.71,11.56,11.635,0.15,1,1784145365,1784145365867,2026-07-15 19:56:08
2600,0.0,0.0,0.0,0.0,1,1764201641,1764201641309,2025-11-27 00:00:42
2604,1.77,1.67,1.72,0.1,1,1784143418,1784143418391,2026-07-15 19:23:38
2605,30.13,30.03,30.08,0.1,1,1784145540,1784145540743,2026-07-15 19:59:05
2606,50.49,50.34,50.415,0.15,1,1784145548,1784145548401,2026-07-15 19:59:08
2607,32.04,31.94,31.99,0.1,1,1783013407,1783013407303,2026-07-02 17:30:09
2608,0.0,0.0,0.0,0.0,1,1756877644,1756877644019,2025-09-03 06:34:10
2609,290.2,286.48,288.34,3.72,1,1784145531,1784145531573,2026-07-15 19:58:53
2610,134.18,134.06,134.12,0.12,1,1784145547,1784145547722,2026-07-15 19:59:08
2618,12.57,12.44,12.505,0.13,1,1784145545,1784145545761,2026-07-15 19:59:08
2624,9.58,9.48,9.53,0.1,1,1783013407,1783013407309,2026-07-02 17:30:09
2625,27.9,27.77,27.835,0.13,1,1784145548,1784145548190,2026-07-15 19:59:08
2633,26.2,26.01,26.105,0.19,1,1784145542,1784145542628,2026-07-15 19:59:02
2638,233.99,233.75,233.87,0.24,1,1783013407,1783013407317,2026-07-02 17:30:09
2640,115.45,115.33,115.39,0.12,1,1784145548,1784145548357,2026-07-15 19:59:11
2652,20.07,19.93,20.0,0.14,1,1784145523,1784145523511,2026-07-15 19:58:44
2656,25.21,25.07,25.14,0.14,1,1784145546,1784145546881,2026-07-15 19:59:08
2672,38.88,38.75,38.815,0.13,1,1784145540,1784145540306,2026-07-15 19:59:05
2680,408.15,407.37,407.76,0.78,1,1784145547,1784145547085,2026-07-15 19:59:08
2681,12.01,11.91,11.96,0.1,1,1784145547,1784145547962,2026-07-15 19:59:08
2682,23.08,22.9,22.99,0.18,1,1784145293,1784145293753,2026-07-15 19:54:56
2820,102.88,102.74,102.81,0.14,1,1784145548,1784145548370,2026-07-15 19:59:11
2863,46.68,46.58,46.63,0.1,1,1784145500,1784145500264,2026-07-15 19:58:20
2941,6.94,6.82,6.88,0.12,1,1784145375,1784145375991,2026-07-15 19:56:17
2942,248.28,248.12,248.2,0.16,1,1784145547,1784145547742,2026-07-15 19:59:11
2951,347.59,347.47,347.53,0.12,1,1784145547,1784145547744,2026-07-15 19:59:11
3058,0.26,0.13,0.195,0.13,1,1783013407,1783013407375,2026-07-02 17:30:09
3059,78.64,78.37,78.505,0.27,1,1784145517,1784145517276,2026-07-15 19:58:38
3070,0.0,0.0,0.0,0.0,1,1764201641,1764201641386,2025-11-27 00:00:42
3071,108.22,107.92,108.07,0.3,1,1784145545,1784145545045,2026-07-15 19:59:08
3072,21.22,21.09,21.155,0.13,1,1784145505,1784145505587,2026-07-15 19:58:26
3073,11.58,11.45,11.515,0.13,1,1784145545,1784145545038,2026-07-15 19:59:05
3074,141.32,140.92,141.12,0.4,1,1784145546,1784145546577,2026-07-15 19:59:08
3075,252.78,252.42,252.6,0.36,1,1784145539,1784145539919,2026-07-15 19:59:02
3078,85.25,84.98,85.115,0.27,1,1784145548,1784145548346,2026-07-15 19:59:08
3083,24.11,24.0,24.055,0.11,1,1784145546,1784145546308,2026-07-15 19:59:08
3110,514.29,513.56,513.925,0.73,1,1784145543,1784145543625,2026-07-15 19:59:05
3147,1.51,1.41,1.46,0.1,1,1784144664,1784144664096,2026-07-15 19:44:26
3148,17.4,17.28,17.34,0.12,1,1784145543,1784145543808,2026-07-15 19:59:05
3149,56.04,55.92,55.98,0.12,1,1784145526,1784145526732,2026-07-15 19:58:47
3150,2.23,2.13,2.18,0.1,1,1784145152,1784145152039,2026-07-15 19:52:32
3151,58.42,58.23,58.325,0.19,1,1784145548,1784145548349,2026-07-15 19:59:11
3152,16.18,16.08,16.13,0.1,1,1784145547,1784145547066,2026-07-15 19:59:08
3158,23.79,23.67,23.73,0.12,1,1784145547,1784145547751,2026-07-15 19:59:08
3159,535.89,535.21,535.55,0.68,1,1784145545,1784145545725,2026-07-15 19:59:08
3166,367.07,366.88,366.975,0.19,1,1784145546,1784145546916,2026-07-15 19:59:08
3167,12.36,12.26,12.31,0.1,1,1784145548,1784145548165,2026-07-15 19:59:08
3168,77.74,77.57,77.655,0.17,1,1784145547,1784145547754,2026-07-15 19:59:08
3169,180.14,179.79,179.965,0.35,1,1783013407,1783013407401,2026-07-02 17:30:09
3170,13.88,13.78,13.83,0.1,1,1784145547,1784145547733,2026-07-15 19:59:08
3171,26.9,26.77,26.835,0.13,1,1784145505,1784145505417,2026-07-15 19:58:26
3172,209.55,208.77,209.16,0.78,1,1784145537,1784145537373,2026-07-15 19:58:59
3185,264.45,264.17,264.31,0.28,1,1784145536,1784145536590,2026-07-15 19:58:56
3205,10.8,10.51,10.655,0.29,1,1784145544,1784145544365,2026-07-15 19:59:05
3215,92.42,92.29,92.355,0.13,1,1784145541,1784145541293,2026-07-15 19:59:02
3217,679.15,678.89,679.02,0.26,1,1784145548,1784145548343,2026-07-15 19:59:08
3266,159.86,159.69,159.775,0.17,1,1784145545,1784145545960,2026-07-15 19:59:08
3268,72.47,72.33,72.4,0.14,1,1784145526,1784145526015,2026-07-15 19:58:47
3269,55.32,55.14,55.23,0.18,1,1784145543,1784145543789,2026-07-15 19:59:05
3270,4.15,4.05,4.1,0.1,1,1784145515,1784145515504,2026-07-15 19:58:35
3271,1.45,1.35,1.4,0.1,1,1784145003,1784145003125,2026-07-15 19:50:05
3272,17.4,17.29,17.345,0.11,1,1784145547,1784145547493,2026-07-15 19:59:08
3273,97.66,97.52,97.59,0.14,1,1784145547,1784145547488,2026-07-15 19:59:08
3274,1.67,1.66,1.665,0.01,1,1783013407,1783013407416,2026-07-02 17:30:09
3275,70.5,70.37,70.435,0.13,1,1784145546,1784145546732,2026-07-15 19:59:08
3303,68.1,67.96,68.03,0.14,1,1784145544,1784145544361,2026-07-15 19:59:08
3305,0.0,0.0,0.0,0.0,1,1762732847,1762732847491,2025-11-10 00:00:50
3310,228.48,228.33,228.405,0.15,1,1784145548,1784145548331,2026-07-15 19:59:11
3316,396.01,395.86,395.935,0.15,1,1784145547,1784145547947,2026-07-15 19:59:11
3322,97.78,97.3,97.54,0.48,1,1784145546,1784145546880,2026-07-15 19:59:08
3379,19.82,19.72,19.77,0.1,1,1784145547,1784145547729,2026-07-15 19:59:08
3388,89.03,88.69,88.86,0.34,1,1784145546,1784145546307,2026-07-15 19:59:08
3389,95.62,95.5,95.56,0.12,1,1784145546,1784145546892,2026-07-15 19:59:08
3400,73.62,72.88,73.25,0.74,1,1784145544,1784145544999,2026-07-15 19:59:08
3415,5.09,4.99,5.04,0.1,1,1784145547,1784145547494,2026-07-15 19:59:08
3418,42.79,42.69,42.74,0.1,1,1784145536,1784145536039,2026-07-15 19:58:56
3419,0.0,0.0,0.0,0.0,1,1762732847,1762732847512,2025-11-10 00:00:50
3421,68.26,68.1,68.18,0.16,1,1784145527,1784145527444,2026-07-15 19:58:47
3422,2.71,2.61,2.66,0.1,1,1784145116,1784145116259,2026-07-15 19:51:59
3424,23.22,23.12,23.17,0.1,1,1784145493,1784145493077,2026-07-15 19:58:17
3435,1.12,1.02,1.07,0.1,1,1784145175,1784145175390,2026-07-15 19:52:56
3436,9.02,8.89,8.955,0.13,1,1784145461,1784145461252,2026-07-15 19:57:41
3438,527.47,526.69,527.08,0.78,1,1784145547,1784145547530,2026-07-15 19:59:08
3440,11.24,11.13,11.185,0.11,1,1784145512,1784145512684,2026-07-15 19:58:35
3444,146.82,146.5,146.66,0.32,1,1784145518,1784145518262,2026-07-15 19:58:41
3445,105.67,104.83,105.25,0.84,1,1784145547,1784145547362,2026-07-15 19:59:11
3452,23.9,23.79,23.845,0.11,1,1784145537,1784145537175,2026-07-15 19:58:59
3453,10.72,10.62,10.67,0.1,1,1784145514,1784145514181,2026-07-15 19:58:35
3463,130.17,129.57,129.87,0.6,1,1784145547,1784145547920,2026-07-15 19:59:08
3475,5.27,5.17,5.22,0.1,1,1784145244,1784145244743,2026-07-15 19:54:08
3478,8.49,8.34,8.415,0.15,1,1784145531,1784145531118,2026-07-15 19:58:53
3480,211.66,211.43,211.545,0.23,1,1784145548,1784145548331,2026-07-15 19:59:11
3509,75.08,74.95,75.015,0.13,1,1784145545,1784145545744,2026-07-15 19:59:08
3510,12.61,12.51,12.56,0.1,1,1784145457,1784145457458,2026-07-15 19:57:38
3511,63.17,63.03,63.1,0.14,1,1784145547,1784145547490,2026-07-15 19:59:11
3512,143.69,143.41,143.55,0.28,1,1784145540,1784145540499,2026-07-15 19:59:02
3513,19.51,19.41,19.46,0.1,1,1784145544,1784145544589,2026-07-15 19:59:05
3514,0.025,-0.025,0.0,0.05,1,1756877644,1756877644246,2025-09-03 06:34:10
3515,1.48,1.38,1.43,0.1,1,1784143431,1784143431459,2026-07-15 19:23:53
3516,0.0,0.0,0.0,0.0,1,1756877644,1756877644247,2025-09-03 06:34:10
3525,29.91,29.48,29.695,0.43,1,1784145467,1784145467595,2026-07-15 19:57:50
3526,48.76,48.66,48.71,0.1,1,1784145547,1784145547523,2026-07-15 19:59:08
3527,13.55,13.45,13.5,0.1,1,1784139973,1784139973994,2026-07-15 18:26:14
3528,78.19,78.05,78.12,0.14,1,1784145544,1784145544571,2026-07-15 19:59:05
3536,151.43,150.96,151.195,0.47,1,1784145546,1784145546312,2026-07-15 19:59:11
3558,4.84,4.74,4.79,0.1,1,1784145503,1784145503165,2026-07-15 19:58:23
3560,1.29,1.19,1.24,0.1,1,1784122522,1784122522819,2026-07-15 13:35:23
3561,20.3,20.17,20.235,0.13,1,1784144850,1784144850715,2026-07-15 19:47:32
3562,0.0,0.0,0.0,0.0,1,1756877644,1756877644260,2025-09-03 06:34:10
3564,0.0,0.0,0.0,0.0,1,1764201641,1764201641476,2025-11-27 00:00:42
3565,119.55,119.05,119.3,0.5,1,1784145406,1784145406346,2026-07-15 19:56:47
3566,28.87,28.76,28.815,0.11,1,1784145544,1784145544768,2026-07-15 19:59:05
3567,109.11,108.9,109.005,0.21,1,1784145547,1784145547921,2026-07-15 19:59:08
3568,0.0,0.0,0.0,0.0,1,1756877644,1756877644263,2025-09-03 06:34:10
3570,133.09,132.98,133.035,0.11,1,1784145547,1784145547719,2026-07-15 19:59:11
3595,53.89,53.67,53.78,0.22,1,1784145544,1784145544591,2026-07-15 19:59:08
3645,82.14,81.82,81.98,0.32,1,1784145487,1784145487861,2026-07-15 19:58:08
3655,135.41,135.2,135.305,0.21,1,1784145545,1784145545532,2026-07-15 19:59:05
3663,24.78,24.64,24.71,0.14,1,1784145545,1784145545937,2026-07-15 19:59:08
3670,23.69,23.59,23.64,0.1,1,1784145545,1784145545018,2026-07-15 19:59:05
3694,10.8,10.7,10.75,0.1,1,1784145539,1784145539212,2026-07-15 19:58:59
3700,71.12,70.84,70.98,0.28,1,1784145547,1784145547918,2026-07-15 19:59:11
3701,3.21,3.11,3.16,0.1,1,1784145367,1784145367818,2026-07-15 19:56:08
3715,29.75,29.62,29.685,0.13,1,1784145542,1784145542072,2026-07-15 19:59:02
3716,10.45,10.34,10.395,0.11,1,1784145548,1784145548173,2026-07-15 19:59:08
3717,1.14,1.09,1.115,0.05,1,1784145465,1784145465624,2026-07-15 19:57:47
3719,142.8,142.54,142.67,0.26,1,1784145546,1784145546299,2026-07-15 19:59:08
3721,51.98,51.85,51.915,0.13,1,1784145547,1784145547748,2026-07-15 19:59:08
3723,1.17,1.07,1.12,0.1,1,1784139913,1784139913299,2026-07-15 18:25:14
3724,134.12,134.02,134.07,0.1,1,1784145548,1784145548349,2026-07-15 19:59:08
3725,2.24,2.14,2.19,0.1,1,1784145499,1784145499764,2026-07-15 19:58:23
3726,1.75,1.63,1.69,0.12,1,1784133230,1784133230893,2026-07-15 16:33:53
3727,87.1,86.76,86.93,0.34,1,1784145520,1784145520546,2026-07-15 19:58:41
3728,254.64,254.0,254.32,0.64,1,1784145543,1784145543253,2026-07-15 19:59:05
3729,0.0,0.0,0.0,0.0,1,1764201641,1764201641494,2025-11-27 00:00:42
3730,22.03,21.93,21.98,0.1,1,1783013407,1783013407495,2026-07-02 17:30:09
3731,180.18,180.05,180.115,0.13,1,1784145546,1784145546581,2026-07-15 19:59:08
3732,1.69,1.6,1.645,0.09,1,1784038969,1784038969631,2026-07-14 14:22:50
3822,55.83,55.69,55.76,0.14,1,1784145537,1784145537594,2026-07-15 19:59:02
3827,178.4,178.27,178.335,0.13,1,1784145547,1784145547728,2026-07-15 19:59:08
3843,6.54,6.42,6.48,0.12,1,1784145520,1784145520361,2026-07-15 19:58:44
3854,375.35,374.71,375.03,0.64,1,1784145535,1784145535155,2026-07-15 19:58:56
3864,56.83,56.65,56.74,0.18,1,1784145544,1784145544003,2026-07-15 19:59:08
3865,80.65,80.37,80.51,0.28,1,1784145543,1784145543009,2026-07-15 19:59:08
3866,1.75,1.65,1.7,0.1,1,1784135607,1784135607106,2026-07-15 17:13:29
3867,4.74,4.63,4.685,0.11,1,1784145533,1784145533706,2026-07-15 19:58:56
3870,291.52,291.33,291.425,0.19,1,1784145546,1784145546302,2026-07-15 19:59:08
3905,193.25,193.01,193.13,0.24,1,1784145540,1784145540288,2026-07-15 19:59:02
3908,38.17,38.03,38.1,0.14,1,1784145547,1784145547965,2026-07-15 19:59:08
3919,20.23,20.12,20.175,0.11,1,1784145548,1784145548335,2026-07-15 19:59:08
3951,0.0,0.0,0.0,0.0,1,1756877644,1756877644309,2025-09-03 06:34:10
3952,348.44,347.91,348.175,0.53,1,1784145502,1784145502661,2026-07-15 19:58:26
3953,225.91,225.79,225.85,0.12,1,1784145541,1784145541729,2026-07-15 19:59:02
3954,4.13,4.03,4.08,0.1,1,1784145446,1784145446356,2026-07-15 19:57:26
3965,391.76,391.4,391.58,0.36,1,1784145540,1784145540531,2026-07-15 19:59:02
3970,166.91,166.77,166.84,0.14,1,1764639748,1764639748841,2025-12-02 01:42:30
3972,12.76,12.66,12.71,0.1,1,1784145545,1784145545952,2026-07-15 19:59:08
3975,185.83,185.47,185.65,0.36,1,1784145537,1784145537600,2026-07-15 19:58:59
3976,0.0,0.0,0.0,0.0,1,1764201641,1764201641526,2025-11-27 00:00:42
4005,169.64,168.95,169.295,0.69,1,1784145546,1784145546589,2026-07-15 19:59:08
4027,104.93,104.8,104.865,0.13,1,1784145547,1784145547717,2026-07-15 19:59:08
4028,181.38,181.23,181.305,0.15,1,1784145539,1784145539700,2026-07-15 19:59:02
4062,111.09,110.83,110.96,0.26,1,1784145544,1784145544378,2026-07-15 19:59:05
4063,4710.16,4660.66,4685.41,49.5,1,1784145545,1784145545387,2026-07-15 19:59:08
4064,55.31,54.66,54.985,0.65,1,1784145542,1784145542068,2026-07-15 19:59:02
4065,42.22,42.08,42.15,0.14,1,1783013407,1783013407539,2026-07-02 17:30:09
4066,98.16,97.96,98.06,0.2,1,1784145547,1784145547360,2026-07-15 19:59:08
4067,16.57,16.47,16.52,0.1,1,1783013407,1783013407542,2026-07-02 17:30:09
4068,170.23,169.37,169.8,0.86,1,1784145502,1784145502402,2026-07-15 19:58:26
4069,5.22,5.12,5.17,0.1,1,1784145547,1784145547735,2026-07-15 19:59:08
4070,78.97,78.85,78.91,0.12,1,1784145542,1784145542623,2026-07-15 19:59:05
4143,67.49,67.13,67.31,0.36,1,1784145546,1784145546582,2026-07-15 19:59:08
4151,4.86,4.74,4.8,0.12,1,1784145547,1784145547522,2026-07-15 19:59:08
4173,20.74,20.61,20.675,0.13,1,1784145540,1784145540554,2026-07-15 19:59:02
4185,2.72,2.62,2.67,0.1,1,1784145494,1784145494223,2026-07-15 19:58:14
4201,10.57,10.47,10.52,0.1,1,1784145261,1784145261762,2026-07-15 19:54:23
4202,482.17,481.66,481.915,0.51,1,1784145545,1784145545543,2026-07-15 19:59:05
4222,0.0,0.0,0.0,0.0,1,1762732847,1762732847649,2025-11-10 00:00:50
4223,71.41,71.19,71.3,0.22,1,1784145546,1784145546582,2026-07-15 19:59:08
4226,15.09,15.08,15.085,0.01,1,1784145546,1784145546249,2026-07-15 19:59:08
4230,93.03,92.75,92.89,0.28,1,1784145544,1784145544369,2026-07-15 19:59:05
4245,8.46,8.35,8.405,0.11,1,1784145416,1784145416753,2026-07-15 19:56:59
4287,88.01,87.77,87.89,0.24,1,1784145547,1784145547952,2026-07-15 19:59:08
4290,0.0,0.0,0.0,0.0,1,1764201641,1764201641576,2025-11-27 00:00:42
4303,21.39,21.26,21.325,0.13,1,1784145547,1784145547075,2026-07-15 19:59:08
4345,31.48,31.37,31.425,0.11,1,1784145546,1784145546579,2026-07-15 19:59:08
4356,137.27,137.11,137.19,0.16,1,1784145545,1784145545739,2026-07-15 19:59:11
4373,108.17,108.02,108.095,0.15,1,1784145387,1784145387678,2026-07-15 19:56:29
4388,176.94,176.55,176.745,0.39,1,1784145542,1784145542600,2026-07-15 19:59:02
4446,394.85,394.75,394.8,0.1,1,1784145548,1784145548346,2026-07-15 19:59:08
4449,420.95,420.8,420.875,0.15,1,1784145547,1784145547306,2026-07-15 19:59:08
4475,46.38,46.18,46.28,0.2,1,1784145543,1784145543460,2026-07-15 19:59:05
4488,72.65,72.55,72.6,0.1,1,1784145548,1784145548166,2026-07-15 19:59:08
4510,61.48,61.37,61.425,0.11,1,1784145547,1784145547328,2026-07-15 19:59:08
4560,356.38,356.17,356.275,0.21,1,1784145548,1784145548170,2026-07-15 19:59:08
4562,14.73,14.61,14.67,0.12,1,1784145387,1784145387295,2026-07-15 19:56:29
4691,0.0,0.0,0.0,0.0,1,1764201641,1764201641637,2025-11-27 00:00:42
4693,42.6,42.48,42.54,0.12,1,1784145513,1784145513871,2026-07-15 19:58:38
4704,27.36,27.23,27.295,0.13,1,1784145348,1784145348197,2026-07-15 19:55:50
4721,87.13,87.01,87.07,0.12,1,1784145547,1784145547718,2026-07-15 19:59:08
4745,112.2,112.04,112.12,0.16,1,1784145547,1784145547310,2026-07-15 19:59:08
4774,8.08,7.97,8.025,0.11,1,1784145547,1784145547325,2026-07-15 19:59:08
4795,56.52,56.42,56.47,0.1,1,1784145547,1784145547743,2026-07-15 19:59:11
4808,144.44,144.34,144.39,0.1,1,1784145547,1784145547732,2026-07-15 19:59:11
4852,92.62,92.34,92.48,0.28,1,1784145547,1784145547081,2026-07-15 19:59:11
4855,149.24,148.54,148.89,0.7,1,1784145547,1784145547323,2026-07-15 19:59:11
4861,60.05,59.95,60.0,0.1,1,1784101412,1784101412660,2026-07-15 07:43:35
4863,78.65,78.5,78.575,0.15,1,1784129395,1784129395776,2026-07-15 15:29:56
4864,65.55,65.15,65.35,0.4,1,1784129397,1784129397563,2026-07-15 15:29:59
4865,114.12,113.93,114.025,0.19,1,1784129413,1784129413932,2026-07-15 15:30:14
4866,0.0,0.0,0.0,0.0,1,1764201640,1764201640867,2025-11-27 00:00:41
4867,36.04,35.89,35.965,0.15,1,1784129404,1784129404951,2026-07-15 15:30:05
4868,0.0,0.0,0.0,0.0,1,1756877643,1756877643393,2025-09-03 06:34:10
4870,183.44,183.01,183.225,0.43,1,1784129411,1784129411766,2026-07-15 15:30:14
4871,15.89,15.52,15.705,0.37,1,1784122180,1784122180877,2026-07-15 13:29:44
4872,29.36,29.21,29.285,0.15,1,1784129323,1784129323222,2026-07-15 15:28:47
4874,42.04,41.91,41.975,0.13,1,1784129393,1784129393602,2026-07-15 15:29:53
4875,415.11,415.01,415.06,0.1,1,1784129402,1784129402401,2026-07-15 15:30:05
4876,415.52,414.58,415.05,0.94,1,1784129402,1784129402016,2026-07-15 15:30:02
4877,20.98,20.22,20.6,0.76,1,1784129134,1784129134761,2026-07-15 15:25:38
4878,71.68,71.22,71.45,0.46,1,1784129399,1784129399272,2026-07-15 15:29:59
4879,2.22,2.12,2.17,0.1,1,1784129405,1784129405100,2026-07-15 15:30:08
4880,0.0,0.0,0.0,0.0,1,1764201640,1764201640988,2025-11-27 00:00:41
4881,48.22,48.11,48.165,0.11,1,1784129404,1784129404759,2026-07-15 15:30:05
4882,36.6,36.5,36.55,0.1,1,1765756607,1765756607925,2025-12-14 23:56:49
4883,48.1,47.95,48.025,0.15,1,1784129411,1784129411489,2026-07-15 15:30:14
4884,30.82,30.7,30.76,0.12,1,1784129389,1784129389538,2026-07-15 15:29:50
4885,8.65,8.45,8.55,0.2,1,1784124502,1784124502218,2026-07-15 14:08:26
4887,78.68,78.48,78.58,0.2,1,1784129407,1784129407521,2026-07-15 15:30:11
4888,34.49,34.26,34.375,0.23,1,1784129386,1784129386493,2026-07-15 15:29:47
4889,58.74,58.6,58.67,0.14,1,1784129413,1784129413402,2026-07-15 15:30:17
4890,89.43,89.19,89.31,0.24,1,1764633659,1764633659269,2025-12-02 00:01:00
4891,59.44,59.34,59.39,0.1,1,1784129393,1784129393856,2026-07-15 15:29:56
4893,38.03,37.87,37.95,0.16,1,1784129194,1784129194910,2026-07-15 15:26:35
4894,1.12,1.0,1.06,0.12,1,1784123737,1784123737854,2026-07-15 13:55:41
4895,3.11,3.0,3.055,0.11,1,1784129092,1784129092931,2026-07-15 15:24:56
4896,57.72,57.32,57.52,0.4,1,1783006023,1783006023930,2026-07-02 15:27:06
4897,2.74,2.59,2.665,0.15,1,1784122417,1784122417819,2026-07-15 13:33:38
4898,38.32,38.18,38.25,0.14,1,1784129359,1784129359505,2026-07-15 15:29:23
4900,0.0,0.0,0.0,0.0,1,1764201641,1764201641082,2025-11-27 00:00:42
4901,0.0,0.0,0.0,0.0,1,1756877643,1756877643662,2025-09-03 06:34:10
4902,4.09,3.99,4.04,0.1,1,1784129060,1784129060541,2026-07-15 15:24:20
4903,23.83,23.67,23.75,0.16,1,1784129401,1784129401148,2026-07-15 15:30:02
4904,72.7,72.51,72.605,0.19,1,1784129388,1784129388494,2026-07-15 15:29:50
4905,0.0,0.0,0.0,0.0,1,1764201641,1764201641114,2025-11-27 00:00:42
4906,95.3,94.8,95.05,0.5,1,1784129400,1784129400551,2026-07-15 15:30:02
4907,74.97,74.33,74.65,0.64,1,1783006024,1783006024007,2026-07-02 15:27:06
4908,46.29,46.19,46.24,0.1,1,1784129412,1784129412184,2026-07-15 15:30:17
4909,257.47,257.05,257.26,0.42,1,1784129412,1784129412783,2026-07-15 15:30:14
4910,257.56,256.94,257.25,0.62,1,1784129412,1784129412603,2026-07-15 15:30:14
4911,22.03,21.87,21.95,0.16,1,1784124326,1784124326066,2026-07-15 14:05:26
4912,31.69,31.59,31.64,0.1,1,1784129414,1784129414346,2026-07-15 15:30:17
4913,38.72,38.51,38.615,0.21,1,1784129409,1784129409438,2026-07-15 15:30:14
4914,57.67,57.51,57.59,0.16,1,1784129413,1784129413983,2026-07-15 15:30:17
4915,43.55,43.2,43.375,0.35,1,1784129273,1784129273779,2026-07-15 15:27:56
4916,72.97,71.83,72.4,1.14,1,1784125487,1784125487950,2026-07-15 14:24:53
4917,26.57,26.46,26.515,0.11,1,1784129404,1784129404611,2026-07-15 15:30:08
4919,17.96,17.88,17.92,0.08,1,1784129308,1784129308544,2026-07-15 15:28:29
4920,18.38,18.3,18.34,0.08,1,1784129358,1784129358545,2026-07-15 15:29:20
4922,68.89,68.49,68.69,0.4,1,1784129343,1784129343293,2026-07-15 15:29:08
4924,0.0,0.0,0.0,0.0,1,1764201641,1764201641185,2025-11-27 00:00:42
4925,36.81,36.29,36.55,0.52,1,1784129157,1784129157554,2026-07-15 15:25:59
4926,158.48,157.92,158.2,0.56,1,1784129347,1784129347268,2026-07-15 15:29:08
4927,112.5,112.31,112.405,0.19,1,1764633659,1764633659430,2025-12-02 00:01:00
4928,19.408,19.383,19.3955,0.025,1,1784129408,1784129408838,2026-07-15 15:30:14
4929,14.31,14.24,14.275,0.07,1,1784129243,1784129243071,2026-07-15 15:27:23
4930,57.01,56.84,56.925,0.17,1,1784129407,1784129407521,2026-07-15 15:30:08
4931,16.89,16.79,16.84,0.1,1,1784129318,1784129318901,2026-07-15 15:28:41
4933,3.49,3.44,3.465,0.05,1,1784129406,1784129406874,2026-07-15 15:30:08
4934,20.05,19.91,19.98,0.14,1,1784129399,1784129399046,2026-07-15 15:29:59
4935,39.51,39.37,39.44,0.14,1,1784128778,1784128778645,2026-07-15 15:19:38
4941,68.42,68.23,68.325,0.19,1,1784129392,1784129392508,2026-07-15 15:29:53
4942,41.77,41.66,41.715,0.11,1,1784129404,1784129404784,2026-07-15 15:30:05
4944,18.53,18.15,18.34,0.38,1,1784123891,1784123891275,2026-07-15 13:58:11
4945,59.36,59.14,59.25,0.22,1,1784129411,1784129411784,2026-07-15 15:30:14
4946,74.54,74.35,74.445,0.19,1,1784129391,1784129391478,2026-07-15 15:29:56
4949,323.94,323.42,323.68,0.52,1,1784129405,1784129405373,2026-07-15 15:30:08
4950,46.4,46.2,46.3,0.2,1,1759273236,1759273236641,2025-10-01 00:00:40
4951,12.08,11.98,12.03,0.1,1,1784129323,1784129323143,2026-07-15 15:28:44
4952,29.37,29.25,29.31,0.12,1,1784129342,1784129342873,2026-07-15 15:29:05
4953,9.06,8.94,9.0,0.12,1,1784129118,1784129118422,2026-07-15 15:25:23
4955,78.98,78.42,78.7,0.56,1,1784129385,1784129385807,2026-07-15 15:29:47
4957,174.32,174.26,174.29,0.06,1,1784129409,1784129409197,2026-07-15 15:30:11
4959,73.53,73.37,73.45,0.16,1,1784129404,1784129404767,2026-07-15 15:30:05
4960,73.53,73.35,73.44,0.18,1,1784129404,1784129404610,2026-07-15 15:30:08
4961,3.57,3.52,3.545,0.05,1,1784129360,1784129360090,2026-07-15 15:29:20
4962,129.03,128.08,128.555,0.95,1,1784129324,1784129324824,2026-07-15 15:28:47
4984,9.19,9.14,9.165,0.05,1,1784129412,1784129412124,2026-07-15 15:30:14
4997,507.02,506.83,506.925,0.19,1,1784129398,1784129398466,2026-07-15 15:30:02
5022,56.86,56.76,56.81,0.1,1,1784129404,1784129404560,2026-07-15 15:30:08
5025,136.91,136.83,136.87,0.08,1,1784129410,1784129410850,2026-07-15 15:30:11
5029,13.99,13.92,13.955,0.07,1,1784129323,1784129323877,2026-07-15 15:28:44
5034,271.11,270.77,270.94,0.34,1,1784129405,1784129405161,2026-07-15 15:30:05
5064,74.2,73.72,73.96,0.48,1,1784129413,1784129413636,2026-07-15 15:30:17
5078,16.67,16.47,16.57,0.2,1,1764633659,1764633659136,2025-12-02 00:01:00
5079,47.55,47.41,47.48,0.14,1,1784129405,1784129405493,2026-07-15 15:30:08
5080,110.2,109.92,110.06,0.28,1,1784129394,1784129394838,2026-07-15 15:29:56
5082,13.09,12.99,13.04,0.1,1,1784129412,1784129412240,2026-07-15 15:30:14
5083,175.8,175.49,175.645,0.31,1,1784129413,1784129413102,2026-07-15 15:30:14
5084,196.52,196.08,196.3,0.44,1,1784129413,1784129413344,2026-07-15 15:30:14
5087,56.31,56.14,56.225,0.17,1,1784129391,1784129391289,2026-07-15 15:29:53
5088,6.93,6.75,6.84,0.18,1,1784124657,1784124657454,2026-07-15 14:10:59
5089,0.0,0.0,0.0,0.0,1,1756877643,1756877643417,2025-09-03 06:34:10
5090,15.67,15.6,15.635,0.07,1,1784129404,1784129404777,2026-07-15 15:30:05
5091,282.49,281.51,282.0,0.98,1,1784129334,1784129334713,2026-07-15 15:28:59
5092,89.62,89.38,89.5,0.24,1,1784129409,1784129409578,2026-07-15 15:30:11
5093,43.86,43.39,43.625,0.47,1,1784129147,1784129147042,2026-07-15 15:25:47
5094,33.08,32.93,33.005,0.15,1,1784129391,1784129391992,2026-07-15 15:29:53
5096,54.88,54.42,54.65,0.46,1,1784129386,1784129386798,2026-07-15 15:29:50
5097,1.12,1.01,1.065,0.11,1,1783006023,1783006023859,2026-07-02 15:27:06
5098,43.89,43.76,43.825,0.13,1,1784129398,1784129398225,2026-07-15 15:29:59
5099,23.61,23.14,23.375,0.47,1,1784128595,1784128595320,2026-07-15 15:16:35
5100,0.32,0.27,0.295,0.05,1,1784012460,1784012460133,2026-07-14 07:01:02
5101,61.77,61.53,61.65,0.24,1,1784129387,1784129387663,2026-07-15 15:29:47
5102,71.78,71.57,71.675,0.21,1,1784129389,1784129389655,2026-07-15 15:29:50
5103,5.18,5.06,5.12,0.12,1,1784129343,1784129343746,2026-07-15 15:29:05
5104,76.29,76.09,76.19,0.2,1,1765756487,1765756487833,2025-12-14 23:54:49
5106,78.52,78.4,78.46,0.12,1,1765756487,1765756487834,2025-12-14 23:54:49
5107,102.65,102.4,102.525,0.25,1,1784129405,1784129405066,2026-07-15 15:30:05
5108,27.46,27.04,27.25,0.42,1,1784129273,1784129273874,2026-07-15 15:27:56
5109,8.41,8.25,8.33,0.16,1,1784129136,1784129136736,2026-07-15 15:25:38
5110,43.19,43.06,43.125,0.13,1,1764633659,1764633659277,2025-12-02 00:01:00
5112,27.32,27.23,27.275,0.09,1,1784129387,1784129387048,2026-07-15 15:29:47
5116,16.53,16.28,16.405,0.25,1,1784129326,1784129326586,2026-07-15 15:28:47
5118,17.82,17.71,17.765,0.11,1,1784129413,1784129413873,2026-07-15 15:30:14
5119,93.23,92.94,93.085,0.29,1,1784129412,1784129412061,2026-07-15 15:30:17
5122,0.21,0.16,0.185,0.05,1,1784124480,1784124480842,2026-07-15 14:08:02
5123,37.34,37.18,37.26,0.16,1,1784129411,1784129411014,2026-07-15 15:30:11
5126,457.3,456.3,456.8,1.0,1,1784129413,1784129413092,2026-07-15 15:30:17
5129,10.45,10.3,10.375,0.15,1,1783006023,1783006023960,2026-07-02 15:27:06
5130,6.26,6.15,6.205,0.11,1,1784129238,1784129238487,2026-07-15 15:27:23
5133,16.32,16.18,16.25,0.14,1,1784129398,1784129398951,2026-07-15 15:30:02
5134,22.75,22.55,22.65,0.2,1,1784118644,1784118644157,2026-07-15 12:30:44
5136,34.49,34.08,34.285,0.41,1,1784128072,1784128072022,2026-07-15 15:07:53
5137,9.16,9.07,9.115,0.09,1,1784125355,1784125355440,2026-07-15 14:22:35
5141,71.94,71.75,71.845,0.19,1,1784129409,1784129409510,2026-07-15 15:30:14
5143,18.67,18.54,18.605,0.13,1,1784129413,1784129413359,2026-07-15 15:30:17
5144,0.0,0.0,0.0,0.0,1,1756877643,1756877643760,2025-09-03 06:34:10
5145,120.33,120.16,120.245,0.17,1,1784129384,1784129384636,2026-07-15 15:29:44
5146,190.65,190.26,190.455,0.39,1,1784129365,1784129365295,2026-07-15 15:29:26
5150,25.72,25.63,25.675,0.09,1,1784129398,1784129398225,2026-07-15 15:29:59
5153,2.93,2.8,2.865,0.13,1,1784129350,1784129350371,2026-07-15 15:29:11
5154,169.21,169.1,169.155,0.11,1,1784129405,1784129405252,2026-07-15 15:30:08
5155,2.03,1.98,2.005,0.05,1,1784129361,1784129361628,2026-07-15 15:29:23
5156,25.03,24.93,24.98,0.1,1,1784129414,1784129414078,2026-07-15 15:30:14
5158,48.22,47.96,48.09,0.26,1,1784129385,1784129385278,2026-07-15 15:29:47
5160,27.18,27.09,27.135,0.09,1,1784129407,1784129407033,2026-07-15 15:30:08
5161,150.15,149.75,149.95,0.4,1,1784129389,1784129389880,2026-07-15 15:29:50
5162,44.1,43.86,43.98,0.24,1,1784129333,1784129333723,2026-07-15 15:28:56
5164,169.37,168.93,169.15,0.44,1,1784129404,1784129404536,2026-07-15 15:30:08
5165,41.54,41.4,41.47,0.14,1,1783006024,1783006024084,2026-07-02 15:27:06
5168,69.73,69.55,69.64,0.18,1,1784129405,1784129405610,2026-07-15 15:30:08
5169,43.46,43.18,43.32,0.28,1,1784129402,1784129402183,2026-07-15 15:30:05
5170,52.86,52.69,52.775,0.17,1,1784129395,1784129395017,2026-07-15 15:29:56
5171,0.0,0.0,0.0,0.0,1,1764201641,1764201641233,2025-11-27 00:00:42
5172,69.12,67.68,68.4,1.44,1,1759273236,1759273236599,2025-10-01 00:00:40
5173,34.64,34.51,34.575,0.13,1,1784129267,1784129267623,2026-07-15 15:27:47
5174,122.68,122.37,122.525,0.31,1,1784129386,1784129386579,2026-07-15 15:29:47
5175,18.54,18.47,18.505,0.07,1,1784129393,1784129393689,2026-07-15 15:29:56
5176,72.58,72.32,72.45,0.26,1,1784129390,1784129390302,2026-07-15 15:29:53
5177,66.45,66.15,66.3,0.3,1,1784129321,1784129321042,2026-07-15 15:28:41
5179,31.45,31.2,31.325,0.25,1,1784126308,1784126308087,2026-07-15 14:38:32
5180,8.82,8.65,8.735,0.17,1,1784129388,1784129388513,2026-07-15 15:29:53
5181,186.99,186.41,186.7,0.58,1,1784129386,1784129386093,2026-07-15 15:29:47
5182,220.83,220.5,220.665,0.33,1,1784129404,1784129404951,2026-07-15 15:30:08
5183,1687.32,1683.68,1685.5,3.64,1,1784129406,1784129406591,2026-07-15 15:30:11
5184,18.82,18.74,18.78,0.08,1,1784129387,1784129387415,2026-07-15 15:29:47
5185,354.93,352.57,353.75,2.36,1,1784129390,1784129390682,2026-07-15 15:29:50
5186,97.0,96.5,96.75,0.5,1,1784129407,1784129407206,2026-07-15 15:30:08
5187,22.23,22.11,22.17,0.12,1,1784129412,1784129412045,2026-07-15 15:30:14
5245,76.21,75.93,76.07,0.28,1,1784129411,1784129411438,2026-07-15 15:30:14
5275,70.99,70.84,70.915,0.15,1,1784129410,1784129410569,2026-07-15 15:30:11
5291,8.31,8.24,8.275,0.07,1,1784129412,1784129412160,2026-07-15 15:30:14
5292,21.28,21.24,21.26,0.04,1,1784129305,1784129305180,2026-07-15 15:28:29
5293,10.71,10.67,10.69,0.04,1,1784129400,1784129400862,2026-07-15 15:30:02
5294,7.21,7.08,7.145,0.13,1,1784129385,1784129385725,2026-07-15 15:29:47
5296,30.41,30.39,30.4,0.02,1,1784129385,1784129385495,2026-07-15 15:29:47
5297,36.96,36.8,36.88,0.16,1,1784129408,1784129408196,2026-07-15 15:30:08
5298,15.53,15.46,15.495,0.07,1,1784129411,1784129411296,2026-07-15 15:30:11
5300,2.99,2.98,2.985,0.01,1,1784129331,1784129331966,2026-07-15 15:28:56
5304,10.33,10.25,10.29,0.08,1,1784129407,1784129407201,2026-07-15 15:30:11
5307,14.78,14.75,14.765,0.03,1,1784129369,1784129369480,2026-07-15 15:29:29
5308,0.79,0.79,0.79,0.0,1,1783071231,1783071231872,2026-07-03 09:33:54
5309,10.62,10.57,10.595,0.05,1,1784129390,1784129390959,2026-07-15 15:29:53
5311,81.22,80.88,81.05,0.34,1,1784129369,1784129369402,2026-07-15 15:29:32
5312,27.8,27.7,27.75,0.1,1,1784129129,1784129129571,2026-07-15 15:25:29
5313,0.0,0.0,0.0,0.0,1,1756877643,1756877643755,2025-09-03 06:34:10
5314,68.7,68.55,68.625,0.15,1,1784129167,1784129167205,2026-07-15 15:26:08
5317,70.01,69.71,69.86,0.3,1,1784129391,1784129391883,2026-07-15 15:29:53
5318,11.3,11.2,11.25,0.1,1,1784119169,1784119169224,2026-07-15 12:39:29
5319,52.6,52.48,52.54,0.12,1,1784129398,1784129398917,2026-07-15 15:30:02
5323,19.09,19.06,19.075,0.03,1,1784128402,1784128402072,2026-07-15 15:13:23
5324,5.08,5.07,5.075,0.01,1,1784129173,1784129173031,2026-07-15 15:26:14
5331,8.98,8.96,8.97,0.02,1,1784129099,1784129099523,2026-07-15 15:25:02
5333,4.66,4.64,4.65,0.02,1,1784129411,1784129411277,2026-07-15 15:30:11
5334,3.9,3.85,3.875,0.05,1,1784129406,1784129406485,2026-07-15 15:30:08
5335,14.87,14.86,14.865,0.01,1,1784129220,1784129220804,2026-07-15 15:27:02
5336,9.95,9.9,9.925,0.05,1,1784129405,1784129405595,2026-07-15 15:30:08
5338,4.18,3.99,4.085,0.19,1,1783006024,1783006024204,2026-07-02 15:27:06
5341,6.35,6.32,6.335,0.03,1,1784129409,1784129409425,2026-07-15 15:30:11
5344,13.97,13.95,13.96,0.02,1,1784129332,1784129332429,2026-07-15 15:28:53
5348,6.84,6.82,6.83,0.02,1,1784129176,1784129176105,2026-07-15 15:26:17
5354,51.16,50.94,51.05,0.22,1,1784129407,1784129407271,2026-07-15 15:30:08
5357,4.16,4.14,4.15,0.02,1,1784129398,1784129398637,2026-07-15 15:29:59
5358,6.19,6.17,6.18,0.02,1,1784129002,1784129002704,2026-07-15 15:23:26
5364,330.2,328.05,329.125,2.15,1,1784129412,1784129412125,2026-07-15 15:30:14
5366,97.48,97.37,97.425,0.11,1,1784129389,1784129389547,2026-07-15 15:29:50
5367,4.65,4.64,4.645,0.01,1,1784127738,1784127738935,2026-07-15 15:02:23
5372,38.42,38.38,38.4,0.04,1,1784128500,1784128500975,2026-07-15 15:15:02
5373,60.4,60.2,60.3,0.2,1,1784128511,1784128511935,2026-07-15 15:15:17
5374,4.35,4.33,4.34,0.02,1,1784129408,1784129408957,2026-07-15 15:30:11
5379,24.64,24.53,24.585,0.11,1,1784129400,1784129400442,2026-07-15 15:30:02
5382,7.95,7.94,7.945,0.01,1,1784129387,1784129387568,2026-07-15 15:29:47
5393,388.47,386.53,387.5,1.94,1,1784128708,1784128708139,2026-07-15 15:18:29
5394,46.66,46.04,46.35,0.62,1,1784129187,1784129187978,2026-07-15 15:26:32
5395,338.3,337.5,337.9,0.8,1,1784129394,1784129394914,2026-07-15 15:29:59
5397,3578.49,3577.49,3577.99,1.0,1,1784129410,1784129410184,2026-07-15 15:30:11
5402,3588.42,3579.58,3584.0,8.84,1,1784129050,1784129050899,2026-07-15 15:24:14
5403,47.72,46.4,47.06,1.32,1,1778386895,1778386895078,2026-05-10 04:21:36
5405,5324.51,5321.51,5323.01,3.0,1,1783006023,1783006023809,2026-07-02 15:27:06
5406,602.41,600.09,601.25,2.32,1,1784129219,1784129219764,2026-07-15 15:27:02
5407,39.3,34.61,36.955,4.69,1,1784129413,1784129413094,2026-07-15 15:30:14
5409,91.93,91.47,91.7,0.46,1,1784129380,1784129380426,2026-07-15 15:29:44
5410,0.0,0.0,0.0,0.0,1,1756877643,1756877643451,2025-09-03 06:34:10
5412,213.73,212.67,213.2,1.06,1,1784129396,1784129396781,2026-07-15 15:29:59
5415,0.0,0.0,0.0,0.0,1,1756877643,1756877643459,2025-09-03 06:34:10
5418,513.3,511.3,512.3,2.0,1,1784129397,1784129397532,2026-07-15 15:30:02
5419,658.26,657.36,657.81,0.9,1,1784129402,1784129402305,2026-07-15 15:30:05
5420,1655.74,1648.26,1652.0,7.48,1,1784127796,1784127796304,2026-07-15 15:03:20
5421,1265300.75,1265297.25,1265299.0,3.5,1,1760968088,1760968088163,2025-10-20 14:48:10
5422,1027.44,1025.56,1026.5,1.88,1,1784129350,1784129350364,2026-07-15 15:29:11
5423,1829.26,1828.26,1828.76,1.0,1,1784129405,1784129405607,2026-07-15 15:30:08
5424,637.69,634.31,636.0,3.38,1,1784129223,1784129223292,2026-07-15 15:27:05
5425,231.66,230.34,231.0,1.32,1,1783006023,1783006023866,2026-07-02 15:27:06
5426,865.35,863.65,864.5,1.7,1,1784129390,1784129390182,2026-07-15 15:29:50
5427,429.93,429.55,429.74,0.38,1,1764633659,1764633659231,2025-12-02 00:01:00
5429,4399.31,4397.71,4398.51,1.6,1,1784129402,1784129402570,2026-07-15 15:30:05
5430,137.52,136.68,137.1,0.84,1,1757372438,1757372438242,2025-09-09 00:00:40
5431,0.0,0.0,0.0,0.0,1,1764201641,1764201641013,2025-11-27 00:00:41
5432,0.0,0.0,0.0,0.0,1,1764201641,1764201641014,2025-11-27 00:00:41
5433,1288.05,1286.45,1287.25,1.6,1,1784128691,1784128691346,2026-07-15 15:18:11
5440,216.29,213.71,215.0,2.58,1,1784128019,1784128019679,2026-07-15 15:06:59
5441,3168.0,3167.0,3167.5,1.0,1,1784129366,1784129366249,2026-07-15 15:29:26
5443,0.0,0.0,0.0,0.0,1,1764201641,1764201641029,2025-11-27 00:00:42
5445,3429.45,3414.55,3422.0,14.9,1,1784129232,1784129232707,2026-07-15 15:27:14
5449,0.0,0.0,0.0,0.0,1,1756877643,1756877643573,2025-09-03 06:34:10
5450,149.75,149.05,149.4,0.7,1,1784129204,1784129204795,2026-07-15 15:26:47
5451,2715.92,2714.07,2714.995,1.85,1,1784129358,1784129358915,2026-07-15 15:29:20
5452,169.91,165.09,167.5,4.82,1,1784122522,1784122522058,2026-07-15 13:35:23
5453,668.43,664.57,666.5,3.86,1,1784129410,1784129410736,2026-07-15 15:30:11
5454,510.8,510.0,510.4,0.8,1,1784129411,1784129411699,2026-07-15 15:30:14
5455,1089.97,1088.02,1088.995,1.95,1,1784129405,1784129405520,2026-07-15 15:30:05
5462,195.44,195.04,195.24,0.4,1,1784129393,1784129393123,2026-07-15 15:29:56
5463,1498.36,1491.64,1495.0,6.72,1,1784129391,1784129391071,2026-07-15 15:29:53
5464,0.0,0.0,0.0,0.0,1,1764201641,1764201641055,2025-11-27 00:00:42
5466,0.0,0.0,0.0,0.0,1,1764201641,1764201641057,2025-11-27 00:00:42
5467,0.0,0.0,0.0,0.0,1,1764201641,1764201641058,2025-11-27 00:00:42
5468,1948.87,1940.13,1944.5,8.74,1,1784129399,1784129399095,2026-07-15 15:29:59
5472,70.32,69.88,70.1,0.44,1,1784129395,1784129395178,2026-07-15 15:29:59
5473,413.97,410.23,412.1,3.74,1,1784129328,1784129328713,2026-07-15 15:28:50
5474,4539.91,4526.09,4533.0,13.82,1,1784129312,1784129312645,2026-07-15 15:28:32
5476,1809.31,1807.71,1808.51,1.6,1,1762757398,1762757398961,2025-11-10 06:50:00
5477,0.0,0.0,0.0,0.0,1,1764201641,1764201641088,2025-11-27 00:00:42
5479,541.19,539.31,540.25,1.88,1,1784129354,1784129354883,2026-07-15 15:29:17
5480,4674.68,4661.32,4668.0,13.36,1,1784129001,1784129001614,2026-07-15 15:23:23
5481,49.08,47.02,48.05,2.06,1,1784126769,1784126769079,2026-07-15 14:46:14
5482,177.25,177.0,177.125,0.25,1,1784129408,1784129408968,2026-07-15 15:30:11
5484,75.51,75.14,75.325,0.37,1,1784129315,1784129315692,2026-07-15 15:28:38
5485,32.75,30.75,31.75,2.0,1,1784129405,1784129405854,2026-07-15 15:30:11
5486,0.0,0.0,0.0,0.0,1,1764201641,1764201641121,2025-11-27 00:00:42
5487,2891.39,2887.59,2889.49,3.8,1,1784129321,1784129321735,2026-07-15 15:28:47
5491,330.54,328.46,329.5,2.08,1,1784129355,1784129355647,2026-07-15 15:29:17
5492,212.87,212.13,212.5,0.74,1,1784129381,1784129381887,2026-07-15 15:29:44
5495,5534.54,5515.46,5525.0,19.08,1,1784129389,1784129389374,2026-07-15 15:29:50
5496,6327.91,6322.11,6325.01,5.8,1,1784129394,1784129394063,2026-07-15 15:29:59
5497,142.3,140.7,141.5,1.6,1,1784127412,1784127412861,2026-07-15 14:56:53
5498,1531.67,1530.82,1531.245,0.85,1,1784129391,1784129391851,2026-07-15 15:29:56
5499,248.55,225.46,237.005,23.09,1,1759273236,1759273236515,2025-10-01 00:00:40
5501,0.0,0.0,0.0,0.0,1,1764201641,1764201641156,2025-11-27 00:00:42
5503,2046.14,2033.86,2040.0,12.28,1,1784129295,1784129295826,2026-07-15 15:28:17
5504,814.78,810.22,812.5,4.56,1,1784129311,1784129311114,2026-07-15 15:28:32
5505,191.31,190.09,190.7,1.22,1,1784129392,1784129392962,2026-07-15 15:29:53
5506,0.0,0.0,0.0,0.0,1,1756877643,1756877643797,2025-09-03 06:34:10
5507,6778.66,6761.34,6770.0,17.32,1,1784129313,1784129313033,2026-07-15 15:28:35
5508,775.95,773.05,774.5,2.9,1,1784129405,1784129405098,2026-07-15 15:30:05
5509,667.07,662.93,665.0,4.14,1,1784128777,1784128777442,2026-07-15 15:19:38
5510,651.36,648.14,649.75,3.22,1,1784129395,1784129395134,2026-07-15 15:29:59
5511,815.84,812.16,814.0,3.68,1,1784126804,1784126804790,2026-07-15 14:46:47
5512,157.76,157.04,157.4,0.72,1,1784128777,1784128777214,2026-07-15 15:19:38
5514,571.15,568.65,569.9,2.5,1,1784129383,1784129383266,2026-07-15 15:29:44
5516,84.51,83.39,83.95,1.12,1,1784129398,1784129398579,2026-07-15 15:30:02
5521,2695.63,2693.38,2694.505,2.25,1,1784129392,1784129392778,2026-07-15 15:29:56
5522,676.93,676.33,676.63,0.6,1,1784129412,1784129412572,2026-07-15 15:30:17
5529,180.1,179.7,179.9,0.4,1,1784129406,1784129406946,2026-07-15 15:30:08
5532,137.52,136.48,137.0,1.04,1,1784129409,1784129409317,2026-07-15 15:30:14
5533,55.85,54.45,55.15,1.4,1,1757372438,1757372438490,2025-09-09 00:00:40
5534,759.28,757.73,758.505,1.55,1,1784128568,1784128568194,2026-07-15 15:16:11
5535,2495.89,2495.09,2495.49,0.8,1,1784129362,1784129362817,2026-07-15 15:29:23
5536,357.96,352.04,355.0,5.92,1,1759273236,1759273236606,2025-10-01 00:00:40
5539,28.75,28.41,28.58,0.34,1,1783508597,1783508597411,2026-07-08 11:03:17
5540,20349.47,20290.53,20320.0,58.94,1,1784129338,1784129338229,2026-07-15 15:28:59
5541,97.49,96.41,96.95,1.08,1,1784129394,1784129394114,2026-07-15 15:29:59
5543,52.84,51.36,52.1,1.48,1,1784122291,1784122291637,2026-07-15 13:31:35
5544,559.25,556.75,558.0,2.5,1,1784129246,1784129246274,2026-07-15 15:27:29
5545,917.03,913.37,915.2,3.66,1,1784129362,1784129362987,2026-07-15 15:29:23
5546,524.35,523.43,523.89,0.92,1,1784129414,1784129414339,2026-07-15 15:30:14
5547,2150.04,2137.96,2144.0,12.08,1,1784129284,1784129284778,2026-07-15 15:28:05
5548,1573.31,1564.69,1569.0,8.62,1,1784128424,1784128424400,2026-07-15 15:13:47
5549,174.74,173.76,174.25,0.98,1,1784129412,1784129412225,2026-07-15 15:30:14
5551,200.76,199.24,200.0,1.52,1,1784128823,1784128823930,2026-07-15 15:20:26
5552,48.19,47.77,47.98,0.42,1,1784129332,1784129332746,2026-07-15 15:28:53
5553,226.58,225.22,225.9,1.36,1,1784128843,1784128843076,2026-07-15 15:20:44
5555,239.85,238.15,239.0,1.7,1,1784128916,1784128916141,2026-07-15 15:21:56
5562,3596.0,3594.0,3595.0,2.0,1,1784129245,1784129245392,2026-07-15 15:27:26
5563,371.15,370.85,371.0,0.3,1,1784128959,1784128959858,2026-07-15 15:22:41
5565,448.28,446.72,447.5,1.56,1,1784129245,1784129245148,2026-07-15 15:27:29
5567,3057.99,3042.01,3050.0,15.98,1,1784128914,1784128914022,2026-07-15 15:21:56
5570,1869.01,1867.01,1868.01,2.0,1,1784129376,1784129376496,2026-07-15 15:29:41
5571,458.96,457.04,458.0,1.92,1,1784129351,1784129351542,2026-07-15 15:29:11
5574,798.34,795.66,797.0,2.68,1,1784129333,1784129333207,2026-07-15 15:28:53
5580,97.11,96.48,96.795,0.63,1,1784129383,1784129383270,2026-07-15 15:29:44
5583,1442.56,1437.44,1440.0,5.12,1,1759273236,1759273236700,2025-10-01 00:00:40
5586,437.11,434.9,436.005,2.21,1,1784125561,1784125561789,2026-07-15 14:26:05
5589,1770.05,1765.95,1768.0,4.1,1,1784129392,1784129392392,2026-07-15 15:29:53
5593,383.56,381.44,382.5,2.12,1,1784129412,1784129412489,2026-07-15 15:30:14
5594,0.0,0.0,0.0,0.0,1,1764201641,1764201641341,2025-11-27 00:00:42
5595,2667.09,2665.89,2666.49,1.2,1,1784129393,1784129393011,2026-07-15 15:29:53
5597,2740.11,2737.91,2739.01,2.2,1,1784129406,1784129406732,2026-07-15 15:30:11
5598,2879.96,2874.04,2877.0,5.92,1,1784129413,1784129413932,2026-07-15 15:30:14
5599,793.44,790.56,792.0,2.88,1,1784129376,1784129376260,2026-07-15 15:29:38
5600,1246.46,1244.72,1245.59,1.74,1,1783006024,1783006024208,2026-07-02 15:27:06
5603,615.36,613.64,614.5,1.72,1,1784129353,1784129353919,2026-07-15 15:29:14
5606,64.43,63.97,64.2,0.46,1,1784129368,1784129368760,2026-07-15 15:29:29
5613,73.29,72.64,72.965,0.65,1,1784129401,1784129401026,2026-07-15 15:30:02
5616,194.06,193.24,193.65,0.82,1,1784129372,1784129372244,2026-07-15 15:29:35
5626,219.12,218.38,218.75,0.74,1,1783006024,1783006024223,2026-07-02 15:27:06
5629,219.82,219.18,219.5,0.64,1,1784129186,1784129186093,2026-07-15 15:26:26
5630,3409.08,3398.92,3404.0,10.16,1,1784129400,1784129400676,2026-07-15 15:30:02
5631,185.9,183.7,184.8,2.2,1,1784129134,1784129134259,2026-07-15 15:25:38
5632,801.84,796.66,799.25,5.18,1,1784129150,1784129150953,2026-07-15 15:25:53
5633,0.0,0.0,0.0,0.0,1,1764201641,1764201641378,2025-11-27 00:00:42
5634,0.0,0.0,0.0,0.0,1,1764201641,1764201641381,2025-11-27 00:00:42
5639,112.56,112.22,112.39,0.34,1,1784129392,1784129392629,2026-07-15 15:29:53
5661,169.12,168.08,168.6,1.04,1,1784129163,1784129163347,2026-07-15 15:26:05
5681,609.5,607.5,608.5,2.0,1,1784129233,1784129233013,2026-07-15 15:27:14
5687,7.4,7.22,7.31,0.18,1,1784129292,1784129292379,2026-07-15 15:28:17
5692,4193.44,4186.56,4190.0,6.88,1,1784128393,1784128393179,2026-07-15 15:13:17
5701,395.2,393.4,394.3,1.8,1,1784127663,1784127663515,2026-07-15 15:01:08
5711,6882.51,6880.51,6881.51,2.0,1,1784129411,1784129411482,2026-07-15 15:30:11
5746,4362.0,4360.0,4361.0,2.0,1,1784129391,1784129391264,2026-07-15 15:29:56
5762,186.07,185.13,185.6,0.94,1,1784129329,1784129329143,2026-07-15 15:28:53
5772,559.46,557.04,558.25,2.42,1,1784129364,1784129364344,2026-07-15 15:29:26
5775,877.01,870.99,874.0,6.02,1,1784129381,1784129381144,2026-07-15 15:29:41
5786,471.56,470.76,471.16,0.8,1,1784129392,1784129392627,2026-07-15 15:29:56
5787,0.0,0.0,0.0,0.0,1,1764201641,1764201641607,2025-11-27 00:00:42
5800,113.05,112.81,112.93,0.24,1,1784129404,1784129404073,2026-07-15 15:30:08
5805,2408.24,2399.76,2404.0,8.48,1,1784129404,1784129404870,2026-07-15 15:30:05
5806,29.62,29.0,29.31,0.62,1,1783006024,1783006024523,2026-07-02 15:27:06
5807,950.7,948.9,949.8,1.8,1,1784129413,1784129413965,2026-07-15 15:30:17
5808,1140.0,1135.0,1137.5,5.0,1,1784129337,1784129337065,2026-07-15 15:28:59
5809,349.53,346.07,347.8,3.46,1,1784128753,1784128753730,2026-07-15 15:19:14
5823,338.49,337.98,338.235,0.51,1,1784128451,1784128451890,2026-07-15 15:14:17
5824,4693.35,4689.25,4691.3,4.1,1,1784128844,1784128844400,2026-07-15 15:20:47
5825,175.98,175.61,175.795,0.37,1,1764657727,1764657727965,2025-12-02 06:42:08
5826,64298.0,64151.0,64224.5,147.0,1,1784129312,1784129312706,2026-07-15 15:28:35
5827,77.59,77.52,77.555,0.07,1,1784129365,1784129365276,2026-07-15 15:29:26
5828,90.0,63.44,76.72,26.56,1,1783006023,1783006023941,2026-07-02 15:27:06
5829,6398.0,6300.0,6349.0,98.0,1,1784128931,1784128931494,2026-07-15 15:22:14
5831,2044.8,2041.0,2042.9,3.8,1,1784129281,1784129281528,2026-07-15 15:28:05
5832,175.98,175.61,175.795,0.37,1,1764657727,1764657727965,2025-12-02 06:42:08
5833,1094.7,1088.1,1091.4,6.6,1,1784129404,1784129404297,2026-07-15 15:30:05
5834,137.22,134.07,135.645,3.15,1,1784129096,1784129096290,2026-07-15 15:24:59
5835,858.01,854.35,856.18,3.66,1,1784127304,1784127304597,2026-07-15 14:55:05
5836,6229.9,6209.0,6219.45,20.9,1,1784129412,1784129412722,2026-07-15 15:30:17
5837,2646.6,2600.0,2623.3,46.6,1,1759273236,1759273236489,2025-10-01 00:00:40
5839,81.38,80.86,81.12,0.52,1,1784129397,1784129397680,2026-07-15 15:30:02
5840,85.74,85.6,85.67,0.14,1,1784129339,1784129339687,2026-07-15 15:28:59
5841,0.14,0.13,0.135,0.01,1,1784038969,1784038969552,2026-07-14 14:22:50
5842,3807.3,3782.1,3794.7,25.2,1,1784129404,1784129404331,2026-07-15 15:30:05
5843,5875.35,5868.65,5872.0,6.7,1,1784129397,1784129397622,2026-07-15 15:30:02
5844,926.75,924.5,925.625,2.25,1,1784128405,1784128405373,2026-07-15 15:13:26
5845,20367.8,20311.2,20339.5,56.6,1,1784129386,1784129386498,2026-07-15 15:29:50
5846,25.05,25.01,25.03,0.04,1,1784129280,1784129280484,2026-07-15 15:28:05
5847,3926.8,3911.1,3918.95,15.7,1,1784129386,1784129386506,2026-07-15 15:29:47
5848,10600.0,10558.0,10579.0,42.0,1,1784125922,1784125922353,2026-07-15 14:32:02
5850,4023.65,4005.95,4014.8,17.7,1,1784129306,1784129306455,2026-07-15 15:28:29
5851,4262.6,4254.7,4258.65,7.9,1,1784129357,1784129357878,2026-07-15 15:29:20
5852,131.32,129.87,130.595,1.45,1,1784128857,1784128857470,2026-07-15 15:20:59
5853,322.0,305.0,313.5,17.0,1,1784120043,1784120043478,2026-07-15 12:54:05
5854,66248.0,66153.0,66200.5,95.0,1,1784129398,1784129398461,2026-07-15 15:29:59
5855,47.93,47.77,47.85,0.16,1,1784129338,1784129338366,2026-07-15 15:28:59
5856,40.7,40.66,40.68,0.04,1,1784129390,1784129390950,2026-07-15 15:29:53
5857,38.47,38.34,38.405,0.13,1,1784129402,1784129402224,2026-07-15 15:30:05
5858,35.96,35.93,35.945,0.03,1,1784129404,1784129404149,2026-07-15 15:30:08
5859,871.1,868.6,869.85,2.5,1,1784129409,1784129409778,2026-07-15 15:30:11
5861,8.05,7.74,7.895,0.31,1,1784129389,1784129389314,2026-07-15 15:29:53
5862,57.66,57.53,57.595,0.13,1,1784129391,1784129391146,2026-07-15 15:29:56
5863,13.65,13.6,13.625,0.05,1,1784129396,1784129396219,2026-07-15 15:29:56
5864,31.98,31.86,31.92,0.12,1,1784129413,1784129413369,2026-07-15 15:30:14
5865,23.45,23.25,23.35,0.2,1,1784129206,1784129206058,2026-07-15 15:26:50
5866,35.54,35.34,35.44,0.2,1,1784129359,1784129359443,2026-07-15 15:29:20
5867,1552.73,1551.67,1552.2,1.06,1,1784129414,1784129414338,2026-07-15 15:30:17
5868,69.28,69.25,69.265,0.03,1,1784129404,1784129404226,2026-07-15 15:30:05
5869,11.53,11.5,11.515,0.03,1,1784129355,1784129355858,2026-07-15 15:29:17
5870,245.2,245.1,245.15,0.1,1,1784129408,1784129408761,2026-07-15 15:30:11
5871,5.95,5.76,5.855,0.19,1,1783006023,1783006023921,2026-07-02 15:27:06
5873,27.05,26.9,26.975,0.15,1,1784129122,1784129122986,2026-07-15 15:25:23
5875,6.23,6.1,6.165,0.13,1,1784129323,1784129323729,2026-07-15 15:28:44
5876,9.59,9.46,9.525,0.13,1,1784129390,1784129390230,2026-07-15 15:29:50
5877,23.72,23.64,23.68,0.08,1,1783006024,1783006024155,2026-07-02 15:27:06
5878,76.29,76.06,76.175,0.23,1,1784129390,1784129390324,2026-07-15 15:29:50
5881,164.2,163.8,164.0,0.4,1,1784129387,1784129387489,2026-07-15 15:29:47
5882,92.14,92.04,92.09,0.1,1,1784129401,1784129401251,2026-07-15 15:30:05
5883,29.09,28.83,28.96,0.26,1,1784129404,1784129404954,2026-07-15 15:30:08
5884,4.4,4.23,4.315,0.17,1,1784129404,1784129404636,2026-07-15 15:30:08
5885,16.51,16.48,16.495,0.03,1,1784129392,1784129392716,2026-07-15 15:29:53
5886,37.51,37.48,37.495,0.03,1,1764633659,1764633659647,2025-12-02 00:01:00
5887,92.74,92.06,92.4,0.68,1,1784129402,1784129402446,2026-07-15 15:30:02
5888,78.05,77.85,77.95,0.2,1,1784129400,1784129400817,2026-07-15 15:30:05
5889,17.53,17.42,17.475,0.11,1,1784129294,1784129294281,2026-07-15 15:28:14
5890,0.0,0.0,0.0,0.0,1,1756877644,1756877644265,2025-09-03 06:34:10
5891,23.71,23.68,23.695,0.03,1,1784129412,1784129412274,2026-07-15 15:30:14
5893,41.41,41.38,41.395,0.03,1,1784129413,1784129413613,2026-07-15 15:30:14
5894,0.95,0.92,0.935,0.03,1,1784129384,1784129384665,2026-07-15 15:29:44
5895,30.15,30.12,30.135,0.03,1,1784129397,1784129397629,2026-07-15 15:29:59
5896,0.0,0.0,0.0,0.0,1,1756877644,1756877644302,2025-09-03 06:34:10
5897,4.5,4.38,4.44,0.12,1,1784128434,1784128434024,2026-07-15 15:13:56
5898,0.0,0.0,0.0,0.0,1,1756877644,1756877644380,2025-09-03 06:34:10
5899,20.28,20.25,20.265,0.03,1,1783006024,1783006024473,2026-07-02 15:27:06
5900,4.03,4.0,4.015,0.03,1,1784129389,1784129389220,2026-07-15 15:29:50
5901,18.57,18.46,18.515,0.11,1,1784129412,1784129412416,2026-07-15 15:30:17
5902,53.65,53.54,53.595,0.11,1,1784129409,1784129409893,2026-07-15 15:30:14
5904,0.0,0.0,0.0,0.0,1,1764201641,1764201641627,2025-11-27 00:00:42
5908,63.18,62.91,63.045,0.27,1,1784129395,1784129395016,2026-07-15 15:29:56
5909,4.85,4.74,4.795,0.11,1,1784129339,1784129339659,2026-07-15 15:28:59
5910,4.85,4.74,4.795,0.11,1,1784129339,1784129339670,2026-07-15 15:28:59
5911,121.36,121.06,121.21,0.3,1,1784129389,1784129389724,2026-07-15 15:29:53
5912,16.41,16.29,16.35,0.12,1,1784129410,1784129410639,2026-07-15 15:30:14
5913,26.44,26.29,26.365,0.15,1,1784129398,1784129398908,2026-07-15 15:29:59
5914,0.0,0.0,0.0,0.0,1,1764201640,1764201640932,2025-11-27 00:00:41
5915,10.73,10.61,10.67,0.12,1,1784129406,1784129406461,2026-07-15 15:30:08
5916,50.05,50.01,50.03,0.04,1,1784129404,1784129404376,2026-07-15 15:30:08
5918,252.05,251.34,251.695,0.71,1,1784129384,1784129384394,2026-07-15 15:29:44
5919,0.0,0.0,0.0,0.0,1,1756877643,1756877643445,2025-09-03 06:34:10
5920,22.26,22.15,22.205,0.11,1,1784129404,1784129404822,2026-07-15 15:30:05
5922,22.26,22.15,22.205,0.11,1,1784129404,1784129404826,2026-07-15 15:30:05
5923,15.59,15.49,15.54,0.1,1,1784129393,1784129393312,2026-07-15 15:29:53
5924,12.37,12.27,12.32,0.1,1,1784129393,1784129393121,2026-07-15 15:29:56
5925,60.85,60.55,60.7,0.3,1,1784129067,1784129067726,2026-07-15 15:24:29
5926,26.36,26.17,26.265,0.19,1,1784129280,1784129280654,2026-07-15 15:28:05
5928,25.09,24.95,25.02,0.14,1,1784129404,1784129404787,2026-07-15 15:30:08
5929,5.48,5.37,5.425,0.11,1,1784128973,1784128973041,2026-07-15 15:22:53
5930,2.94,2.83,2.885,0.11,1,1784129239,1784129239269,2026-07-15 15:27:20
5931,18.25,18.11,18.18,0.14,1,1784129120,1784129120162,2026-07-15 15:25:20
5933,4.98,4.85,4.915,0.13,1,1784129380,1784129380197,2026-07-15 15:29:44
5934,39.72,39.62,39.67,0.1,1,1784129413,1784129413902,2026-07-15 15:30:14
5936,2.43,2.33,2.38,0.1,1,1784129263,1784129263292,2026-07-15 15:27:44
5938,4.43,4.31,4.37,0.12,1,1784129399,1784129399058,2026-07-15 15:29:59
5939,12.25,12.09,12.17,0.16,1,1784129288,1784129288509,2026-07-15 15:28:08
5940,18.1,17.98,18.04,0.12,1,1784129402,1784129402180,2026-07-15 15:30:02
5941,45.05,44.85,44.95,0.2,1,1783006024,1783006024137,2026-07-02 15:27:06
5942,104.65,104.15,104.4,0.5,1,1784129402,1784129402416,2026-07-15 15:30:02
5943,9.04,8.94,8.99,0.1,1,1784129412,1784129412062,2026-07-15 15:30:14
5946,16.23,16.1,16.165,0.13,1,1784129407,1784129407849,2026-07-15 15:30:08
5947,21.25,20.97,21.11,0.28,1,1784129403,1784129403374,2026-07-15 15:30:08
5948,49.32,49.21,49.265,0.11,1,1784129390,1784129390955,2026-07-15 15:29:56
5949,54.02,53.91,53.965,0.11,1,1784129412,1784129412317,2026-07-15 15:30:14
5950,33.99,33.87,33.93,0.12,1,1784129376,1784129376685,2026-07-15 15:29:38
5951,0.0,0.0,0.0,0.0,1,1764201641,1764201641400,2025-11-27 00:00:42
5952,204.34,203.97,204.155,0.37,1,1784129410,1784129410910,2026-07-15 15:30:14
5953,4.47,4.38,4.425,0.09,1,1784129404,1784129404209,2026-07-15 15:30:05
5954,10.75,10.64,10.695,0.11,1,1784129365,1784129365539,2026-07-15 15:29:26
5955,15.12,14.93,15.025,0.19,1,1784129412,1784129412554,2026-07-15 15:30:14
5956,59.21,58.69,58.95,0.52,1,1784129410,1784129410744,2026-07-15 15:30:11
5957,11.02,10.98,11.0,0.04,1,1784129074,1784129074252,2026-07-15 15:24:35
5958,6.57,6.44,6.505,0.13,1,1783006024,1783006024313,2026-07-02 15:27:06
5959,28.74,28.63,28.685,0.11,1,1784129343,1784129343686,2026-07-15 15:29:05
5960,75.89,75.61,75.75,0.28,1,1784129395,1784129395628,2026-07-15 15:29:56
5961,2.9,2.79,2.845,0.11,1,1784129167,1784129167679,2026-07-15 15:26:11
5962,24.09,23.88,23.985,0.21,1,1784129410,1784129410365,2026-07-15 15:30:14
5963,53.95,53.7,53.825,0.25,1,1784129408,1784129408039,2026-07-15 15:30:08
5964,3.2,3.2,3.2,0.0,1,1784129407,1784129407912,2026-07-15 15:30:08
5965,12.04,11.95,11.995,0.09,1,1784129406,1784129406354,2026-07-15 15:30:08
5966,4.82,4.72,4.77,0.1,1,1784129407,1784129407157,2026-07-15 15:30:08
5967,18.61,18.49,18.55,0.12,1,1784129407,1784129407154,2026-07-15 15:30:11
5968,3.63,3.52,3.575,0.11,1,1784129404,1784129404952,2026-07-15 15:30:08
5969,2.74,2.63,2.685,0.11,1,1784129227,1784129227888,2026-07-15 15:27:08
5970,29.79,29.63,29.71,0.16,1,1784129405,1784129405085,2026-07-15 15:30:05
5971,3.14,3.04,3.09,0.1,1,1784129201,1784129201062,2026-07-15 15:26:41
5972,89.59,89.31,89.45,0.28,1,1784129297,1784129297356,2026-07-15 15:28:17
5973,55.21,54.91,55.06,0.3,1,1784129367,1784129367620,2026-07-15 15:29:29
5974,3160.65,3142.35,3151.5,18.3,1,1784139863,1784139863280,2026-07-15 18:24:23
5975,5854.9,5849.3,5852.1,5.6,1,1784133013,1784133013046,2026-07-15 16:30:14
5976,3.1644,3.1601,3.16225,0.0043,1,1784136599,1784136599071,2026-07-15 17:29:59
5977,334.59,334.38,334.485,0.21,1,1784136598,1784136598782,2026-07-15 17:29:59
5978,6.3078,6.3038,6.3058,0.004,1,1784149189,1784149189379,2026-07-15 20:59:53
5979,10800.18,10791.42,10795.8,8.76,1,1762757397,1762757397791,2025-11-10 06:50:00
5980,4.411,4.403,4.407,0.008,1,1762757397,1762757397791,2025-11-10 06:50:00
5981,452.54,451.54,452.04,1.0,1,1784140340,1784140340494,2026-07-15 18:32:23
5982,0.77458,0.77292,0.77375,0.00166,1,1784140972,1784140972910,2026-07-15 18:42:53
5983,2.27203,2.27103,2.27153,0.001,1,1784140077,1784140077975,2026-07-15 18:28:02
5984,1862.85,1842.26,1852.555,20.59,1,1784139863,1784139863279,2026-07-15 18:24:23
5985,16870.9,16856.11,16863.505,14.79,1,1784139863,1784139863294,2026-07-15 18:24:23
5986,1.3862,1.3756,1.3809,0.0106,1,1784139862,1784139862575,2026-07-15 18:24:23
5987,170.32,169.48,169.9,0.84,1,1762757397,1762757397794,2025-11-10 06:50:00
5988,14.094,14.037,14.0655,0.057,1,1784140968,1784140968415,2026-07-15 18:42:50
5989,11.955,11.939,11.947,0.016,1,1784140968,1784140968333,2026-07-15 18:42:50
5990,0.14505,0.14455,0.1448,0.0005,1,1784131212,1784131212372,2026-07-15 16:00:17
5991,459.7,459.3,459.5,0.4,1,1784134800,1784134800341,2026-07-15 17:00:02
5992,6.832,6.825,6.8285,0.007,1,1784140971,1784140971096,2026-07-15 18:42:56
5993,683.54,681.46,682.5,2.08,1,1784140913,1784140913921,2026-07-15 18:41:59
5994,3563.24,3542.32,3552.78,20.92,1,1784139863,1784139863293,2026-07-15 18:24:23
5995,0.0,0.0,0.0,0.0,1,1756877643,1756877643359,2025-09-03 06:34:10
5996,17.86,17.64,17.75,0.22,1,1784129408,1784129408298,2026-07-15 15:30:08
5997,214.26,213.24,213.75,1.02,1,1784129256,1784129256115,2026-07-15 15:27:38
5998,204.82,203.18,204.0,1.64,1,1784129358,1784129358975,2026-07-15 15:29:20
5999,18.82,18.67,18.745,0.15,1,1784129404,1784129404396,2026-07-15 15:30:05
6000,3.71,3.59,3.65,0.12,1,1784129091,1784129091960,2026-07-15 15:24:53
6001,6.1,5.97,6.035,0.13,1,1784129185,1784129185556,2026-07-15 15:26:29
6002,113.88,113.12,113.5,0.76,1,1784129306,1784129306805,2026-07-15 15:28:32
6003,48.86,48.78,48.82,0.08,1,1784129278,1784129278843,2026-07-15 15:27:59
6004,0.0,0.0,0.0,0.0,1,1756877643,1756877643500,2025-09-03 06:34:10
6005,203.12,202.28,202.7,0.84,1,1783006023,1783006023867,2026-07-02 15:27:06
6006,74.91,73.34,74.125,1.57,1,1784129411,1784129411213,2026-07-15 15:30:11
6007,1136.84,1128.16,1132.5,8.68,1,1784129401,1784129401787,2026-07-15 15:30:02
6008,470.68,468.32,469.5,2.36,1,1784129385,1784129385958,2026-07-15 15:29:47
6009,124.41,123.89,124.15,0.52,1,1784128902,1784128902237,2026-07-15 15:21:47
6010,835.36,833.04,834.2,2.32,1,1784129403,1784129403078,2026-07-15 15:30:05
6011,379.55,377.95,378.75,1.6,1,1784128991,1784128991503,2026-07-15 15:23:11
6012,179.96,178.24,179.1,1.72,1,1784129248,1784129248277,2026-07-15 15:27:32
6013,137.21,136.69,136.95,0.52,1,1784129393,1784129393424,2026-07-15 15:29:53
6014,207.31,204.69,206.0,2.62,1,1784129300,1784129300074,2026-07-15 15:28:20
6015,147.1,146.5,146.8,0.6,1,1784129274,1784129274902,2026-07-15 15:27:56
6016,52.65,52.35,52.5,0.3,1,1784129324,1784129324573,2026-07-15 15:28:44
6017,319.02,317.48,318.25,1.54,1,1784128571,1784128571006,2026-07-15 15:16:11
6018,138.69,135.11,136.9,3.58,1,1784129100,1784129100491,2026-07-15 15:25:02
6021,52.09,51.51,51.8,0.58,1,1784127312,1784127312514,2026-07-15 14:55:14
6022,91.2,90.9,91.05,0.3,1,1784129412,1784129412413,2026-07-15 15:30:14
6023,64.23,63.87,64.05,0.36,1,1784129401,1784129401556,2026-07-15 15:30:05
6024,382.77,381.03,381.9,1.74,1,1784129401,1784129401568,2026-07-15 15:30:02
6027,150.83,149.57,150.2,1.26,1,1784129318,1784129318627,2026-07-15 15:28:38
6028,69.46,67.14,68.3,2.32,1,1783006024,1783006024037,2026-07-02 15:27:06
6029,0.0,0.0,0.0,0.0,1,1756877643,1756877643805,2025-09-03 06:34:10
6030,18.3,18.16,18.23,0.14,1,1784129392,1784129392742,2026-07-15 15:29:53
6031,899.84,893.16,896.5,6.68,1,1784129284,1784129284338,2026-07-15 15:28:08
6033,237.33,236.27,236.8,1.06,1,1784129407,1784129407818,2026-07-15 15:30:08
6034,47.45,44.35,45.9,3.1,1,1784129414,1784129414298,2026-07-15 15:30:17
6035,749.66,742.34,746.0,7.32,1,1784129182,1784129182428,2026-07-15 15:26:26
6036,87.28,86.93,87.105,0.35,1,1784129413,1784129413353,2026-07-15 15:30:14
6037,522.68,520.72,521.7,1.96,1,1784129391,1784129391119,2026-07-15 15:29:56
6038,0.0,0.0,0.0,0.0,1,1764201641,1764201641299,2025-11-27 00:00:42
6039,212.96,212.24,212.6,0.72,1,1784129402,1784129402425,2026-07-15 15:30:02
6040,134.34,133.86,134.1,0.48,1,1784128731,1784128731816,2026-07-15 15:18:53
6041,76.18,75.98,76.08,0.2,1,1784129406,1784129406452,2026-07-15 15:30:11
6042,199.02,198.18,198.6,0.84,1,1784129314,1784129314453,2026-07-15 15:28:35
6043,0.0,0.0,0.0,0.0,1,1756877644,1756877644054,2025-09-03 06:34:10
6044,0.0,0.0,0.0,0.0,1,1764201641,1764201641338,2025-11-27 00:00:42
6045,68.1,67.9,68.0,0.2,1,1784129327,1784129327564,2026-07-15 15:28:47
6046,1326.12,1313.88,1320.0,12.24,1,1784129119,1784129119253,2026-07-15 15:25:20
6047,176.37,174.03,175.2,2.34,1,1784129342,1784129342574,2026-07-15 15:29:05
6048,256.2,255.3,255.75,0.9,1,1784129260,1784129260302,2026-07-15 15:27:41
6049,240.79,239.21,240.0,1.58,1,1784129300,1784129300692,2026-07-15 15:28:20
6050,47.1,46.25,46.675,0.85,1,1784129009,1784129009792,2026-07-15 15:23:32
6051,1.29,1.18,1.235,0.11,1,1784126622,1784126622823,2026-07-15 14:43:44
6052,42.14,41.91,42.025,0.23,1,1784129411,1784129411198,2026-07-15 15:30:11
6053,392.94,383.56,388.25,9.38,1,1784128865,1784128865053,2026-07-15 15:21:05
6054,16.03,15.73,15.88,0.3,1,1784129364,1784129364337,2026-07-15 15:29:26
6072,256.77,255.73,256.25,1.04,1,1784129391,1784129391694,2026-07-15 15:29:53
6100,243.23,242.37,242.8,0.86,1,1784129408,1784129408082,2026-07-15 15:30:08
6101,100.88,100.32,100.6,0.56,1,1784129368,1784129368212,2026-07-15 15:29:29
6102,341.64,340.76,341.2,0.88,1,1784129275,1784129275168,2026-07-15 15:27:59
6103,101.56,100.84,101.2,0.72,1,1784129397,1784129397244,2026-07-15 15:29:59
6104,166.05,165.15,165.6,0.9,1,1784128757,1784128757524,2026-07-15 15:19:17
6105,117.85,117.35,117.6,0.5,1,1784129393,1784129393701,2026-07-15 15:29:56
6106,1203.48,1199.52,1201.5,3.96,1,1784129391,1784129391074,2026-07-15 15:29:53
6107,144.52,143.98,144.25,0.54,1,1784129413,1784129413617,2026-07-15 15:30:14
6108,36.45,35.35,35.9,1.1,1,1784129369,1784129369962,2026-07-15 15:29:32
6109,11.82,11.7,11.76,0.12,1,1783006023,1783006023834,2026-07-02 15:27:06
6110,27.18,26.88,27.03,0.3,1,1784129410,1784129410006,2026-07-15 15:30:11
6111,331.25,330.45,330.85,0.8,1,1784129403,1784129403766,2026-07-15 15:30:05
6112,27.58,26.97,27.275,0.61,1,1784129152,1784129152674,2026-07-15 15:25:53
6113,113.25,112.95,113.1,0.3,1,1784129266,1784129266786,2026-07-15 15:27:47
6114,387.36,386.54,386.95,0.82,1,1784129392,1784129392585,2026-07-15 15:29:53
6115,229.41,228.59,229.0,0.82,1,1784129398,1784129398573,2026-07-15 15:29:59
6116,55.32,53.56,54.44,1.76,1,1783006023,1783006023866,2026-07-02 15:27:06
6117,290.82,289.18,290.0,1.64,1,1784128830,1784128830985,2026-07-15 15:20:32
6118,143.58,143.02,143.3,0.56,1,1784129414,1784129414296,2026-07-15 15:30:17
6119,316.44,315.06,315.75,1.38,1,1784128993,1784128993509,2026-07-15 15:23:14
6120,90.98,90.67,90.825,0.31,1,1784129348,1784129348627,2026-07-15 15:29:08
6121,22.7,22.4,22.55,0.3,1,1784129367,1784129367245,2026-07-15 15:29:29
6122,144.18,143.52,143.85,0.66,1,1784129401,1784129401981,2026-07-15 15:30:02
6123,62.38,61.92,62.15,0.46,1,1784129404,1784129404342,2026-07-15 15:30:05
6124,311.34,310.26,310.8,1.08,1,1784129307,1784129307340,2026-07-15 15:28:32
6125,117.24,115.66,116.45,1.58,1,1784129341,1784129341041,2026-07-15 15:29:02
6126,0.0,0.0,0.0,0.0,1,1764201641,1764201641027,2025-11-27 00:00:42
6127,52.54,52.16,52.35,0.38,1,1784129412,1784129412492,2026-07-15 15:30:14
6128,522.01,520.59,521.3,1.42,1,1784129413,1784129413851,2026-07-15 15:30:17
6129,157.88,157.12,157.5,0.76,1,1784129406,1784129406734,2026-07-15 15:30:08
6130,135.86,135.34,135.6,0.52,1,1784129293,1784129293557,2026-07-15 15:28:14
6131,138.04,136.96,137.5,1.08,1,1784129373,1784129373337,2026-07-15 15:29:35
6132,50.12,49.44,49.78,0.68,1,1784129222,1784129222361,2026-07-15 15:27:02
6133,277.02,275.98,276.5,1.04,1,1784129364,1784129364796,2026-07-15 15:29:26
6134,615.71,613.79,614.75,1.92,1,1784129187,1784129187971,2026-07-15 15:26:32
6135,131.5,130.71,131.105,0.79,1,1784129413,1784129413618,2026-07-15 15:30:17
6136,406.33,404.27,405.3,2.06,1,1784129408,1784129408032,2026-07-15 15:30:08
6137,0.0,0.0,0.0,0.0,1,1764201641,1764201641080,2025-11-27 00:00:42
6138,135.33,134.07,134.7,1.26,1,1784129075,1784129075447,2026-07-15 15:24:35
6139,399.55,398.65,399.1,0.9,1,1784129003,1784129003938,2026-07-15 15:23:29
6140,54.6,54.4,54.5,0.2,1,1784129400,1784129400672,2026-07-15 15:30:02
6141,0.0,0.0,0.0,0.0,1,1756877643,1756877643718,2025-09-03 06:34:10
6142,51.86,51.49,51.675,0.37,1,1784129294,1784129294613,2026-07-15 15:28:14
6143,84.5,84.0,84.25,0.5,1,1784129295,1784129295103,2026-07-15 15:28:20
6144,66.64,66.21,66.425,0.43,1,1784129370,1784129370878,2026-07-15 15:29:32
6145,23.3,22.98,23.14,0.32,1,1784129410,1784129410567,2026-07-15 15:30:11
6146,77.63,77.07,77.35,0.56,1,1784129413,1784129413179,2026-07-15 15:30:14
6147,1.94,1.71,1.825,0.23,1,1784129130,1784129130577,2026-07-15 15:25:32
6148,47.93,47.67,47.8,0.26,1,1784129388,1784129388784,2026-07-15 15:29:50
6149,50.93,50.27,50.6,0.66,1,1784128705,1784128705728,2026-07-15 15:18:26
6150,25.63,25.18,25.405,0.45,1,1784129363,1784129363639,2026-07-15 15:29:23
6151,41.16,40.4,40.78,0.76,1,1784128924,1784128924305,2026-07-15 15:22:08
6152,254.18,253.52,253.85,0.66,1,1784129406,1784129406447,2026-07-15 15:30:08
6153,291.17,290.03,290.6,1.14,1,1784129414,1784129414108,2026-07-15 15:30:14
6154,98.73,98.17,98.45,0.56,1,1784129376,1784129376037,2026-07-15 15:29:41
6156,280.31,279.19,279.75,1.12,1,1784129259,1784129259803,2026-07-15 15:27:41
6158,704.6,701.4,703.0,3.2,1,1784129386,1784129386153,2026-07-15 15:29:47
6159,75.63,75.13,75.38,0.5,1,1784129389,1784129389373,2026-07-15 15:29:50
6160,417.66,413.84,415.75,3.82,1,1784114086,1784114086176,2026-07-15 11:14:47
6161,0.0,0.0,0.0,0.0,1,1756877643,1756877643908,2025-09-03 06:34:10
6162,11.47,10.93,11.2,0.54,1,1784126378,1784126378462,2026-07-15 14:39:38
6163,207.3,206.1,206.7,1.2,1,1784129405,1784129405564,2026-07-15 15:30:05
6164,170.07,169.53,169.8,0.54,1,1784129408,1784129408456,2026-07-15 15:30:11
6165,80.73,80.33,80.53,0.4,1,1784129411,1784129411909,2026-07-15 15:30:17
6166,488.76,487.04,487.9,1.72,1,1784129290,1784129290521,2026-07-15 15:28:11
6167,162.59,162.16,162.375,0.43,1,1784129408,1784129408060,2026-07-15 15:30:08
6168,33.33,33.11,33.22,0.22,1,1784129403,1784129403551,2026-07-15 15:30:05
6169,177.9,177.5,177.7,0.4,1,1784129407,1784129407819,2026-07-15 15:30:08
6170,305.51,303.69,304.6,1.82,1,1784129392,1784129392603,2026-07-15 15:29:53
6171,72.84,72.51,72.675,0.33,1,1784129405,1784129405588,2026-07-15 15:30:05
6172,122.18,121.62,121.9,0.56,1,1784129411,1784129411139,2026-07-15 15:30:14
6173,45.28,44.93,45.105,0.35,1,1764633659,1764633659555,2025-12-02 00:01:00
6174,37.19,36.87,37.03,0.32,1,1784129383,1784129383869,2026-07-15 15:29:44
6175,181.88,180.32,181.1,1.56,1,1783006024,1783006024197,2026-07-02 15:27:06
6176,218.9,217.9,218.4,1.0,1,1784129311,1784129311950,2026-07-15 15:28:32
6177,535.12,533.38,534.25,1.74,1,1784129387,1784129387979,2026-07-15 15:29:50
6179,39.08,38.84,38.96,0.24,1,1784129229,1784129229479,2026-07-15 15:27:11
6183,167.66,166.94,167.3,0.72,1,1784129377,1784129377340,2026-07-15 15:29:38
6184,208.61,207.99,208.3,0.62,1,1784129410,1784129410576,2026-07-15 15:30:14
6185,211.2,210.2,210.7,1.0,1,1784129399,1784129399080,2026-07-15 15:29:59
6186,125.92,124.78,125.35,1.14,1,1784129392,1784129392346,2026-07-15 15:29:53
6187,0.0,0.0,0.0,0.0,1,1756877644,1756877644102,2025-09-03 06:34:10
6188,64.65,63.05,63.85,1.6,1,1784122069,1784122069413,2026-07-15 13:27:50
6191,243.54,243.06,243.3,0.48,1,1784129014,1784129014752,2026-07-15 15:23:35
6192,195.1,194.15,194.625,0.95,1,1784129413,1784129413944,2026-07-15 15:30:17
6193,138.58,137.62,138.1,0.96,1,1784129134,1784129134444,2026-07-15 15:25:35
6194,329.72,328.68,329.2,1.04,1,1784129412,1784129412726,2026-07-15 15:30:14
6195,174.43,173.87,174.15,0.56,1,1764633659,1764633659619,2025-12-02 00:01:00
6196,556.64,554.86,555.75,1.78,1,1784129247,1784129247313,2026-07-15 15:27:29
6197,7.87,6.82,7.345,1.05,1,1784129403,1784129403762,2026-07-15 15:30:08
6198,524.31,523.09,523.7,1.22,1,1784129329,1784129329999,2026-07-15 15:28:53
6199,229.3,227.7,228.5,1.6,1,1784129387,1784129387918,2026-07-15 15:29:50
6200,79.61,79.14,79.375,0.47,1,1784129237,1784129237489,2026-07-15 15:27:17
6201,282.86,280.14,281.5,2.72,1,1784129363,1784129363395,2026-07-15 15:29:23
6202,14.7,14.45,14.575,0.25,1,1784126544,1784126544923,2026-07-15 14:42:26
6203,122.64,121.66,122.15,0.98,1,1784129385,1784129385529,2026-07-15 15:29:50
6204,167.61,167.25,167.43,0.36,1,1784129401,1784129401976,2026-07-15 15:30:02
6205,344.65,343.35,344.0,1.3,1,1784129401,1784129401589,2026-07-15 15:30:02
6206,174.04,173.36,173.7,0.68,1,1784129374,1784129374083,2026-07-15 15:29:35
6207,0.0,0.0,0.0,0.0,1,1764201641,1764201641440,2025-11-27 00:00:42
6208,2.41,2.28,2.345,0.13,1,1784129365,1784129365575,2026-07-15 15:29:26
6209,93.1,92.55,92.825,0.55,1,1784129408,1784129408042,2026-07-15 15:30:08
6210,36.72,36.42,36.57,0.3,1,1784129413,1784129413615,2026-07-15 15:30:14
6211,130.96,129.84,130.4,1.12,1,1784129409,1784129409286,2026-07-15 15:30:14
6212,0.0,0.0,0.0,0.0,1,1756877644,1756877644200,2025-09-03 06:34:10
6213,49.8,49.46,49.63,0.34,1,1784129401,1784129401792,2026-07-15 15:30:02
6214,270.44,268.06,269.25,2.38,1,1784129411,1784129411173,2026-07-15 15:30:11
6215,70.07,69.59,69.83,0.48,1,1783006024,1783006024335,2026-07-02 15:27:06
6216,135.17,134.03,134.6,1.14,1,1784129405,1784129405812,2026-07-15 15:30:11
6217,175.69,174.91,175.3,0.78,1,1784129300,1784129300269,2026-07-15 15:28:20
6218,92.68,92.32,92.5,0.36,1,1784129409,1784129409294,2026-07-15 15:30:11
6219,76.91,76.39,76.65,0.52,1,1784129343,1784129343606,2026-07-15 15:29:08
6220,33.71,33.49,33.6,0.22,1,1784129396,1784129396323,2026-07-15 15:29:56
6221,222.07,221.33,221.7,0.74,1,1784129383,1784129383679,2026-07-15 15:29:44
6222,35.43,35.28,35.355,0.15,1,1783006024,1783006024393,2026-07-02 15:27:06
6223,522.84,521.66,522.25,1.18,1,1784129404,1784129404824,2026-07-15 15:30:05
6224,170.78,169.82,170.3,0.96,1,1784129412,1784129412177,2026-07-15 15:30:14
6225,384.49,383.71,384.1,0.78,1,1784129378,1784129378365,2026-07-15 15:29:41
6229,139.25,138.75,139.0,0.5,1,1784128240,1784128240830,2026-07-15 15:10:44
6232,283.2,282.4,282.8,0.8,1,1784129230,1784129230631,2026-07-15 15:27:11
6233,162.15,161.65,161.9,0.5,1,1784129413,1784129413637,2026-07-15 15:30:14
6234,138.38,138.07,138.225,0.31,1,1784129365,1784129365573,2026-07-15 15:29:26
6236,80.56,80.29,80.425,0.27,1,1784129397,1784129397257,2026-07-15 15:30:02
6237,39.56,39.3,39.43,0.26,1,1784129395,1784129395364,2026-07-15 15:29:56
6238,254.11,253.29,253.7,0.82,1,1784129404,1784129404820,2026-07-15 15:30:05
6241,162.62,161.88,162.25,0.74,1,1784129342,1784129342566,2026-07-15 15:29:02
6242,456.88,455.92,456.4,0.96,1,1784129413,1784129413628,2026-07-15 15:30:14
6243,103.84,103.26,103.55,0.58,1,1784129390,1784129390666,2026-07-15 15:29:50
6244,55.54,55.21,55.375,0.33,1,1784129199,1784129199663,2026-07-15 15:26:41
6245,132.09,131.61,131.85,0.48,1,1784129372,1784129372232,2026-07-15 15:29:32
6246,366.51,365.89,366.2,0.62,1,1784129388,1784129388770,2026-07-15 15:29:50
6247,82.9,82.2,82.55,0.7,1,1784128967,1784128967163,2026-07-15 15:22:47
6248,168.28,167.87,168.075,0.41,1,1784129406,1784129406200,2026-07-15 15:30:11
6249,0.0,0.0,0.0,0.0,1,1764201641,1764201641584,2025-11-27 00:00:42
6250,213.94,212.46,213.2,1.48,1,1784129406,1784129406950,2026-07-15 15:30:08
6251,0.0,0.0,0.0,0.0,1,1764201641,1764201641590,2025-11-27 00:00:42
6252,0.0,0.0,0.0,0.0,1,1756877644,1756877644398,2025-09-03 06:34:10
6253,413.05,412.15,412.6,0.9,1,1784129391,1784129391350,2026-07-15 15:29:53
6254,134.95,133.85,134.4,1.1,1,1784128098,1784128098831,2026-07-15 15:08:20
6255,15.79,15.61,15.7,0.18,1,1784129412,1784129412677,2026-07-15 15:30:14
6256,332.0,330.5,331.25,1.5,1,1784129120,1784129120483,2026-07-15 15:25:23
6257,88.02,86.78,87.4,1.24,1,1784129380,1784129380716,2026-07-15 15:29:44
6258,224.8,223.0,223.9,1.8,1,1784129175,1784129175760,2026-07-15 15:26:17
6260,338.75,337.85,338.3,0.9,1,1784129413,1784129413892,2026-07-15 15:30:17
6262,42.05,41.57,41.81,0.48,1,1784129411,1784129411135,2026-07-15 15:30:11
6263,78.7,77.99,78.345,0.71,1,1784129411,1784129411465,2026-07-15 15:30:14
6265,236.33,235.27,235.8,1.06,1,1784129389,1784129389650,2026-07-15 15:29:50
6266,37.8846,37.8616,37.8731,0.023,1,1756982588,1756982588576,2025-09-04 11:43:10
6267,0.37034,0.36767,0.369005,0.00267,1,1756982588,1756982588588,2025-09-04 11:43:10
6268,34.1305,34.1082,34.11935,0.0223,1,1756982587,1756982587173,2025-09-04 11:43:10
6269,19.8993,19.8769,19.8881,0.0224,1,1756982590,1756982590367,2025-09-04 11:43:20
6270,176.8,175.54,176.17,1.26,1,1756982587,1756982587199,2025-09-04 11:43:10
6271,518.9,517.35,518.125,1.55,1,1756982590,1756982590380,2025-09-04 11:43:20
6272,158.75,157.73,158.24,1.02,1,1756982587,1756982587219,2025-09-04 11:43:10
6273,193.41,191.59,192.5,1.82,1,1756982587,1756982587220,2025-09-04 11:43:10
6274,2178.92,2177.57,2178.245,1.35,1,1756982587,1756982587224,2025-09-04 11:43:10
6275,3661.2286,3660.7606,3660.9946,0.468,1,1756982590,1756982590390,2025-09-04 11:43:20
6276,249.1447,249.0267,249.0857,0.118,1,1756982590,1756982590390,2025-09-04 11:43:20
6277,42.2015,42.079,42.14025,0.1225,1,1756982589,1756982589403,2025-09-04 11:43:10
6278,90.96,89.24,90.1,1.72,1,1756982587,1756982587235,2025-09-04 11:43:10
6279,2016.543,2016.4241,2016.48355,0.1189,1,1756982587,1756982587233,2025-09-04 11:43:10
6280,233.4249,233.3073,233.3661,0.1176,1,1756982589,1756982589413,2025-09-04 11:43:10
6281,31.8813,31.7689,31.8251,0.1124,1,1756982587,1756982587239,2025-09-04 11:43:10
6282,0.38801,0.38432,0.386165,0.00369,1,1756982587,1756982587241,2025-09-04 11:43:10
6283,439.6602,439.5418,439.601,0.1184,1,1756982590,1756982590394,2025-09-04 11:43:20
6284,0.43147,0.4289,0.430185,0.00257,1,1756982588,1756982588614,2025-09-04 11:43:10
6285,0.00548,0.0029,0.00419,0.00258,1,1756982588,1756982588637,2025-09-04 11:43:10
6286,0.38888,0.38623,0.387555,0.00265,1,1756982587,1756982587271,2025-09-04 11:43:10
6287,0.22727,0.22453,0.2259,0.00274,1,1756982590,1756982590400,2025-09-04 11:43:20
6288,2.00228,1.99991,2.001095,0.00237,1,1756982590,1756982590405,2025-09-04 11:43:20
6289,5.88638,5.8839,5.88514,0.00248,1,1756982590,1756982590412,2025-09-04 11:43:20
6290,1.79859,1.79611,1.79735,0.00248,1,1756982588,1756982588647,2025-09-04 11:43:10
6291,0.24215,0.23941,0.24078,0.00274,1,1756982588,1756982588646,2025-09-04 11:43:10
6292,0.20997,0.20742,0.208695,0.00255,1,1756982590,1756982590412,2025-09-04 11:43:20
6293,2.1877,2.18532,2.18651,0.00238,1,1756982582,1756982582920,2025-09-04 11:43:10
6294,24.74288,24.74114,24.74201,0.00174,1,1756982584,1756982584262,2025-09-04 11:43:10
6295,41.58505,41.58331,41.58418,0.00174,1,1756982590,1756982590421,2025-09-04 11:43:20
6296,2.8305,2.82809,2.829295,0.00241,1,1756982590,1756982590434,2025-09-04 11:43:20
6297,0.47986,0.47745,0.478655,0.00241,1,1756982589,1756982589446,2025-09-04 11:43:10
6298,1.02469,1.02226,1.023475,0.00243,1,1756982587,1756982587295,2025-09-04 11:43:10
6299,22.9139,22.8954,22.90465,0.0185,1,1756982582,1756982582976,2025-09-04 11:43:10
6300,2.65195,2.64952,2.650735,0.00243,1,1756982589,1756982589444,2025-09-04 11:43:10
6301,0.36279,0.3602,0.361495,0.00259,1,1756982587,1756982587295,2025-09-04 11:43:10
6302,11.5447,11.54226,11.54348,0.00244,1,1756982587,1756982587301,2025-09-04 11:43:10
6303,0.00573,0.00305,0.00439,0.00268,1,1756982585,1756982585925,2025-09-04 11:43:10
6304,0.00817,0.00552,0.006845,0.00265,1,1756982588,1756982588654,2025-09-04 11:43:10
6305,4.99447,4.99212,4.993295,0.00235,1,1756982590,1756982590443,2025-09-04 11:43:20
6306,318.9589,318.9365,318.9477,0.0224,1,1756982588,1756982588669,2025-09-04 11:43:10
6307,3.10892,3.10618,3.10755,0.00274,1,1756982588,1756982588669,2025-09-04 11:43:10
6308,287.3459,287.3234,287.33465,0.0225,1,1756982587,1756982587318,2025-09-04 11:43:10
6309,167.4989,167.4761,167.4875,0.0228,1,1756982590,1756982590455,2025-09-04 11:43:20
6310,1483.6538,1483.626,1483.6399,0.0278,1,1756982590,1756982590456,2025-09-04 11:43:20
6311,4363.3257,4363.3004,4363.31305,0.0253,1,1756982590,1756982590468,2025-09-04 11:43:20
6312,1332.593,1332.5655,1332.57925,0.0275,1,1756982588,1756982588672,2025-09-04 11:43:10
6313,178.5313,178.5099,178.5206,0.0214,1,1756982588,1756982588678,2025-09-04 11:43:10
6314,154.7529,154.7117,154.7323,0.0412,1,1756982590,1756982590467,2025-09-04 11:43:20
6315,1621.1264,1621.0874,1621.1069,0.039,1,1756982587,1756982587358,2025-09-04 11:43:10
6316,18344.049,18344.0215,18344.03525,0.0275,1,1756982587,1756982587371,2025-09-04 11:43:10
6317,30832.11,30829.96,30831.035,2.15,1,1756982590,1756982590485,2025-09-04 11:43:20
6318,2097.6815,2097.6639,2097.6727,0.0176,1,1756982590,1756982590489,2025-09-04 11:43:20
6319,354.9073,354.8588,354.88305,0.0485,1,1756982589,1756982589483,2025-09-04 11:43:10
6320,758.8465,758.7903,758.8184,0.0562,1,1756982587,1756982587389,2025-09-04 11:43:10
6321,16983.16,16980.44,16981.8,2.72,1,1756982587,1756982587394,2025-09-04 11:43:10
6322,1966.2,1964.38,1965.29,1.82,1,1756982589,1756982589491,2025-09-04 11:43:10
6323,268.0391,267.9899,268.0145,0.0492,1,1756982587,1756982587410,2025-09-04 11:43:10
6324,8558.4988,8558.4603,8558.47955,0.0385,1,1756982587,1756982587409,2025-09-04 11:43:10
6325,3.25388,3.25023,3.252055,0.00365,1,1756982587,1756982587415,2025-09-04 11:43:10
6326,5.07393,5.07124,5.072585,0.00269,1,1756982590,1756982590488,2025-09-04 11:43:20
6327,0.06097,0.05633,0.05865,0.00464,1,1756982587,1756982587431,2025-09-04 11:43:10
6328,3702.1244,3702.0657,3702.09505,0.0587,1,1756982590,1756982590513,2025-09-04 11:43:20
6329,1.26091,1.25729,1.2591,0.00362,1,1756982590,1756982590707,2025-09-04 11:43:20
6330,0.01356,0.01095,0.012255,0.00261,1,1756982588,1756982588734,2025-09-04 11:43:10
6331,1.1367,1.13177,1.134235,0.00493,1,1756982590,1756982590221,2025-09-04 11:43:20
6332,0.66344,0.65766,0.66055,0.00578,1,1756982590,1756982590515,2025-09-04 11:43:20
6333,5.85351,5.84916,5.851335,0.00435,1,1756982589,1756982589512,2025-09-04 11:43:10
6334,17.2302,17.1868,17.2085,0.0434,1,1756982588,1756982588766,2025-09-04 11:43:10
6335,5.25773,5.2534,5.255565,0.00433,1,1756982588,1756982588764,2025-09-04 11:43:10
6336,0.70536,0.70278,0.70407,0.00258,1,1756982588,1756982588772,2025-09-04 11:43:10
6337,0.61158,0.60891,0.610245,0.00267,1,1756982590,1756982590535,2025-09-04 11:43:20
6338,6.39466,6.39231,6.393485,0.00235,1,1756982588,1756982588782,2025-09-04 11:43:10
6339,72.3752,72.3191,72.34715,0.0561,1,1756982588,1756982588790,2025-09-04 11:43:10
6340,121.719,121.6856,121.7023,0.0334,1,1756982590,1756982590222,2025-09-04 11:43:20
6341,8.27421,8.27182,8.273015,0.00239,1,1756982590,1756982590554,2025-09-04 11:43:20
6342,1.40101,1.39823,1.39962,0.00278,1,1756982589,1756982589544,2025-09-04 11:43:10
6343,2.99385,2.99157,2.99271,0.00228,1,1756982588,1756982588812,2025-09-04 11:43:10
6344,66.9971,66.9522,66.97465,0.0449,1,1756982588,1756982588825,2025-09-04 11:43:10
6345,7.75213,7.74969,7.75091,0.00244,1,1756982589,1756982589547,2025-09-04 11:43:10
6346,1.05835,1.05569,1.05702,0.00266,1,1756982588,1756982588847,2025-09-04 11:43:10
6347,33.7802,33.7276,33.7539,0.0526,1,1756982588,1756982588839,2025-09-04 11:43:10
6348,0.01419,0.01146,0.012825,0.00273,1,1756982587,1756982587607,2025-09-04 11:43:10
6349,0.02136,0.01866,0.02001,0.0027,1,1756982590,1756982590578,2025-09-04 11:43:20
6350,14.6198,14.5817,14.60075,0.0381,1,1756982588,1756982588869,2025-09-04 11:43:10
6351,902.6641,902.2861,902.4751,0.378,1,1756982585,1756982585887,2025-09-04 11:43:10
6352,8.79664,8.79125,8.793945,0.00539,1,1756982590,1756982590589,2025-09-04 11:43:20
6353,813.2805,812.9515,813.116,0.329,1,1756982590,1756982590594,2025-09-04 11:43:20
6354,4199.67,4197.32,4198.495,2.35,1,1756982590,1756982590596,2025-09-04 11:43:20
6355,12349.43,12345.7,12347.565,3.73,1,1756982590,1756982590613,2025-09-04 11:43:20
6356,3772.16,3769.86,3771.01,2.3,1,1756982590,1756982590609,2025-09-04 11:43:20
6357,4587.5257,4587.477,4587.50135,0.0487,1,1756982590,1756982590626,2025-09-04 11:43:20
6358,51912.38,51909.65,51911.015,2.73,1,1756982590,1756982590634,2025-09-04 11:43:20
6359,5937.5,5934.73,5936.115,2.77,1,1756982590,1756982590638,2025-09-04 11:43:20
6360,1004.4072,1004.1297,1004.26845,0.2775,1,1756982590,1756982590649,2025-09-04 11:43:20
6361,2148.52,2145.22,2146.87,3.3,1,1756982547,1756982547122,2025-09-04 11:42:30
6362,48057.42,48054.71,48056.065,2.71,1,1756982590,1756982590649,2025-09-04 11:43:20
6363,5561.92,5558.56,5560.24,3.36,1,1756982548,1756982548168,2025-09-04 11:42:30
6364,758.32,758.2644,758.2922,0.0556,1,1756982550,1756982550234,2025-09-04 11:42:40
6365,24250.86,24187.7,24219.28,63.16,1,1756982590,1756982590677,2025-09-04 11:43:20
6366,9.20506,9.20065,9.202855,0.00441,1,1756982590,1756982590686,2025-09-04 11:43:20
6367,14.36945,14.33994,14.354695,0.02951,1,1756982590,1756982590688,2025-09-04 11:43:20
6368,0.16825,0.16367,0.16596,0.00458,1,1756982589,1756982589586,2025-09-04 11:43:10
6369,10477.49,10475.34,10476.415,2.15,1,1756982590,1756982590696,2025-09-04 11:43:20
6370,1304.42,1302.58,1303.5,1.84,1,1756982588,1756982588982,2025-09-04 11:43:10
6371,12.70135,12.69896,12.700155,0.00239,1,1756982588,1756982588998,2025-09-04 11:43:10
6372,1175.19,1173.41,1174.3,1.78,1,1756982587,1756982587808,2025-09-04 11:43:10
6373,6064.22,6062.66,6063.44,1.56,1,1756982590,1756982590708,2025-09-04 11:43:20
6374,17833.12,17831.42,17832.27,1.7,1,1756982590,1756982590709,2025-09-04 11:43:20
6375,5446.65,5445.5,5446.075,1.15,1,1756982589,1756982589003,2025-09-04 11:43:10
6376,6626.11,6624.38,6625.245,1.73,1,1756982578,1756982578460,2025-09-04 11:43:00
6377,74970.91,74968.23,74969.57,2.68,1,1756982584,1756982584711,2025-09-04 11:43:10
6378,8573.77,8572.03,8572.9,1.74,1,1756982590,1756982590719,2025-09-04 11:43:20
6379,1453.27,1447.46,1450.365,5.81,1,1756982589,1756982589927,2025-09-04 11:43:20
6380,3102.29,3100.08,3101.185,2.21,1,1756982587,1756982587842,2025-09-04 11:43:10
6381,69403.67,69400.9,69402.285,2.77,1,1756982578,1756982578483,2025-09-04 11:43:00
6382,8032.8,8030.95,8031.875,1.85,1,1756982589,1756982589614,2025-09-04 11:43:10
6383,1096.18,1094.5,1095.34,1.68,1,1756982587,1756982587862,2025-09-04 11:43:10
6384,34978.69,34975.99,34977.34,2.7,1,1756982587,1756982587860,2025-09-04 11:43:10
6385,13.29295,13.28846,13.290705,0.00449,1,1756982586,1756982586396,2025-09-04 11:43:10
6386,15131.3,15128.62,15129.96,2.68,1,1756982590,1756982590722,2025-09-04 11:43:20
6387,170407.23,170348.37,170377.8,58.86,1,1756982589,1756982589018,2025-09-04 11:43:10
6388,609892.0,609888.0,609890.0,4.0,1,1756982590,1756982590041,2025-09-04 11:43:20
6389,1661.15,1658.9,1660.025,2.25,1,1756982589,1756982589029,2025-09-04 11:43:10
6390,153525.18,153455.83,153490.505,69.35,1,1756982587,1756982587879,2025-09-04 11:43:10
6391,792544.45,792538.8499999999,792541.6499999999,5.6000000001,1,1756982590,1756982590737,2025-09-04 11:43:20
6392,2330829.9,2330823.2099999995,2330826.5549999997,6.6900000004,1,1756982590,1756982590745,2025-09-04 11:43:20
6393,711850.05,711843.8400000001,711846.9450000001,6.21,1,1756982589,1756982589678,2025-09-04 11:43:10
6394,865977.2,865972.3499999999,865974.7749999999,4.8500000001,1,1756982589,1756982589687,2025-09-04 11:43:10
6395,9799155.28,9799147.53,9799151.405,7.75,1,1756982589,1756982589685,2025-09-04 11:43:10
6396,1120583.53,1120516.8499999999,1120550.19,66.6800000002,1,1756982590,1756982590739,2025-09-04 11:43:20
6397,189588.48,189578.97,189583.725,9.51,1,1756982591,1756982591097,2025-09-04 11:43:20
6398,405353.57,405348.74,405351.155,4.83,1,1756982589,1756982589718,2025-09-04 11:43:10
6399,9071462.419999998,9071457.52,9071459.969999999,4.8999999985,1,1756982589,1756982589718,2025-09-04 11:43:10
6400,1049835.56,1049830.33,1049832.945,5.23,1,1756982589,1756982589729,2025-09-04 11:43:10
6401,143172.67,143167.22,143169.945,5.45,1,1756982587,1756982587959,2025-09-04 11:43:10
6402,3183803.0,3177103.0,3180453.0,6700.0,1,1745941679,1745941679940,2025-04-29 15:48:00
6403,4571834.29,4571828.55,4571831.42,5.7400000002,1,1756982589,1756982589739,2025-09-04 11:43:10
6404,1737.384,1737.2356,1737.3098,0.1484,1,1756982578,1756982578645,2025-09-04 11:43:00
6405,2709.5226,2709.1274,2709.325,0.3952,1,1756982581,1756982581806,2025-09-04 11:43:10
6406,31.34513,31.31053,31.32783,0.0346,1,1756982590,1756982590762,2025-09-04 11:43:20
6407,1977614.66,1977609.95,1977612.305,4.71,1,1756982590,1756982590774,2025-09-04 11:43:20
6408,0.34811,0.31551,0.33181,0.0326,1,1756982590,1756982590707,2025-09-04 11:43:20
6409,0.30958,0.28828,0.29893,0.0213,1,1756982586,1756982586576,2025-09-04 11:43:10
6410,0.18771,0.16081,0.17426,0.0269,1,1756982586,1756982586584,2025-09-04 11:43:10
6411,1.54464,1.54234,1.54349,0.0023,1,1756982590,1756982590803,2025-09-04 11:43:20
6412,4.54016,4.5385,4.53933,0.00166,1,1756982590,1756982590802,2025-09-04 11:43:20
6413,1.3876,1.38507,1.386335,0.00253,1,1756982589,1756982589074,2025-09-04 11:43:10
6414,0.18654,0.18489,0.185715,0.00165,1,1756982590,1756982590121,2025-09-04 11:43:20
6415,0.16232,0.15962,0.16097,0.0027,1,1756982590,1756982590812,2025-09-04 11:43:20
6416,1.68816,1.68485,1.686505,0.00331,1,1756982586,1756982586622,2025-09-04 11:43:10
6417,19.1008,19.0672,19.084,0.0336,1,1756982586,1756982586624,2025-09-04 11:43:10
6418,32.0901,32.0553,32.0727,0.0348,1,1756982590,1756982590111,2025-09-04 11:43:20
6419,2.18364,2.18094,2.18229,0.0027,1,1756982590,1756982590835,2025-09-04 11:43:20
6420,0.37047,0.36792,0.369195,0.00255,1,1756982589,1756982589843,2025-09-04 11:43:10
6421,0.79052,0.78833,0.789425,0.00219,1,1756982588,1756982588060,2025-09-04 11:43:10
6422,17.6781,17.6557,17.6669,0.0224,1,1756982586,1756982586649,2025-09-04 11:43:10
6423,2.04587,2.04328,2.044575,0.00259,1,1756982589,1756982589845,2025-09-04 11:43:10
6424,0.27969,0.27797,0.27883,0.00172,1,1756982586,1756982586653,2025-09-04 11:43:10
6425,8.91259,8.8949,8.903745,0.01769,1,1756982586,1756982586662,2025-09-04 11:43:10
6426,0.00583,0.00472,0.005275,0.00111,1,1756982590,1756982590845,2025-09-04 11:43:20
6427,3.85632,3.84657,3.851445,0.00975,1,1756982590,1756982590865,2025-09-04 11:43:20
6428,6790.56,6784.67,6787.615,5.89,1,1756982590,1756982590667,2025-09-04 11:43:20
6429,24298.32,24291.82,24295.07,6.5,1,1756982591,1756982591144,2025-09-04 11:43:20
6430,66.1546,66.0994,66.127,0.0552,1,1756982590,1756982590883,2025-09-04 11:43:20
6431,6114.27,6114.1,6114.185,0.17,1,1756982590,1756982590858,2025-09-04 11:43:20
6432,31572.85,31569.15,31571.0,3.7,1,1756982590,1756982590896,2025-09-04 11:43:20
6433,92850.65,92846.96,92848.805,3.69,1,1756982590,1756982590903,2025-09-04 11:43:20
6434,28358.32,28354.73,28356.525,3.59,1,1756982590,1756982590912,2025-09-04 11:43:20
6435,34497.9,34494.54,34496.22,3.36,1,1756982590,1756982590925,2025-09-04 11:43:20
6436,390353.24,390347.85,390350.545,5.39,1,1756982590,1756982590927,2025-09-04 11:43:20
6437,44639.14,44635.4,44637.27,3.74,1,1756982590,1756982590937,2025-09-04 11:43:20
6438,7553.54,7549.87,7551.705,3.67,1,1756982590,1756982590948,2025-09-04 11:43:20
6439,16149.08,16145.37,16147.225,3.71,1,1756982590,1756982590944,2025-09-04 11:43:20
6440,361355.15,361350.9500000001,361353.05,4.2,1,1756982565,1756982565772,2025-09-04 11:42:50
6441,41822.05,41818.43,41820.24,3.62,1,1756982590,1756982590969,2025-09-04 11:43:20
6442,5704.76,5701.62,5703.19,3.14,1,1756982590,1756982590968,2025-09-04 11:43:20
6443,182181.87,182057.19,182119.53,124.68,1,1756982590,1756982590979,2025-09-04 11:43:20
6444,69.2276,69.1761,69.20185,0.0515,1,1756982590,1756982590982,2025-09-04 11:43:20
6445,107.96,107.9234,107.9417,0.0366,1,1756982590,1756982590988,2025-09-04 11:43:20
6446,1.24979,1.24612,1.247955,0.00367,1,1756982590,1756982590999,2025-09-04 11:43:20
6447,78799.81,78757.12,78778.465,42.69,1,1756982591,1756982591008,2025-09-04 11:43:20
6448,1.19515,1.19155,1.19335,0.0036,1,1756877644,1756877644611,2025-09-03 06:34:10
6449,0.01362,0.01003,0.011825,0.00359,1,1756877644,1756877644611,2025-09-03 06:34:10
6450,1.08583,1.06053,1.07318,0.0253,1,1756877644,1756877644611,2025-09-03 06:34:10
6451,0.64324,0.60994,0.62659,0.0333,1,1756877644,1756877644611,2025-09-03 06:34:10
6452,5.58383,5.58045,5.58214,0.00338,1,1756877644,1756877644612,2025-09-03 06:34:10
6453,16.2476,16.2153,16.23145,0.0323,1,1756877644,1756877644612,2025-09-03 06:34:10
6454,4.9622,4.9398,4.951,0.0224,1,1756877644,1756877644612,2025-09-03 06:34:10
6455,0.67246,0.65466,0.66356,0.0178,1,1756877644,1756877644612,2025-09-03 06:34:10
6456,0.57851,0.56691,0.57271,0.0116,1,1756877644,1756877644612,2025-09-03 06:34:10
6457,6.0932,6.0605,6.07685,0.0327,1,1756877644,1756877644612,2025-09-03 06:34:10
6458,68.2006,68.1624,68.1815,0.0382,1,1756877644,1756877644613,2025-09-03 06:34:10
6459,114.3077,114.2698,114.28875,0.0379,1,1756877644,1756877644613,2025-09-03 06:34:10
6460,7.9633,7.8671,7.9152,0.0962,1,1756877644,1756877644613,2025-09-03 06:34:10
6461,1.3563,1.2668,1.31155,0.0895,1,1756877644,1756877644613,2025-09-03 06:34:10
6462,2.8433,2.8116,2.82745,0.0317,1,1756877644,1756877644614,2025-09-03 06:34:10
6463,62.1336,62.0952,62.1144,0.0384,1,1756877644,1756877644614,2025-09-03 06:34:10
6464,7.5554,7.2848,7.4201,0.2706,1,1756877644,1756877644614,2025-09-03 06:34:10
6465,1.01026,0.98206,0.99616,0.0282,1,1756877644,1756877644614,2025-09-03 06:34:10
6466,31.8755,31.5949,31.7352,0.2806,1,1756877644,1756877644614,2025-09-03 06:34:10
6467,0.01362,0.01092,0.01227,0.0027,1,1756877644,1756877644615,2025-09-03 06:34:10
6468,0.0218,0.01908,0.02044,0.00272,1,1756877644,1756877644615,2025-09-03 06:34:10
6469,13.6796,13.6466,13.6631,0.033,1,1756877644,1756877644615,2025-09-03 06:34:10
6470,31.4323,31.4004,31.41635,0.0319,1,1756982590,1756982590912,2025-09-04 11:43:20
6471,0.30795,0.30426,0.306105,0.00369,1,1756982587,1756982587570,2025-09-04 11:43:10
6472,28.3197,28.2866,28.30315,0.0331,1,1756982590,1756982590927,2025-09-04 11:43:20
6473,16.5146,16.481,16.4978,0.0336,1,1756982590,1756982590338,2025-09-04 11:43:20
6474,146.321,145.961,146.141,0.36,1,1756982589,1756982589365,2025-09-04 11:43:10
6475,429.985,429.602,429.7935,0.383,1,1756982590,1756982590339,2025-09-04 11:43:20
6476,131.439,131.084,131.2615,0.355,1,1756982588,1756982588540,2025-09-04 11:43:10
6477,15.2593,15.2236,15.24145,0.0357,1,1756982590,1756982590354,2025-09-04 11:43:20
6478,159.854,159.51,159.682,0.344,1,1756982587,1756982587617,2025-09-04 11:43:10
6479,1809.02,1804.83,1806.925,4.19,1,1756982587,1756982587624,2025-09-04 11:43:10
6480,3039.28,3034.53,3036.905,4.75,1,1756982590,1756982590360,2025-09-04 11:43:20
6481,207.131,206.117,206.624,1.014,1,1756982590,1756982590935,2025-09-04 11:43:20
6482,34.9724,34.9406,34.9565,0.0318,1,1756982589,1756982589377,2025-09-04 11:43:10
6483,74.7681,74.7214,74.74475,0.0467,1,1756982588,1756982588551,2025-09-04 11:43:10
6484,1672.6783,1672.6197,1672.649,0.0586,1,1756982585,1756982585971,2025-09-04 11:43:10
6485,193.6059,193.5636,193.58475,0.0423,1,1756982590,1756982590936,2025-09-04 11:43:20
6486,26.4212,26.3785,26.39985,0.0427,1,1756982587,1756982587691,2025-09-04 11:43:10
6487,843.0551,842.9888,843.02195,0.0663,1,1756982587,1756982587705,2025-09-04 11:43:10
6488,0.32272,0.31796,0.32034,0.00476,1,1756982587,1756982587707,2025-09-04 11:43:10
6489,0.50251,0.49681,0.49966,0.0057,1,1756982590,1756982590375,2025-09-04 11:43:20
6490,0.00859,0.00297,0.00578,0.00562,1,1756982583,1756982583447,2025-09-04 11:43:10
6491,364.6908,364.632,364.6614,0.0588,1,1756982590,1756982590381,2025-09-04 11:43:20
6492,35.8571,35.8247,35.8409,0.0324,1,1756982590,1756982590958,2025-09-04 11:43:20
6493,0.3509,0.34755,0.349225,0.00335,1,1756982590,1756982590957,2025-09-04 11:43:20
6494,32.3054,32.2731,32.28925,0.0323,1,1756982590,1756982590968,2025-09-04 11:43:20
6495,18.8431,18.7994,18.82125,0.0437,1,1756982590,1756982590390,2025-09-04 11:43:20
6496,166.74,166.7053,166.72265,0.0347,1,1756982590,1756982590393,2025-09-04 11:43:20
6497,490.3443,490.3018,490.32305,0.0425,1,1756982590,1756982590397,2025-09-04 11:43:20
6498,149.7781,149.7166,149.74735,0.0615,1,1756982588,1756982588633,2025-09-04 11:43:10
6499,20.1058,20.0563,20.08105,0.0495,1,1756982591,1756982591136,2025-09-04 11:43:20
6500,17.4264,17.3836,17.405,0.0428,1,1756982591,1756982591163,2025-09-04 11:43:20
6501,182.1918,182.1489,182.17035,0.0429,1,1756982588,1756982588647,2025-09-04 11:43:10
6502,2061.422,2061.3639,2061.39295,0.0581,1,1756982588,1756982588649,2025-09-04 11:43:10
6503,3464.6206,3464.5921,3464.60635,0.0285,1,1756982590,1756982590406,2025-09-04 11:43:20
6504,235.7482,235.7,235.7241,0.0482,1,1756982590,1756982590965,2025-09-04 11:43:20
6505,39.9015,39.8579,39.8797,0.0436,1,1756982589,1756982589424,2025-09-04 11:43:10
6506,85.2944,85.2486,85.2715,0.0458,1,1756982588,1756982588670,2025-09-04 11:43:10
6507,1911.5,1905.13,1908.315,6.37,1,1756982588,1756982588676,2025-09-04 11:43:10
6508,220.8807,220.8167,220.8487,0.064,1,1756982590,1756982590979,2025-09-04 11:43:20
6509,30.1482,30.0877,30.11795,0.0605,1,1756982588,1756982588686,2025-09-04 11:43:10
6510,961.7853,961.7162,961.75075,0.0691,1,1756982588,1756982588701,2025-09-04 11:43:10
6511,0.36891,0.362,0.365455,0.00691,1,1756982588,1756982588707,2025-09-04 11:43:10
6512,0.57291,0.56716,0.570035,0.00575,1,1756982590,1756982590416,2025-09-04 11:43:20
6513,416.0519,415.9867,416.0193,0.0652,1,1756982590,1756982590429,2025-09-04 11:43:20
6514,0.55396,0.55119,0.552575,0.00277,1,1756982589,1756982589439,2025-09-04 11:43:10
6515,0.49907,0.49653,0.4978,0.00254,1,1756982591,1756982591004,2025-09-04 11:43:20
6516,0.292,0.28833,0.290165,0.00367,1,1756982590,1756982590447,2025-09-04 11:43:20
6517,2.57221,2.56849,2.57035,0.00372,1,1756982590,1756982590459,2025-09-04 11:43:20
6518,7.56113,7.55739,7.55926,0.00374,1,1756982590,1756982590743,2025-09-04 11:43:20
6519,2.31047,2.30682,2.308645,0.00365,1,1756982590,1756982590461,2025-09-04 11:43:20
6520,0.31114,0.30743,0.309285,0.00371,1,1756982588,1756982588756,2025-09-04 11:43:10
6521,0.26938,0.26677,0.268075,0.00261,1,1756982590,1756982590471,2025-09-04 11:43:20
6522,2.80996,2.80704,2.8085,0.00292,1,1756982590,1756982590484,2025-09-04 11:43:20
6523,31.7968,31.7638,31.7803,0.033,1,1756982590,1756982590482,2025-09-04 11:43:20
6524,53.4314,53.3956,53.4135,0.0358,1,1756982590,1756982590492,2025-09-04 11:43:20
6525,3.63649,3.63178,3.634135,0.00471,1,1756982590,1756982590508,2025-09-04 11:43:20
6526,0.61666,0.61302,0.61484,0.00364,1,1756982589,1756982589493,2025-09-04 11:43:10
6527,1.31699,1.31226,1.314625,0.00473,1,1756982590,1756982590525,2025-09-04 11:43:20
6528,29.4364,29.4041,29.42025,0.0323,1,1756982590,1756982590527,2025-09-04 11:43:20
6529,3.4229,3.3867,3.4048,0.0362,1,1756982590,1756982590539,2025-09-04 11:43:20
6530,0.46614,0.46253,0.464335,0.00361,1,1756982590,1756982590550,2025-09-04 11:43:20
6531,14.829,14.82542,14.82721,0.00358,1,1756982590,1756982590560,2025-09-04 11:43:20
6532,6.4287,6.3989,6.4138,0.0298,1,1756982590,1756982590561,2025-09-04 11:43:20
6533,171.0362,170.6702,170.8532,0.366,1,1756982591,1756982591030,2025-09-04 11:43:20
6534,1.6832,1.6462,1.6647,0.037,1,1756982589,1756982589548,2025-09-04 11:43:10
6535,154.0732,153.7692,153.9212,0.304,1,1756982589,1756982589919,2025-09-04 11:43:10
6536,795.025,794.506,794.7655,0.519,1,1756982590,1756982590576,2025-09-04 11:43:20
6537,2337.64,2337.09,2337.365,0.55,1,1756982590,1756982590587,2025-09-04 11:43:20
6538,714.153,713.535,713.844,0.618,1,1756982589,1756982589569,2025-09-04 11:43:10
6539,868.4334,868.3751,868.40425,0.0583,1,1756982589,1756982589580,2025-09-04 11:43:10
6540,9828.49,9824.8,9826.645,3.69,1,1756982589,1756982589601,2025-09-04 11:43:10
6541,1124.004,1123.387,1123.6955,0.617,1,1756982591,1756982591057,2025-09-04 11:43:20
6542,190.1756,190.0362,190.1059,0.1394,1,1756982589,1756982589595,2025-09-04 11:43:10
6543,406.512,406.4646,406.4883,0.0474,1,1756982589,1756982589607,2025-09-04 11:43:10
6544,9098.26,9095.57,9096.915,2.69,1,1756982589,1756982589621,2025-09-04 11:43:10
6545,1052.993,1052.575,1052.784,0.418,1,1756982591,1756982591055,2025-09-04 11:43:20
6546,143.6006,143.5426,143.5716,0.058,1,1756982589,1756982589635,2025-09-04 11:43:10
6547,4586.27,4583.05,4584.66,3.22,1,1756982589,1756982589642,2025-09-04 11:43:10
6548,1.7585,1.7258,1.74215,0.0327,1,1756982589,1756982589652,2025-09-04 11:43:10
6549,2.7381,2.6965,2.7173,0.0416,1,1756982591,1756982591069,2025-09-04 11:43:20
6550,0.03299,0.02985,0.03142,0.00314,1,1756982588,1756982588832,2025-09-04 11:43:10
6551,1984.31,1982.02,1983.165,2.29,1,1756982589,1756982589920,2025-09-04 11:43:10
6552,4.36947,4.36575,4.36761,0.00372,1,1756982586,1756982586174,2025-09-04 11:43:10
6553,3.93782,3.93414,3.93598,0.00368,1,1756982590,1756982590811,2025-09-04 11:43:20
6554,20.32649,20.32006,20.323275,0.00643,1,1756982590,1756982590608,2025-09-04 11:43:20
6555,59.7868,59.7528,59.7698,0.034,1,1756982590,1756982590604,2025-09-04 11:43:20
6556,18.2704,18.2374,18.2539,0.033,1,1756982588,1756982588849,2025-09-04 11:43:10
6557,22.223,22.1896,22.2063,0.0334,1,1756982589,1756982589710,2025-09-04 11:43:10
6558,251.3032,251.2592,251.2812,0.044,1,1756982589,1756982589723,2025-09-04 11:43:10
6559,28.73719,28.73177,28.73448,0.00542,1,1756982591,1756982591087,2025-09-04 11:43:20
6560,4.86284,4.85913,4.860985,0.00371,1,1756982588,1756982588074,2025-09-04 11:43:10
6561,10.39682,10.39215,10.394485,0.00467,1,1756982589,1756982589751,2025-09-04 11:43:10
6562,232.6443,232.5975,232.6209,0.0468,1,1756982589,1756982589749,2025-09-04 11:43:10
6563,26.92367,26.91869,26.92118,0.00498,1,1756982591,1756982591100,2025-09-04 11:43:20
6564,3.67309,3.66957,3.67133,0.00352,1,1756982589,1756982589769,2025-09-04 11:43:10
6565,117.267,117.2114,117.2392,0.0556,1,1756982584,1756982584519,2025-09-04 11:43:10
6566,50.7445,50.68,50.71225,0.0645,1,1756982590,1756982590604,2025-09-04 11:43:20
6567,0.52129,0.51804,0.519665,0.00325,1,1756982591,1756982591107,2025-09-04 11:43:20
6568,0.46985,0.46649,0.46817,0.00336,1,1756982591,1756982591113,2025-09-04 11:43:20
6569,0.27462,0.27119,0.272905,0.00343,1,1756982587,1756982587256,2025-09-04 11:43:10
6570,2.41944,2.41519,2.417315,0.00425,1,1756982589,1756982589789,2025-09-04 11:43:10
6571,7.11126,7.10711,7.109185,0.00415,1,1756982590,1756982590645,2025-09-04 11:43:20
6572,2.17321,2.16916,2.171185,0.00405,1,1756982588,1756982588889,2025-09-04 11:43:10
6573,0.29275,0.289,0.290875,0.00375,1,1756982588,1756982588896,2025-09-04 11:43:10
6574,0.25384,0.25039,0.252115,0.00345,1,1756982589,1756982589811,2025-09-04 11:43:10
6575,2.64352,2.63906,2.64129,0.00446,1,1756982588,1756982588143,2025-09-04 11:43:10
6576,29.9115,29.8647,29.8881,0.0468,1,1756982588,1756982588159,2025-09-04 11:43:10
6577,50.2612,50.2054,50.2333,0.0558,1,1756982590,1756982590661,2025-09-04 11:43:20
6578,3.41974,3.41578,3.41776,0.00396,1,1756982590,1756982590675,2025-09-04 11:43:20
6579,0.58021,0.57623,0.57822,0.00398,1,1756982589,1756982589833,2025-09-04 11:43:10
6580,1.2394,1.2333,1.23635,0.0061,1,1756982588,1756982588905,2025-09-04 11:43:10
6581,27.7005,27.6367,27.6686,0.0638,1,1756982588,1756982588180,2025-09-04 11:43:10
6582,3.20473,3.19944,3.202085,0.00529,1,1756982591,1756982591138,2025-09-04 11:43:20
6583,0.43944,0.43393,0.436685,0.00551,1,1756982588,1756982588189,2025-09-04 11:43:10
6584,13.9467,13.94212,13.94441,0.00458,1,1756982588,1756982588202,2025-09-04 11:43:10
6585,6.03441,6.02931,6.03186,0.0051,1,1756982590,1756982590672,2025-09-04 11:43:20
6586,5.8356,5.7964,5.816,0.0392,1,1756982590,1756982590712,2025-09-04 11:43:20
6587,0.05845,0.05479,0.05662,0.00366,1,1756982588,1756982588226,2025-09-04 11:43:10
6588,5.2506,5.2182,5.2344,0.0324,1,1756982587,1756982587292,2025-09-04 11:43:10
6589,3.067,3.0358,3.0514,0.0312,1,1756982581,1756982581443,2025-09-04 11:43:10
6590,27.0496,27.0054,27.0275,0.0442,1,1756982589,1756982589856,2025-09-04 11:43:10
6591,79.5056,79.4676,79.4866,0.038,1,1756982590,1756982590688,2025-09-04 11:43:20
6592,24.2918,24.2595,24.27565,0.0323,1,1756982588,1756982588938,2025-09-04 11:43:10
6593,3.2704,3.234,3.2522,0.0364,1,1756982588,1756982588253,2025-09-04 11:43:10
6594,2.8348,2.8028,2.8188,0.032,1,1756982589,1756982589878,2025-09-04 11:43:10
6595,29.5498,29.5137,29.53175,0.0361,1,1756982575,1756982575505,2025-09-04 11:43:00
6596,334.2083,334.1393,334.1738,0.069,1,1756982583,1756982583861,2025-09-04 11:43:10
6597,564.21,559.09,561.65,5.12,1,1756982590,1756982590691,2025-09-04 11:43:20
6598,38.2417,38.1851,38.2134,0.0566,1,1756982590,1756982590706,2025-09-04 11:43:20
6599,6.4965,6.4335,6.465,0.063,1,1756982589,1756982589893,2025-09-04 11:43:10
6600,13.8443,13.8025,13.8234,0.0418,1,1756982588,1756982588958,2025-09-04 11:43:10
6601,311.25,307.47,309.36,3.78,1,1756982568,1756982568356,2025-09-04 11:42:50
6602,35.8904,35.7136,35.802,0.1768,1,1756982591,1756982591164,2025-09-04 11:43:20
6603,4.9239,4.8412,4.88255,0.0827,1,1756982587,1756982587320,2025-09-04 11:43:10
6604,155.9543,155.8661,155.9102,0.0882,1,1756982583,1756982583897,2025-09-04 11:43:10
6605,0.06253,0.05595,0.05924,0.00658,1,1756982583,1756982583253,2025-09-04 11:43:10
6606,0.09518,0.08964,0.09241,0.00554,1,1756982590,1756982590715,2025-09-04 11:43:20
6607,0.00198,0.00016,0.00107,0.00182,1,1756982582,1756982582113,2025-09-04 11:43:10
6608,68.53,66.38,67.455,2.15,1,1756982585,1756982585521,2025-09-04 11:43:10
6609,34.9,34.79,34.845,0.11,1,1784148597,1784148597652,2026-07-15 20:49:59
6610,16.56,16.52,16.54,0.04,1,1784148594,1784148594055,2026-07-15 20:49:59
6611,523.0,522.8,522.9,0.2,1,1784148575,1784148575507,2026-07-15 20:49:35
6612,105.0,101.0,103.0,4.0,1,1784148580,1784148580909,2026-07-15 20:49:41
6613,0.2608,0.2601,0.26045,0.0007,1,1784148594,1784148594396,2026-07-15 20:49:59
6614,2.254,2.2505,2.25225,0.0035,1,1784148595,1784148595445,2026-07-15 20:49:56
6615,4368.5,4367.0,4367.75,1.5,1,1784148595,1784148595540,2026-07-15 20:49:56
6616,15.6,15.585,15.5925,0.015,1,1784148595,1784148595301,2026-07-15 20:49:56
6617,1772.0,1731.0,1751.5,41.0,1,1784148547,1784148547572,2026-07-15 20:49:08
6618,171.2,171.0,171.1,0.2,1,1784148597,1784148597329,2026-07-15 20:50:02
6619,57.24,57.12,57.18,0.12,1,1784148556,1784148556701,2026-07-15 20:49:20
6620,939.9,937.6,938.75,2.3,1,1784148596,1784148596370,2026-07-15 20:49:59
6621,88.46,88.41,88.435,0.05,1,1784148590,1784148590737,2026-07-15 20:49:53
6622,1157.0,1157.0,1157.0,0.0,1,1784148558,1784148558832,2026-07-15 20:49:20
6623,312.9,312.65,312.775,0.25,1,1784148596,1784148596673,2026-07-15 20:49:59
6624,40.39,40.27,40.33,0.12,1,1784148585,1784148585016,2026-07-15 20:49:50
6625,288.11,287.98,288.045,0.13,1,1784148597,1784148597480,2026-07-15 20:49:59
6628,15.255,15.23,15.2425,0.025,1,1784148598,1784148598597,2026-07-15 20:49:59
6630,465.75,464.65,465.2,1.1,1,1784148594,1784148594047,2026-07-15 20:49:56
6631,61.48501,61.45999,61.4725,0.02502,1,1784148597,1784148597573,2026-07-15 20:49:59
6633,50.74,50.62,50.68,0.12,1,1784145544,1784145544792,2026-07-15 19:59:05
6634,23.09,22.98,23.035,0.11,1,1784145546,1784145546891,2026-07-15 19:59:08
6636,23.04,22.81,22.925,0.23,1,1784145463,1784145463624,2026-07-15 19:57:44
6637,7.95,7.95,7.95,0.0,1,1784123247,1784123247711,2026-07-15 13:47:29
6638,25.17,25.03,25.1,0.14,1,1784145543,1784145543483,2026-07-15 19:59:05
6639,200.62,200.35,200.485,0.27,1,1784145535,1784145535008,2026-07-15 19:58:56
6640,19.52,19.36,19.44,0.16,1,1784145546,1784145546590,2026-07-15 19:59:08
6641,23.1,22.96,23.03,0.14,1,1784145547,1784145547951,2026-07-15 19:59:11
6642,40.99,40.86,40.925,0.13,1,1784145534,1784145534771,2026-07-15 19:58:56
6644,46.15,46.01,46.08,0.14,1,1784145542,1784145542232,2026-07-15 19:59:02
6645,2.8,2.67,2.735,0.13,1,1784145489,1784145489622,2026-07-15 19:58:11
6646,54.78,54.65,54.715,0.13,1,1784145547,1784145547508,2026-07-15 19:59:08
6647,56.04,55.87,55.955,0.17,1,1784145547,1784145547076,2026-07-15 19:59:08
6652,0.0,0.0,0.0,0.0,1,1756877643,1756877643446,2025-09-03 06:34:10
6653,54.43,54.27,54.35,0.16,1,1784145544,1784145544033,2026-07-15 19:59:05
6654,31.59,31.48,31.535,0.11,1,1784145519,1784145519907,2026-07-15 19:58:41
6656,10.79,10.68,10.735,0.11,1,1784145478,1784145478245,2026-07-15 19:58:02
6657,146.82,146.53,146.675,0.29,1,1784145547,1784145547516,2026-07-15 19:59:08
6661,15.01,14.9,14.955,0.11,1,1784145544,1784145544179,2026-07-15 19:59:05
6665,20.14,20.0,20.07,0.14,1,1784145529,1784145529568,2026-07-15 19:58:50
6669,6.88,6.77,6.825,0.11,1,1784145526,1784145526147,2026-07-15 19:58:47
6671,6.37,6.26,6.315,0.11,1,1784145493,1784145493660,2026-07-15 19:58:14
6672,4.25,4.14,4.195,0.11,1,1784145543,1784145543085,2026-07-15 19:59:05
6673,37.11,37.0,37.055,0.11,1,1784145421,1784145421916,2026-07-15 19:57:02
6680,5.88,5.77,5.825,0.11,1,1784145415,1784145415575,2026-07-15 19:56:56
6681,5.4,5.29,5.345,0.11,1,1784145149,1784145149134,2026-07-15 19:52:29
6683,34.56,34.42,34.49,0.14,1,1784145540,1784145540553,2026-07-15 19:59:02
6685,12.13,12.01,12.07,0.12,1,1784145537,1784145537176,2026-07-15 19:58:59
6686,64.26,64.13,64.195,0.13,1,1784145545,1784145545227,2026-07-15 19:59:05
6687,91.65,86.94,89.295,4.71,1,1784037627,1784037627950,2026-07-14 14:00:29
6688,127.76,127.54,127.65,0.22,1,1784145545,1784145545977,2026-07-15 19:59:08
6691,15.33,15.21,15.27,0.12,1,1784145546,1784145546904,2026-07-15 19:59:08
6692,14.25,14.12,14.185,0.13,1,1784145533,1784145533539,2026-07-15 19:58:53
6694,22.29,22.17,22.23,0.12,1,1784145548,1784145548390,2026-07-15 19:59:08
6696,11.48,11.33,11.405,0.15,1,1784145503,1784145503346,2026-07-15 19:58:23
6697,80.15,79.82,79.985,0.33,1,1784145542,1784145542621,2026-07-15 19:59:02
6701,4.07,3.96,4.015,0.11,1,1784145520,1784145520242,2026-07-15 19:58:44
6702,32.05,31.94,31.995,0.11,1,1783013407,1783013407098,2026-07-02 17:30:09
6704,0.0,0.0,0.0,0.0,1,1756877643,1756877643695,2025-09-03 06:34:10
6705,84.37,83.99,84.18,0.38,1,1784145523,1784145523248,2026-07-15 19:58:44
6706,473.42,472.32,472.87,1.1,1,1784145535,1784145535210,2026-07-15 19:58:56
6708,1.63,1.46,1.545,0.17,1,1783013407,1783013407104,2026-07-02 17:30:09
6713,72.93,72.77,72.85,0.16,1,1784145546,1784145546586,2026-07-15 19:59:08
6714,0.0,0.0,0.0,0.0,1,1756877643,1756877643728,2025-09-03 06:34:10
6715,3.92,3.81,3.865,0.11,1,1784145541,1784145541736,2026-07-15 19:59:02
6718,13.22,13.11,13.165,0.11,1,1784145547,1784145547531,2026-07-15 19:59:08
6721,15.54,15.35,15.445,0.19,1,1784145463,1784145463637,2026-07-15 19:57:44
6722,194.92,194.48,194.7,0.44,1,1784145492,1784145492049,2026-07-15 19:58:14
6723,0.0,0.0,0.0,0.0,1,1764201641,1764201641130,2025-11-27 00:00:42
6725,38.63,38.52,38.575,0.11,1,1784145541,1784145541123,2026-07-15 19:59:05
6729,24.68,24.51,24.595,0.17,1,1784145537,1784145537373,2026-07-15 19:58:59
6732,4.4,4.29,4.345,0.11,1,1784145433,1784145433507,2026-07-15 19:57:14
6733,1.25,1.23,1.24,0.02,1,1783958992,1783958992538,2026-07-13 16:09:56
6734,11.05,10.94,10.995,0.11,1,1783013407,1783013407160,2026-07-02 17:30:09
6735,186.34,186.17,186.255,0.17,1,1784145542,1784145542956,2026-07-15 19:59:05
6736,84.74,84.55,84.645,0.19,1,1784145547,1784145547728,2026-07-15 19:59:08
6742,7.98,7.86,7.92,0.12,1,1784145547,1784145547970,2026-07-15 19:59:11
6743,9.52,9.38,9.45,0.14,1,1757372438,1757372438420,2025-09-09 00:00:40
6744,3.15,3.04,3.095,0.11,1,1783013407,1783013407179,2026-07-02 17:30:09
6747,30.07,29.93,30.0,0.14,1,1784145548,1784145548186,2026-07-15 19:59:11
6748,17.88,17.77,17.825,0.11,1,1784145545,1784145545562,2026-07-15 19:59:05
6749,33.62,33.49,33.555,0.13,1,1784145477,1784145477691,2026-07-15 19:58:02
6750,130.76,130.54,130.65,0.22,1,1784145542,1784145542080,2026-07-15 19:59:02
6751,41.69,41.55,41.62,0.14,1,1784145540,1784145540134,2026-07-15 19:59:02
6752,16.93,16.8,16.865,0.13,1,1784145416,1784145416990,2026-07-15 19:56:59
6753,75.85,75.74,75.795,0.11,1,1784145548,1784145548343,2026-07-15 19:59:08
6754,48.57,48.42,48.495,0.15,1,1784145495,1784145495710,2026-07-15 19:58:17
6755,78.86,78.75,78.805,0.11,1,1784145547,1784145547311,2026-07-15 19:59:08
6756,16.41,16.29,16.35,0.12,1,1784145498,1784145498581,2026-07-15 19:58:20
6757,149.29,148.66,148.975,0.63,1,1784145513,1784145513901,2026-07-15 19:58:35
6758,35.74,35.55,35.645,0.19,1,1784145544,1784145544806,2026-07-15 19:59:05
6759,3.38,3.27,3.325,0.11,1,1784145538,1784145538173,2026-07-15 19:58:59
6760,17.4,17.25,17.325,0.15,1,1784145527,1784145527776,2026-07-15 19:58:50
6761,37.16,37.02,37.09,0.14,1,1784145536,1784145536215,2026-07-15 19:58:56
6762,0.0,0.0,0.0,0.0,1,1756877643,1756877643895,2025-09-03 06:34:10
6768,2312.25,2308.57,2310.41,3.68,1,1784145494,1784145494421,2026-07-15 19:58:17
6769,38.59,38.45,38.52,0.14,1,1784145547,1784145547537,2026-07-15 19:59:08
6771,285.95,285.52,285.735,0.43,1,1784145546,1784145546099,2026-07-15 19:59:08
6776,5.36,5.25,5.305,0.11,1,1784145464,1784145464377,2026-07-15 19:57:44
6777,80.73,80.61,80.67,0.12,1,1784145544,1784145544192,2026-07-15 19:59:05
6778,107.96,107.71,107.835,0.25,1,1784145547,1784145547329,2026-07-15 19:59:08
6779,11.98,11.87,11.925,0.11,1,1784145421,1784145421919,2026-07-15 19:57:02
6780,0.0,0.0,0.0,0.0,1,1756877643,1756877643944,2025-09-03 06:34:10
6783,30.33,30.22,30.275,0.11,1,1784145546,1784145546918,2026-07-15 19:59:08
6786,92.76,92.6,92.68,0.16,1,1784145547,1784145547528,2026-07-15 19:59:11
6788,0.64,0.53,0.585,0.11,1,1784127456,1784127456148,2026-07-15 14:57:38
6789,0.0,0.0,0.0,0.0,1,1764201641,1764201641288,2025-11-27 00:00:42
6792,50.5,50.12,50.31,0.38,1,1784145493,1784145493307,2026-07-15 19:58:14
6796,58.53,58.41,58.47,0.12,1,1784145545,1784145545984,2026-07-15 19:59:08
6797,30.99,30.87,30.93,0.12,1,1784145542,1784145542414,2026-07-15 19:59:05
6798,3.13,3.02,3.075,0.11,1,1784145519,1784145519300,2026-07-15 19:58:41
6802,0.0,0.0,0.0,0.0,1,1764201641,1764201641326,2025-11-27 00:00:42
6804,145.97,145.55,145.76,0.42,1,1784145532,1784145532127,2026-07-15 19:58:56
6807,1.96,1.85,1.905,0.11,1,1784140731,1784140731876,2026-07-15 18:38:53
6808,293.84,293.52,293.68,0.32,1,1784145546,1784145546451,2026-07-15 19:59:08
6809,13.57,13.45,13.51,0.12,1,1784145541,1784145541120,2026-07-15 19:59:02
6810,86.99,86.83,86.91,0.16,1,1784145542,1784145542973,2026-07-15 19:59:05
6811,7.21,7.08,7.145,0.13,1,1784145548,1784145548403,2026-07-15 19:59:08
6813,21.18,21.07,21.125,0.11,1,1784145537,1784145537006,2026-07-15 19:59:02
6814,169.28,169.11,169.195,0.17,1,1784145529,1784145529152,2026-07-15 19:58:53
6815,0.0,0.0,0.0,0.0,1,1764201641,1764201641349,2025-11-27 00:00:42
6817,10.58,10.46,10.52,0.12,1,1784145544,1784145544798,2026-07-15 19:59:05
6818,5.06,4.94,5.0,0.12,1,1784145542,1784145542421,2026-07-15 19:59:02
6820,33.49,33.38,33.435,0.11,1,1784145548,1784145548189,2026-07-15 19:59:08
6821,46.05,45.71,45.88,0.34,1,1784145518,1784145518293,2026-07-15 19:58:38
6823,58.8,58.67,58.735,0.13,1,1784145541,1784145541937,2026-07-15 19:59:02
6825,21.31,21.18,21.245,0.13,1,1784145518,1784145518274,2026-07-15 19:58:38
6826,0.0,0.0,0.0,0.0,1,1756877644,1756877644107,2025-09-03 06:34:10
6827,153.68,153.03,153.355,0.65,1,1784145520,1784145520566,2026-07-15 19:58:41
6828,63.92,63.8,63.86,0.12,1,1784145546,1784145546101,2026-07-15 19:59:08
6834,103.38,103.1,103.24,0.28,1,1784145539,1784145539247,2026-07-15 19:58:59
6835,14.56,14.45,14.505,0.11,1,1784145544,1784145544387,2026-07-15 19:59:05
6836,0.0,0.0,0.0,0.0,1,1756877644,1756877644132,2025-09-03 06:34:10
6837,34.72,34.6,34.66,0.12,1,1784145542,1784145542784,2026-07-15 19:59:08
6838,34.46,34.33,34.395,0.13,1,1783013407,1783013407398,2026-07-02 17:30:09
6840,14.49,14.36,14.425,0.13,1,1784145544,1784145544406,2026-07-15 19:59:05
6841,30.71,30.6,30.655,0.11,1,1783013407,1783013407405,2026-07-02 17:30:09
6843,60.48,60.37,60.425,0.11,1,1784145529,1784145529155,2026-07-15 19:58:53
6845,93.24,93.11,93.175,0.13,1,1784145535,1784145535020,2026-07-15 19:58:56
6846,26.33,26.18,26.255,0.15,1,1784145543,1784145543476,2026-07-15 19:59:05
6847,0.0,0.0,0.0,0.0,1,1756877644,1756877644172,2025-09-03 06:34:10
6849,121.5,120.05,120.775,1.45,1,1784136534,1784136534411,2026-07-15 17:28:59
6850,19.14,18.8,18.97,0.34,1,1784145464,1784145464368,2026-07-15 19:57:44
6851,10.19,10.06,10.125,0.13,1,1784145539,1784145539709,2026-07-15 19:59:02
6854,93.28,93.11,93.195,0.17,1,1784145535,1784145535369,2026-07-15 19:58:56
6856,33.63,33.49,33.56,0.14,1,1784145547,1784145547109,2026-07-15 19:59:08
6857,24.91,24.78,24.845,0.13,1,1784145542,1784145542431,2026-07-15 19:59:02
6858,77.0,76.8,76.9,0.2,1,1784145547,1784145547327,2026-07-15 19:59:08
6860,0.74,0.63,0.685,0.11,1,1784145070,1784145070561,2026-07-15 19:51:11
6862,0.0,0.0,0.0,0.0,1,1756877644,1756877644188,2025-09-03 06:34:10
6863,2.11,2.0,2.055,0.11,1,1784145497,1784145497140,2026-07-15 19:58:17
6864,25.81,25.68,25.745,0.13,1,1784145516,1784145516788,2026-07-15 19:58:38
6865,8.18,8.07,8.125,0.11,1,1784145546,1784145546586,2026-07-15 19:59:08
6866,12.21,12.09,12.15,0.12,1,1783013407,1783013407436,2026-07-02 17:30:09
6870,96.15,95.99,96.07,0.16,1,1784145547,1784145547320,2026-07-15 19:59:08
6872,19.09,18.98,19.035,0.11,1,1783013407,1783013407453,2026-07-02 17:30:09
6873,0.0,0.0,0.0,0.0,1,1756877644,1756877644217,2025-09-03 06:34:10
6874,0.0,0.0,0.0,0.0,1,1764201641,1764201641462,2025-11-27 00:00:42
6875,50.67,50.52,50.595,0.15,1,1784145504,1784145504353,2026-07-15 19:58:26
6877,13.06,12.95,13.005,0.11,1,1784145545,1784145545218,2026-07-15 19:59:08
6878,12.81,12.7,12.755,0.11,1,1784145547,1784145547089,2026-07-15 19:59:08
6879,13.27,13.16,13.215,0.11,1,1784145535,1784145535883,2026-07-15 19:58:56
6880,107.96,107.73,107.845,0.23,1,1784145530,1784145530322,2026-07-15 19:58:50
6881,0.0,0.0,0.0,0.0,1,1756877644,1756877644260,2025-09-03 06:34:10
6883,46.02,45.88,45.95,0.14,1,1783013407,1783013407472,2026-07-02 17:30:09
6884,0.0,0.0,0.0,0.0,1,1756877644,1756877644268,2025-09-03 06:34:10
6885,31.97,31.85,31.91,0.12,1,1784145546,1784145546762,2026-07-15 19:59:11
6886,79.25,79.07,79.16,0.18,1,1784145547,1784145547948,2026-07-15 19:59:11
6888,0.0,0.0,0.0,0.0,1,1756877644,1756877644274,2025-09-03 06:34:10
6889,90.25,90.04,90.145,0.21,1,1784145546,1784145546897,2026-07-15 19:59:11
6893,0.0,0.0,0.0,0.0,1,1764201641,1764201641488,2025-11-27 00:00:42
6895,39.95,39.82,39.885,0.13,1,1783013407,1783013407486,2026-07-02 17:30:09
6896,0.0,0.0,0.0,0.0,1,1756877644,1756877644281,2025-09-03 06:34:10
6897,4.29,4.16,4.225,0.13,1,1783013407,1783013407495,2026-07-02 17:30:09
6898,28.65,28.52,28.585,0.13,1,1784145547,1784145547521,2026-07-15 19:59:08
6900,26.22,26.09,26.155,0.13,1,1784145545,1784145545196,2026-07-15 19:59:05
6901,0.0,0.0,0.0,0.0,1,1756877644,1756877644287,2025-09-03 06:34:10
6902,9.77,9.59,9.68,0.18,1,1784145495,1784145495702,2026-07-15 19:58:17
6903,12.78,12.66,12.72,0.12,1,1784145482,1784145482165,2026-07-15 19:58:02
6905,16.78,16.67,16.725,0.11,1,1757372438,1757372438787,2025-09-09 00:00:40
6908,68.64,67.54,68.09,1.1,1,1784144725,1784144725070,2026-07-15 19:45:26
6911,2.71,2.6,2.655,0.11,1,1784145545,1784145545974,2026-07-15 19:59:08
6912,17.03,16.9,16.965,0.13,1,1783013407,1783013407508,2026-07-02 17:30:09
6915,20.05,19.94,19.995,0.11,1,1783013407,1783013407511,2026-07-02 17:30:09
6916,36.46,36.29,36.375,0.17,1,1784145530,1784145530881,2026-07-15 19:58:53
6918,5.18,5.04,5.11,0.14,1,1784144806,1784144806948,2026-07-15 19:46:47
6921,0.0,0.0,0.0,0.0,1,1756877644,1756877644309,2025-09-03 06:34:10
6922,6.98,6.87,6.925,0.11,1,1784145546,1784145546921,2026-07-15 19:59:08
6923,68.57,68.41,68.49,0.16,1,1784145524,1784145524357,2026-07-15 19:58:44
6925,0.0,0.0,0.0,0.0,1,1764201641,1764201641528,2025-11-27 00:00:42
6926,41.23,41.11,41.17,0.12,1,1784145517,1784145517285,2026-07-15 19:58:38
6927,36.22,36.04,36.13,0.18,1,1784145505,1784145505963,2026-07-15 19:58:26
6929,0.0,0.0,0.0,0.0,1,1764201641,1764201641544,2025-11-27 00:00:42
6931,9.4,9.29,9.345,0.11,1,1784145546,1784145546112,2026-07-15 19:59:08
6934,151.62,151.15,151.385,0.47,1,1784145529,1784145529866,2026-07-15 19:58:50
6937,79.09,78.89,78.99,0.2,1,1784145464,1784145464983,2026-07-15 19:57:47
6938,38.96,38.79,38.875,0.17,1,1784145547,1784145547103,2026-07-15 19:59:08
6939,113.91,113.78,113.845,0.13,1,1784145534,1784145534559,2026-07-15 19:58:56
6941,10.59,10.47,10.53,0.12,1,1784145546,1784145546454,2026-07-15 19:59:08
6942,1.2,1.09,1.145,0.11,1,1783013407,1783013407558,2026-07-02 17:30:09
6944,8.94,8.8,8.87,0.14,1,1783013407,1783013407564,2026-07-02 17:30:09
6945,8.0,7.89,7.945,0.11,1,1784145548,1784145548199,2026-07-15 19:59:11
6947,16.18,16.07,16.125,0.11,1,1783013407,1783013407570,2026-07-02 17:30:09
6948,38.25,38.12,38.185,0.13,1,1784145544,1784145544588,2026-07-15 19:59:05
6949,0.0,0.0,0.0,0.0,1,1756877644,1756877644370,2025-09-03 06:34:10
6950,96.64,96.43,96.535,0.21,1,1784145530,1784145530338,2026-07-15 19:58:50
6951,85.27,85.16,85.215,0.11,1,1784145547,1784145547525,2026-07-15 19:59:08
6954,3.6,3.46,3.53,0.14,1,1784145464,1784145464954,2026-07-15 19:57:47
6955,14.73,14.62,14.675,0.11,1,1784145547,1784145547497,2026-07-15 19:59:08
6957,5.61,5.5,5.555,0.11,1,1784145534,1784145534772,2026-07-15 19:58:56
6958,33.83,33.29,33.56,0.54,1,1784145343,1784145343538,2026-07-15 19:55:44
6961,81.55,81.42,81.485,0.13,1,1784145536,1784145536788,2026-07-15 19:58:59
6963,205.47,205.11,205.29,0.36,1,1784145545,1784145545361,2026-07-15 19:59:05
6964,231.82,231.51,231.665,0.31,1,1784145548,1784145548353,2026-07-15 19:59:11
6965,6.27,6.16,6.215,0.11,1,1757372438,1757372438904,2025-09-09 00:00:40
6966,10.54,10.43,10.485,0.11,1,1784145542,1784145542230,2026-07-15 19:59:02
6967,6.22,6.1,6.16,0.12,1,1784145466,1784145466858,2026-07-15 19:57:47
6968,92.76,92.45,92.605,0.31,1,1784145530,1784145530156,2026-07-15 19:58:50
6970,61.29,61.16,61.225,0.13,1,1783013407,1783013407597,2026-07-02 17:30:09
6971,21.97,21.79,21.88,0.18,1,1784145464,1784145464940,2026-07-15 19:57:47
6972,70.05,63.95,67.0,6.1,1,1783013407,1783013407598,2026-07-02 17:30:09
6973,31.24,31.1,31.17,0.14,1,1784145547,1784145547963,2026-07-15 19:59:11
6975,96.89,96.77,96.83,0.12,1,1784145540,1784145540735,2026-07-15 19:59:02
6976,2.4,2.28,2.34,0.12,1,1784144558,1784144558871,2026-07-15 19:42:44
6977,44.74,44.41,44.575,0.33,1,1784145546,1784145546917,2026-07-15 19:59:08
6979,55.07,54.82,54.945,0.25,1,1784145547,1784145547962,2026-07-15 19:59:08
6982,0.0,0.0,0.0,0.0,1,1756877644,1756877644481,2025-09-03 06:34:10
6984,15.58,15.47,15.525,0.11,1,1784145547,1784145547945,2026-07-15 19:59:08
6985,25.46,25.33,25.395,0.13,1,1784145525,1784145525403,2026-07-15 19:58:47
6986,22.41,22.07,22.24,0.34,1,1784145521,1784145521091,2026-07-15 19:58:41
6987,1.42,1.31,1.365,0.11,1,1784126924,1784126924742,2026-07-15 14:48:47
6988,0.0,0.0,0.0,0.0,1,1764201641,1764201641641,2025-11-27 00:00:42
6991,33.61,33.41,33.51,0.2,1,1784145491,1784145491287,2026-07-15 19:58:11
6992,100.7,100.48,100.59,0.22,1,1784145543,1784145543465,2026-07-15 19:59:05
6993,44.58,44.38,44.48,0.2,1,1784145505,1784145505294,2026-07-15 19:58:26
6995,2.73,2.59,2.66,0.14,1,1784145519,1784145519497,2026-07-15 19:58:41
6996,174.27,174.05,174.16,0.22,1,1784145545,1784145545377,2026-07-15 19:59:05
6998,50.54,50.42,50.48,0.12,1,1784145548,1784145548354,2026-07-15 19:59:08
7000,0.90072,0.90071,0.900715,0.00001,1,1756982588,1756982588537,2025-09-04 11:43:10
7001,0.52511,0.52508,0.525095,0.00003,1,1756982588,1756982588746,2025-09-04 11:43:10
7002,0.55984,0.55962,0.55973,0.00022,1,1756982591,1756982591074,2025-09-04 11:43:20
7003,0.48526,0.48503,0.485145,0.00023,1,1756982591,1756982591086,2025-09-04 11:43:20
7004,220.09992,220.09786,220.09889,0.00206,1,1756982587,1756982587020,2025-09-04 11:43:10
7005,57.5169,57.5099,57.5134,0.007,1,1756982560,1756982560931,2025-09-04 11:42:50
7006,96.658,96.656,96.657,0.002,1,1756982590,1756982590822,2025-09-04 11:43:20
7007,12.25245,12.24725,12.24985,0.0052,1,1756982590,1756982590337,2025-09-04 11:43:20
7008,6.57735,6.57658,6.576965,0.00077,1,1756982591,1756982591108,2025-09-04 11:43:20
7009,1.11264,1.11256,1.1126,0.00008,1,1756982591,1756982591150,2025-09-04 11:43:20
7010,2.38338,2.37497,2.379175,0.00841,1,1756982587,1756982587012,2025-09-04 11:43:10
7011,53.24543,53.24263,53.24403,0.0028,1,1756982590,1756982590653,2025-09-04 11:43:20
7012,6.16236,6.16148,6.16192,0.00088,1,1756982591,1756982591129,2025-09-04 11:43:20
7013,0.84036,0.84015,0.840255,0.00021,1,1756982588,1756982588513,2025-09-04 11:43:10
7014,26.84276,26.82431,26.833535,0.01845,1,1756982587,1756982587006,2025-09-04 11:43:10
7015,11.61234,11.61044,11.61139,0.0019,1,1756982571,1756982571197,2025-09-04 11:43:00
7016,1.11013,1.10986,1.109995,0.00027,1,1756982591,1756982591152,2025-09-04 11:43:20
7017,0.583,0.58297,0.582985,0.00003,1,1756982590,1756982590155,2025-09-04 11:43:20
7018,5.16478,5.16214,5.16346,0.00264,1,1756982590,1756982590370,2025-09-04 11:43:20
7019,0.62142,0.62117,0.621295,0.00025,1,1756982588,1756982588805,2025-09-04 11:43:10
7020,0.53861,0.5384,0.538505,0.00021,1,1756982591,1756982591161,2025-09-04 11:43:20
7021,244.3423,244.34002,244.34116,0.00228,1,1756982521,1756982521840,2025-09-04 11:42:10
7022,63.8511,63.833,63.84205,0.0181,1,1756982587,1756982587739,2025-09-04 11:43:10
7023,107.315,107.313,107.314,0.002,1,1756982590,1756982590820,2025-09-04 11:43:20
7024,13.59886,13.59633,13.597595,0.00253,1,1756982590,1756982590406,2025-09-04 11:43:20
7025,7.30093,7.30003,7.30048,0.0009,1,1756982590,1756982590253,2025-09-04 11:43:20
7026,1.23545,1.23473,1.23509,0.00072,1,1756982589,1756982589540,2025-09-04 11:43:10
7027,2.64204,2.63973,2.640885,0.00231,1,1756982590,1756982590403,2025-09-04 11:43:20
7028,59.1133,59.0889,59.1011,0.0244,1,1756982589,1756982589935,2025-09-04 11:43:20
7029,6.84106,6.83839,6.839725,0.00267,1,1756982590,1756982590358,2025-09-04 11:43:20
7030,0.93346,0.93236,0.93291,0.0011,1,1756982585,1756982585808,2025-09-04 11:43:10
7031,29.78667,29.78486,29.785765,0.00181,1,1756982587,1756982587749,2025-09-04 11:43:10
7032,12.8906,12.88851,12.889555,0.00209,1,1756982571,1756982571233,2025-09-04 11:43:00
7033,1.90441,1.9042,1.904305,0.00021,1,1756982590,1756982590627,2025-09-04 11:43:20
7034,1.71566,1.71546,1.71556,0.0002,1,1756982590,1756982590261,2025-09-04 11:43:20
7035,8.85891,8.85752,8.858215,0.00139,1,1756982590,1756982590267,2025-09-04 11:43:20
7036,1.06595,1.06579,1.06587,0.00016,1,1756982590,1756982590266,2025-09-04 11:43:20
7037,0.92394,0.92374,0.92384,0.0002,1,1756982590,1756982590271,2025-09-04 11:43:20
7038,419.18,419.13,419.155,0.05,1,1756982586,1756982586244,2025-09-04 11:43:10
7039,109.52037,109.51815,109.51926,0.00222,1,1756982583,1756982583404,2025-09-04 11:43:10
7040,184.089,184.081,184.085,0.008,1,1756982590,1756982590819,2025-09-04 11:43:20
7041,23.33489,23.32569,23.33029,0.0092,1,1756982587,1756982587143,2025-09-04 11:43:10
7042,12.5259,12.5228,12.52435,0.0031,1,1756982590,1756982590287,2025-09-04 11:43:20
7043,2.11937,2.11836,2.118865,0.00101,1,1756982590,1756982590297,2025-09-04 11:43:20
7044,4.53185,4.52934,4.530595,0.00251,1,1756982590,1756982590413,2025-09-04 11:43:20
7045,101.38642,101.38385,101.385135,0.00257,1,1756982583,1756982583378,2025-09-04 11:43:10
7046,11.73795,11.73255,11.73525,0.0054,1,1756982588,1756982588734,2025-09-04 11:43:10
7047,1.60044,1.60014,1.60029,0.0003,1,1756982588,1756982588684,2025-09-04 11:43:10
7048,51.09693,51.09473,51.09583,0.0022,1,1756982583,1756982583370,2025-09-04 11:43:10
7049,22.10417,22.10325,22.10371,0.00092,1,1756982590,1756982590309,2025-09-04 11:43:20
7050,0.19492,0.19242,0.19367,0.0025,1,1756982590,1756982590517,2025-09-04 11:43:20
7051,0.11409,0.11169,0.11289,0.0024,1,1756982590,1756982590519,2025-09-04 11:43:20
7052,0.12158,0.11908,0.12033,0.0025,1,1756982587,1756982587225,2025-09-04 11:43:10
7053,0.10528,0.10332,0.1043,0.00196,1,1756982587,1756982587232,2025-09-04 11:43:10
7054,20.78205,20.77956,20.780805,0.00249,1,1756982590,1756982590548,2025-09-04 11:43:20
7055,2.63484,2.63202,2.63343,0.00282,1,1756982590,1756982590562,2025-09-04 11:43:20
7056,11.44728,11.4448,11.44604,0.00248,1,1756982590,1756982590521,2025-09-04 11:43:20
7057,5.76965,5.76751,5.76858,0.00214,1,1756982589,1756982589587,2025-09-04 11:43:10
7058,2.49621,2.49434,2.495275,0.00187,1,1756982590,1756982590577,2025-09-04 11:43:20
7059,0.06638,0.06532,0.06585,0.00106,1,1756982587,1756982587815,2025-09-04 11:43:10
7060,0.03898,0.0378,0.03839,0.00118,1,1756982587,1756982587841,2025-09-04 11:43:10
7061,0.04151,0.04032,0.040915,0.00119,1,1756982590,1756982590325,2025-09-04 11:43:20
7062,0.03606,0.03486,0.03546,0.0012,1,1756982589,1756982589621,2025-09-04 11:43:10
7063,7.06652,7.06542,7.06597,0.0011,1,1756982590,1756982590337,2025-09-04 11:43:20
7064,0.48128,0.48022,0.48075,0.00106,1,1756982590,1756982590347,2025-09-04 11:43:20
7065,0.45096,0.44986,0.45041,0.0011,1,1756982590,1756982590352,2025-09-04 11:43:20
7066,0.23996,0.23874,0.23935,0.00122,1,1756982588,1756982588888,2025-09-04 11:43:10
7067,0.21618,0.21506,0.21562,0.00112,1,1756982588,1756982588900,2025-09-04 11:43:10
7068,0.12701,0.12437,0.12569,0.00264,1,1756982588,1756982588901,2025-09-04 11:43:10
7069,0.13459,0.13335,0.13397,0.00124,1,1756982587,1756982587881,2025-09-04 11:43:10
7070,0.11669,0.11555,0.11612,0.00114,1,1756982589,1756982589655,2025-09-04 11:43:10
7071,23.13696,23.13576,23.13636,0.0012,1,1756982590,1756982590382,2025-09-04 11:43:20
7072,1.57467,1.57361,1.57414,0.00106,1,1756982590,1756982590376,2025-09-04 11:43:20
7073,0.26695,0.26568,0.266315,0.00127,1,1756982589,1756982589668,2025-09-04 11:43:10
7074,1.4754,1.4742,1.4748,0.0012,1,1756982589,1756982589920,2025-09-04 11:43:10
7075,1.78672,1.7867,1.78671,0.00002,1,1756982589,1756982589179,2025-09-04 11:43:10
7076,1.60929,1.60928,1.609285,0.00001,1,1756982589,1756982589184,2025-09-04 11:43:10
7077,0.93818,0.93814,0.93816,0.00004,1,1756982588,1756982588135,2025-09-04 11:43:10
7078,8.31523,8.31464,8.314935,0.00059,1,1756982588,1756982588064,2025-09-04 11:43:10
7079,24.44323,24.43981,24.44152,0.00342,1,1756982590,1756982590908,2025-09-04 11:43:20
7080,7.46486,7.46346,7.46416,0.0014,1,1756982589,1756982589143,2025-09-04 11:43:10
7081,0.8668,0.86678,0.86679,0.00002,1,1756982590,1756982590933,2025-09-04 11:43:20
7082,9.08131,9.07939,9.08035,0.00192,1,1756982588,1756982588287,2025-09-04 11:43:10
7083,393.26,393.134,393.197,0.126,1,1756982588,1756982588453,2025-09-04 11:43:10
7084,102.7631,102.7486,102.75585,0.0145,1,1756982590,1756982590716,2025-09-04 11:43:20
7085,172.701,172.695,172.698,0.006,1,1756982591,1756982591148,2025-09-04 11:43:20
7086,21.88724,21.88406,21.88565,0.00318,1,1756982590,1756982590262,2025-09-04 11:43:20
7087,11.75247,11.74793,11.7502,0.00454,1,1756982591,1756982591150,2025-09-04 11:43:20
7088,1.98796,1.98784,1.9879,0.00012,1,1756982587,1756982587875,2025-09-04 11:43:10
7089,4.25172,4.24922,4.25047,0.0025,1,1756982590,1756982590213,2025-09-04 11:43:20
7090,95.1303,95.1201,95.1252,0.0102,1,1756982590,1756982590717,2025-09-04 11:43:20
7091,11.01107,11.00589,11.00848,0.00518,1,1756982591,1756982591147,2025-09-04 11:43:20
7092,1.5013,1.5012,1.50125,0.0001,1,1756982590,1756982590150,2025-09-04 11:43:20
7093,48.08263,48.0534,48.068015,0.02923,1,1756982591,1756982591149,2025-09-04 11:43:20
7094,20.7406,20.73294,20.73677,0.00766,1,1756982591,1756982591143,2025-09-04 11:43:20
7095,2.06136,2.06134,2.06135,0.00002,1,1756982588,1756982588748,2025-09-04 11:43:10
7096,1.85665,1.85664,1.856645,0.00001,1,1756982588,1756982588808,2025-09-04 11:43:10
7097,1.0824,1.08236,1.08238,0.00004,1,1756982590,1756982590151,2025-09-04 11:43:20
7098,9.59359,9.5929,9.593245,0.00069,1,1756982588,1756982588765,2025-09-04 11:43:10
7099,28.20084,28.19584,28.19834,0.005,1,1756982591,1756982591116,2025-09-04 11:43:20
7100,8.61208,8.61164,8.61186,0.00044,1,1756982587,1756982587594,2025-09-04 11:43:10
7101,1.15417,1.15328,1.153725,0.00089,1,1756982590,1756982590910,2025-09-04 11:43:20
7102,10.47752,10.47598,10.47675,0.00154,1,1756982590,1756982590703,2025-09-04 11:43:20
7103,453.8,453.55,453.675,0.25,1,1756982591,1756982591115,2025-09-04 11:43:20
7104,118.5571,118.5443,118.5507,0.0128,1,1756982591,1756982591117,2025-09-04 11:43:20
7105,199.247,199.241,199.244,0.006,1,1756982590,1756982590730,2025-09-04 11:43:20
7106,25.25202,25.24856,25.25029,0.00346,1,1756982591,1756982591132,2025-09-04 11:43:20
7107,13.55912,13.5535,13.55631,0.00562,1,1756982591,1756982591143,2025-09-04 11:43:20
7108,2.29356,2.29336,2.29346,0.0002,1,1756982591,1756982591146,2025-09-04 11:43:20
7109,4.90452,4.90302,4.90377,0.0015,1,1756982587,1756982587802,2025-09-04 11:43:10
7110,109.7484,109.7457,109.74705,0.0027,1,1756982591,1756982591132,2025-09-04 11:43:20
7111,12.70077,12.7007,12.700735,0.00007,1,1756982587,1756982587523,2025-09-04 11:43:10
7112,1.73215,1.73195,1.73205,0.0002,1,1756982588,1756982588505,2025-09-04 11:43:10
7113,55.46856,55.45405,55.461305,0.01451,1,1756982590,1756982590702,2025-09-04 11:43:20
7114,23.92815,23.92317,23.92566,0.00498,1,1756982590,1756982590725,2025-09-04 11:43:20
7115,0.19728,0.1962,0.19674,0.00108,1,1756982590,1756982590623,2025-09-04 11:43:20
7116,0.17786,0.17664,0.17725,0.00122,1,1756982589,1756982589933,2025-09-04 11:43:20
7117,0.10392,0.10271,0.103315,0.00121,1,1756982591,1756982591131,2025-09-04 11:43:20
7118,0.91619,0.91518,0.915685,0.00101,1,1756982587,1756982587967,2025-09-04 11:43:10
7119,2.69201,2.69112,2.691565,0.00089,1,1756982590,1756982590942,2025-09-04 11:43:20
7120,0.82265,0.82138,0.822015,0.00127,1,1756982587,1756982587786,2025-09-04 11:43:10
7121,0.11071,0.10953,0.11012,0.00118,1,1756982590,1756982590727,2025-09-04 11:43:20
7122,0.09602,0.09489,0.095455,0.00113,1,1756982591,1756982591127,2025-09-04 11:43:20
7123,11.31619,11.31531,11.31575,0.00088,1,1756982583,1756982583475,2025-09-04 11:43:10
7124,19.01898,19.01803,19.018505,0.00095,1,1756982590,1756982590944,2025-09-04 11:43:20
7125,1.29404,1.29392,1.29398,0.00012,1,1756982591,1756982591134,2025-09-04 11:43:20
7126,0.2191,0.21873,0.218915,0.00037,1,1756982588,1756982588739,2025-09-04 11:43:10
7127,0.01792,0.01686,0.01739,0.00106,1,1756982590,1756982590643,2025-09-04 11:43:20
7128,0.0162,0.01512,0.01566,0.00108,1,1756982589,1756982589521,2025-09-04 11:43:10
7129,0.00964,0.00863,0.009135,0.00101,1,1756982591,1756982591133,2025-09-04 11:43:20
7130,0.08144,0.08041,0.080925,0.00103,1,1756982588,1756982588470,2025-09-04 11:43:10
7131,0.2384,0.23732,0.23786,0.00108,1,1756982591,1756982591133,2025-09-04 11:43:20
7132,0.07308,0.0722,0.07264,0.00088,1,1756982587,1756982587256,2025-09-04 11:43:10
7133,0.01028,0.00919,0.009735,0.00109,1,1756982590,1756982590656,2025-09-04 11:43:20
7134,0.00896,0.00791,0.008435,0.00105,1,1756982591,1756982591153,2025-09-04 11:43:20
7135,0.08884,0.08791,0.088375,0.00093,1,1756982583,1756982583332,2025-09-04 11:43:10
7136,1.68124,1.68017,1.680705,0.00107,1,1756982589,1756982589645,2025-09-04 11:43:10
7137,0.11479,0.11391,0.11435,0.00088,1,1756982590,1756982590892,2025-09-04 11:43:20
7138,0.01982,0.01887,0.019345,0.00095,1,1756982588,1756982588565,2025-09-04 11:43:10
7139,0.04186,0.04087,0.041365,0.00099,1,1756982586,1756982586440,2025-09-04 11:43:10
7140,0.92608,0.92539,0.925735,0.00069,1,1756982583,1756982583348,2025-09-04 11:43:10
7141,0.10764,0.10664,0.10714,0.001,1,1756982590,1756982590555,2025-09-04 11:43:20
7142,0.01504,0.01418,0.01461,0.00086,1,1756982590,1756982590894,2025-09-04 11:43:20
7143,0.46707,0.46603,0.46655,0.00104,1,1756982590,1756982590238,2025-09-04 11:43:20
7144,0.01065,0.01004,0.010345,0.00061,1,1756982584,1756982584573,2025-09-04 11:43:10
7145,0.0097,0.00894,0.00932,0.00076,1,1756982589,1756982589972,2025-09-04 11:43:20
7146,0.00582,0.00505,0.005435,0.00077,1,1756982589,1756982589301,2025-09-04 11:43:10
7147,0.00617,0.00541,0.00579,0.00076,1,1756982447,1756982447474,2025-09-04 11:40:50
7148,0.00555,0.0045,0.005025,0.00105,1,1756910662,1756910662204,2025-09-03 15:44:30
7149,0.59561,0.59437,0.59499,0.00124,1,1756982590,1756982590238,2025-09-04 11:43:20
7150,0.08281,0.08046,0.081635,0.00235,1,1756982590,1756982590639,2025-09-04 11:43:20
7151,0.07417,0.07292,0.073545,0.00125,1,1756982590,1756982590641,2025-09-04 11:43:20
7152,0.04402,0.04171,0.042865,0.00231,1,1756982590,1756982590638,2025-09-04 11:43:20
7153,0.04679,0.0446,0.045695,0.00219,1,1756982590,1756982590911,2025-09-04 11:43:20
7154,0.04023,0.03897,0.0396,0.00126,1,1756982590,1756982590911,2025-09-04 11:43:20
7155,7.89152,7.88995,7.890735,0.00157,1,1756982590,1756982590481,2025-09-04 11:43:20
7156,4.34765,4.34509,4.34637,0.00256,1,1756982590,1756982590640,2025-09-04 11:43:20
7157,2.19179,2.18921,2.1905,0.00258,1,1756982589,1756982589706,2025-09-04 11:43:10
7158,0.94864,0.94643,0.947535,0.00221,1,1756982589,1756982589705,2025-09-04 11:43:10
7159,0.15228,0.15181,0.152045,0.00047,1,1756982590,1756982590894,2025-09-04 11:43:20
7160,0.13728,0.13667,0.136975,0.00061,1,1756982590,1756982590891,2025-09-04 11:43:20
7161,0.08012,0.07957,0.079845,0.00055,1,1756982590,1756982590889,2025-09-04 11:43:20
7162,0.63556,0.63496,0.63526,0.0006,1,1756982590,1756982590888,2025-09-04 11:43:20
7163,0.08544,0.08477,0.085105,0.00067,1,1756982590,1756982590891,2025-09-04 11:43:20
7164,0.07405,0.07348,0.073765,0.00057,1,1756982589,1756982589661,2025-09-04 11:43:10
7165,14.69944,14.696,14.69772,0.00344,1,1756982590,1756982590888,2025-09-04 11:43:20
7166,0.16941,0.16894,0.169175,0.00047,1,1756982589,1756982589660,2025-09-04 11:43:10
7167,0.93824,0.9359,0.93707,0.00234,1,1756982540,1756982540953,2025-09-04 11:42:30
7168,4.08062,4.07935,4.079985,0.00127,1,1756982590,1756982590893,2025-09-04 11:43:20
7169,0.899,0.89846,0.89873,0.00054,1,1756982590,1756982590640,2025-09-04 11:43:20
7170,0.80957,0.80951,0.80954,0.00006,1,1756982591,1756982591147,2025-09-04 11:43:20
7171,0.47196,0.47191,0.471935,0.00005,1,1756982591,1756982591148,2025-09-04 11:43:20
7172,4.18321,4.1825,4.182855,0.00071,1,1756982586,1756982586252,2025-09-04 11:43:10
7173,12.29581,12.29433,12.29507,0.00148,1,1756982590,1756982590903,2025-09-04 11:43:20
7174,3.75557,3.75434,3.754955,0.00123,1,1756982588,1756982588603,2025-09-04 11:43:10
7175,0.50339,0.50269,0.50304,0.0007,1,1756982590,1756982590901,2025-09-04 11:43:20
7176,0.43633,0.4357,0.436015,0.00063,1,1756982590,1756982590902,2025-09-04 11:43:20
7177,86.879,86.871,86.875,0.008,1,1756982591,1756982591150,2025-09-04 11:43:20
7178,0.75544,0.75503,0.755235,0.00041,1,1756982590,1756982590895,2025-09-04 11:43:20
7179,0.50473,0.50323,0.50398,0.0015,1,1756982590,1756982590247,2025-09-04 11:43:20
7180,0.0912,0.09047,0.090835,0.00073,1,1756982590,1756982590901,2025-09-04 11:43:20
7181,15.68844,15.68694,15.68769,0.0015,1,1756982590,1756982590580,2025-09-04 11:43:20
7182,1.06771,1.06701,1.06736,0.0007,1,1756982590,1756982590900,2025-09-04 11:43:20
7183,0.18091,0.18025,0.18058,0.00066,1,1756982588,1756982588931,2025-09-04 11:43:10
7184,1.19035,1.1897,1.190025,0.00065,1,1756982590,1756982590898,2025-09-04 11:43:20
7185,1.07239,1.07177,1.07208,0.00062,1,1756982590,1756982590579,2025-09-04 11:43:20
7186,0.62523,0.6246,0.624915,0.00063,1,1756982590,1756982590587,2025-09-04 11:43:20
7187,0.66639,0.66578,0.666085,0.00061,1,1756982590,1756982590902,2025-09-04 11:43:20
7188,0.57759,0.57708,0.577335,0.00051,1,1756982590,1756982590897,2025-09-04 11:43:20
7189,115.053,115.014,115.0335,0.039,1,1756982590,1756982590422,2025-09-04 11:43:20
7190,0.03807,0.03646,0.037265,0.00161,1,1756982579,1756982579600,2025-09-04 11:43:00
7191,0.03443,0.03272,0.033575,0.00171,1,1756982590,1756982590179,2025-09-04 11:43:20
7192,0.02039,0.01874,0.019565,0.00165,1,1756982590,1756982590193,2025-09-04 11:43:20
7193,0.1742,0.1725,0.17335,0.0017,1,1756982590,1756982590195,2025-09-04 11:43:20
7194,0.02162,0.02009,0.020855,0.00153,1,1756982590,1756982590205,2025-09-04 11:43:20
7195,0.01887,0.01728,0.018075,0.00159,1,1756982590,1756982590206,2025-09-04 11:43:20
7196,2.14403,2.14272,2.143375,0.00131,1,1756982587,1756982587273,2025-09-04 11:43:10
7197,3.60334,3.6015,3.60242,0.00184,1,1756982590,1756982590218,2025-09-04 11:43:20
7198,0.04227,0.04066,0.041465,0.00161,1,1756982590,1756982590216,2025-09-04 11:43:20
7199,1.98491,1.98352,1.984215,0.00139,1,1756982583,1756982583131,2025-09-04 11:43:10
7200,0.23043,0.22883,0.22963,0.0016,1,1756982590,1756982590244,2025-09-04 11:43:20
7201,0.08645,0.08585,0.08615,0.0006,1,1756982590,1756982590243,2025-09-04 11:43:20
7202,0.0779,0.07733,0.077615,0.00057,1,1756982590,1756982590254,2025-09-04 11:43:20
7203,0.04548,0.045,0.04524,0.00048,1,1756982590,1756982590253,2025-09-04 11:43:20
7204,0.40154,0.39997,0.400755,0.00157,1,1756982586,1756982586898,2025-09-04 11:43:10
7205,1.1788,1.17841,1.178605,0.00039,1,1756982590,1756982590255,2025-09-04 11:43:20
7206,0.3602,0.35971,0.359955,0.00049,1,1756982590,1756982590267,2025-09-04 11:43:20
7207,0.04856,0.04788,0.04822,0.00068,1,1756982590,1756982590268,2025-09-04 11:43:20
7208,0.04207,0.04152,0.041795,0.00055,1,1756982586,1756982586916,2025-09-04 11:43:10
7209,0.43818,0.4376,0.43789,0.00058,1,1756982590,1756982590270,2025-09-04 11:43:20
7210,4.9601,4.9499,4.955,0.0102,1,1756982586,1756982586951,2025-09-04 11:43:10
7211,8.3293,8.3268,8.32805,0.0025,1,1756982590,1756982590282,2025-09-04 11:43:20
7212,0.56693,0.56631,0.56662,0.00062,1,1756982590,1756982590286,2025-09-04 11:43:20
7213,0.09617,0.09556,0.095865,0.00061,1,1756982590,1756982590296,2025-09-04 11:43:20
7214,0.20531,0.20466,0.204985,0.00065,1,1756982583,1756982583264,2025-09-04 11:43:10
7215,4.58786,4.58632,4.58709,0.00154,1,1756982590,1756982590303,2025-09-04 11:43:20
7216,0.53121,0.53051,0.53086,0.0007,1,1756982590,1756982590313,2025-09-04 11:43:20
7217,0.07271,0.07209,0.0724,0.00062,1,1756982590,1756982590313,2025-09-04 11:43:20
7218,2.31266,2.31094,2.3118,0.00172,1,1756982590,1756982590321,2025-09-04 11:43:20
7219,114.01,113.89,113.95,0.12,1,1756982585,1756982585038,2025-09-04 11:43:10
7220,57.8,57.744,57.772,0.056,1,1784149137,1784149137612,2026-07-15 20:59:02
7221,3044.24,3043.86,3044.05,0.38,1,1756982591,1756982591096,2025-09-04 11:43:20
7222,3544.27,3544.22,3544.245,0.05,1,1756982589,1756982589765,2025-09-04 11:43:10
7223,1142.8,1137.9,1140.35,4.9,1,1756982586,1756982586269,2025-09-04 11:43:10
7224,1402.14,1395.06,1398.6,7.08,1,1756982588,1756982588917,2025-09-04 11:43:10
7225,0.65166,0.65166,0.65166,0.0,1,1756982590,1756982590685,2025-09-04 11:43:20
7226,1.16432,1.16431,1.164315,0.00001,1,1756982589,1756982589101,2025-09-04 11:43:10
7227,1.34329,1.34328,1.343285,0.00001,1,1756982590,1756982590716,2025-09-04 11:43:20
7228,0.58579,0.58563,0.58571,0.00016,1,1756982588,1756982588528,2025-09-04 11:43:10
7229,0.58583,0.58556,0.585695,0.00027,1,1756982588,1756982588529,2025-09-04 11:43:10
7230,0.58572,0.58568,0.5857,0.00004,1,1756982588,1756982588608,2025-09-04 11:43:10
7231,0.58583,0.58556,0.585695,0.00027,1,1756982588,1756982588529,2025-09-04 11:43:10
7232,0.58584,0.58556,0.5857,0.00028,1,1756982588,1756982588334,2025-09-04 11:43:10
7233,0.58572,0.58568,0.5857,0.00004,1,1756982591,1756982591140,2025-09-04 11:43:20
7234,0.58572,0.58568,0.5857,0.00004,1,1756982589,1756982589867,2025-09-04 11:43:10
7235,0.03256,0.03255,0.032555,0.00001,1,1756982577,1756982577553,2025-09-04 11:43:00
7236,3.673,3.6729,3.67295,0.0001,1,1756982477,1756982477381,2025-09-04 11:41:20
7237,407.74,356.21,381.975,51.53,1,1756894743,1756894743239,2025-09-03 11:19:10
7238,1361.2726,1361.2626,1361.2676,0.01,1,1756982584,1756982584392,2025-09-04 11:43:10
7239,0.3795,0.3744,0.37695,0.0051,1,1756982087,1756982087222,2025-09-04 11:34:50
7240,5.484,5.4765,5.48025,0.0075,1,1756910661,1756910661239,2025-09-03 15:44:30
7241,1.3824,1.38231,1.382355,0.00009,1,1756982589,1756982589035,2025-09-04 11:43:10
7242,0.80582,0.80566,0.80574,0.00016,1,1756982590,1756982590160,2025-09-04 11:43:20
7243,0.80585,0.80566,0.805755,0.00019,1,1756982590,1756982590109,2025-09-04 11:43:20
7244,0.80576,0.80571,0.805735,0.00005,1,1756982588,1756982588056,2025-09-04 11:43:10
7245,0.80585,0.80566,0.805755,0.00019,1,1756982590,1756982590111,2025-09-04 11:43:20
7246,0.80584,0.80565,0.805745,0.00019,1,1756982586,1756982586792,2025-09-04 11:43:10
7247,0.80578,0.80574,0.80576,0.00004,1,1756982590,1756982590156,2025-09-04 11:43:20
7248,0.80577,0.80573,0.80575,0.00004,1,1756982589,1756982589096,2025-09-04 11:43:10
7249,971.98,970.98,971.48,1.0,1,1756910638,1756910638179,2025-09-03 15:44:00
7250,7.14168,7.14158,7.14163,0.0001,1,1756982588,1756982588520,2025-09-04 11:43:10
7251,4009.0,4005.0,4007.0,4.0,1,1756910658,1756910658469,2025-09-03 15:44:20
7252,21.0245,20.9595,20.992,0.065,1,1756982591,1756982591054,2025-09-04 11:43:20
7253,6.4134,6.4089,6.41115,0.0045,1,1756982587,1756982587646,2025-09-04 11:43:10
7254,48.59,48.53,48.56,0.06,1,1756982574,1756982574275,2025-09-04 11:43:00
7255,2.74,2.66,2.7,0.08,1,1756877644,1756877644450,2025-09-03 06:34:10
7256,7.79923,7.79911,7.79917,0.00012,1,1756982580,1756982580804,2025-09-04 11:43:10
7257,337.781,337.691,337.736,0.09,1,1756982587,1756982587829,2025-09-04 11:43:10
7258,16450.1,16441.3,16445.7,8.8,1,1756982589,1756982589493,2025-09-04 11:43:10
7259,3.36622,3.36424,3.36523,0.00198,1,1756982587,1756982587425,2025-09-04 11:43:10
7260,0.7115,0.7065,0.709,0.005,1,1756877644,1756877644453,2025-09-03 06:34:10
7261,148.328,148.326,148.327,0.002,1,1756982589,1756982589173,2025-09-04 11:43:10
7262,130.2,128.2,129.2,2.0,1,1756901961,1756901961591,2025-09-03 13:19:30
7263,1393.77,1392.02,1392.895,1.75,1,1756982573,1756982573032,2025-09-04 11:43:00
7264,0.3064,0.3054,0.3059,0.001,1,1756982087,1756982087273,2025-09-04 11:34:50
7265,542.54,537.39,539.965,5.15,1,1756894744,1756894744500,2025-09-03 11:19:10
7266,9.387,8.803,9.095,0.584,1,1756894745,1756894745628,2025-09-03 11:19:10
7267,4.23,4.225,4.2275,0.005,1,1756888485,1756888485635,2025-09-03 09:34:50
7268,18.8002,18.7947,18.79745,0.0055,1,1756982590,1756982590352,2025-09-04 11:43:20
7269,47.2,45.2,46.2,2.0,1,1756877644,1756877644459,2025-09-03 06:34:10
7270,15.56,15.25,15.405,0.31,1,1756877644,1756877644460,2025-09-03 06:34:10
7271,4.23,4.225,4.2275,0.005,1,1756888485,1756888485636,2025-09-03 09:34:50
7272,10.09372,10.08973,10.091725,0.00399,1,1756982590,1756982590415,2025-09-04 11:43:20
7273,0.3858,0.3832,0.3845,0.0026,1,1756982087,1756982087935,2025-09-04 11:34:50
7274,285.19,282.45,283.82,2.74,1,1756894744,1756894744906,2025-09-03 11:19:10
7275,3.60549,3.46809,3.53679,0.1374,1,1756894745,1756894745083,2025-09-03 11:19:10
7276,57.145,57.112,57.1285,0.033,1,1756982580,1756982580214,2025-09-04 11:43:10
7277,3.65151,3.64991,3.65071,0.0016,1,1756982591,1756982591055,2025-09-04 11:43:20
7278,7333.77702,7110.50044,7222.13873,223.27658,1,1756894745,1756894745298,2025-09-03 11:19:10
7279,3.647,3.642,3.6445,0.005,1,1756899001,1756899001412,2025-09-03 12:30:10
7280,81.823,81.578,81.7005,0.245,1,1756982177,1756982177850,2025-09-04 11:36:20
7281,3.7565,3.7479,3.7522,0.0086,1,1756982100,1756982100587,2025-09-04 11:35:10
7282,9.45734,9.45288,9.45511,0.00446,1,1756982588,1756982588452,2025-09-04 11:43:10
7283,1.28944,1.28939,1.289415,0.00005,1,1756982585,1756982585999,2025-09-04 11:43:10
7284,32.32,32.3,32.31,0.02,1,1756982565,1756982565929,2025-09-04 11:42:50
7285,41.1794,41.171,41.1752,0.0084,1,1756982590,1756982590220,2025-09-04 11:43:20
7286,30.72,30.71,30.715,0.01,1,1756982577,1756982577550,2025-09-04 11:43:00
7287,40.53329,39.50278,40.018035,1.03051,1,1756894745,1756894745399,2025-09-03 11:19:10
7288,147.08255,146.71479,146.89867,0.36776,1,1756877644,1756877644473,2025-09-03 06:34:10
7289,26410.0,26365.0,26387.5,45.0,1,1756890532,1756890532809,2025-09-03 10:09:00
7290,563.31,563.31,563.31,0.0,1,1756894743,1756894743672,2025-09-03 11:19:10
7291,17.8163,17.8056,17.81095,0.0107,1,1756982590,1756982590831,2025-09-04 11:43:20
7292,908.65,896.31,902.48,12.34,1,1756982590,1756982590528,2025-09-04 11:43:20
7293,591.42,584.98,588.2,6.44,1,1756982590,1756982590133,2025-09-04 11:43:20
7294,95466.6,95260.7,95363.65,205.9,1,1756982591,1756982591070,2025-09-04 11:43:20
7295,82759.2,82557.3,82658.25,201.9,1,1756982591,1756982591069,2025-09-04 11:43:20
7296,111126.2,110943.5,111034.85,182.7,1,1756982591,1756982591067,2025-09-04 11:43:20
7297,6795.64,6779.59,6787.615,16.05,1,1756982590,1756982590838,2025-09-04 11:43:20
7298,3805.59,3792.12,3798.855,13.47,1,1756982590,1756982590549,2025-09-04 11:43:20
7299,3298.5,3286.97,3292.735,11.53,1,1756982590,1756982590669,2025-09-04 11:43:20
7300,4425.77,4420.64,4423.205,5.13,1,1756982591,1756982591068,2025-09-04 11:43:20
7301,0.3609,0.35931,0.360105,0.00159,1,1756982590,1756982590833,2025-09-04 11:43:20
7302,111.44,111.25,111.345,0.19,1,1756982589,1756982589030,2025-09-04 11:43:10
7303,4.37439,4.36083,4.36761,0.01356,1,1756982590,1756982590551,2025-09-04 11:43:20
7304,2.44849,2.4404,2.444445,0.00809,1,1756982590,1756982590679,2025-09-04 11:43:20
7305,2.8514,2.8431,2.84725,0.0083,1,1756982591,1756982591070,2025-09-04 11:43:20
7306,66.9,66.87,66.885,0.03,1,1756982590,1756982590472,2025-09-04 11:43:20
7307,63.93,63.9,63.915,0.03,1,1756982588,1756982588339,2025-09-04 11:43:10
7308,69.853,69.547,69.7,0.306,1,1784129408,1784129408304,2026-07-15 15:30:08
7309,68.991,68.609,68.8,0.382,1,1784129085,1784129085892,2026-07-15 15:24:47
7310,71.44,71.11,71.275,0.33,1,1784129131,1784129131775,2026-07-15 15:25:32
7311,755.588,752.212,753.9,3.376,1,1784129391,1784129391048,2026-07-15 15:29:53
7312,275.458,273.942,274.7,1.516,1,1784129404,1784129404599,2026-07-15 15:30:08
7313,8.362,8.303,8.3325,0.059,1,1784129409,1784129409579,2026-07-15 15:30:14
7314,103.78,103.02,103.4,0.76,1,1784129146,1784129146052,2026-07-15 15:25:50
7315,258.46,256.54,257.5,1.92,1,1759273236,1759273236444,2025-10-01 00:00:40
7316,84.942,84.358,84.65,0.584,1,1783006023,1783006023982,2026-07-02 15:27:06
7317,38.012,37.788,37.9,0.224,1,1784129404,1784129404711,2026-07-15 15:30:08
7318,78.11,77.74,77.925,0.37,1,1784129403,1784129403746,2026-07-15 15:30:05
7319,121.765,121.235,121.5,0.53,1,1784129401,1784129401931,2026-07-15 15:30:05
7320,73.68,73.38,73.53,0.3,1,1784129412,1784129412913,2026-07-15 15:30:17
7321,0.0,0.0,0.0,0.0,1,1764201641,1764201641468,2025-11-27 00:00:42
7322,6.142,6.108,6.125,0.034,1,1784129322,1784129322124,2026-07-15 15:28:47
7323,227.857,226.543,227.2,1.314,1,1784129258,1784129258049,2026-07-15 15:27:38
7324,26.563,26.437,26.5,0.126,1,1784129403,1784129403062,2026-07-15 15:30:05
7325,0.0,0.0,0.0,0.0,1,1764201641,1764201641596,2025-11-27 00:00:42
7326,237.416,236.184,236.8,1.232,1,1784129382,1784129382148,2026-07-15 15:29:47
7327,20.301,20.179,20.24,0.122,1,1784129191,1784129191855,2026-07-15 15:26:32
7328,16.56,16.44,16.5,0.12,1,1784128324,1784128324329,2026-07-15 15:12:05
7329,69.34,68.96,69.15,0.38,1,1784128226,1784128226107,2026-07-15 15:10:26
7330,183.88,183.22,183.55,0.66,1,1784128323,1784128323173,2026-07-15 15:12:08
7331,9.2,9.08,9.14,0.12,1,1784127842,1784127842893,2026-07-15 15:04:05
7332,923.48,920.72,922.1,2.76,1,1784128274,1784128274887,2026-07-15 15:11:17
7333,50.2,49.44,49.82,0.76,1,1784127873,1784127873482,2026-07-15 15:04:38
7334,420.52,417.08,418.8,3.44,1,1784128284,1784128284132,2026-07-15 15:11:26
7335,0.0,0.0,0.0,0.0,1,1764201641,1764201641097,2025-11-27 00:00:42
7336,409.16,406.14,407.65,3.02,1,1784128324,1784128324821,2026-07-15 15:12:05
7337,372.71,372.09,372.4,0.62,1,1784128331,1784128331130,2026-07-15 15:12:11
7338,279.79,278.61,279.2,1.18,1,1784128332,1784128332032,2026-07-15 15:12:14
7339,128.42,127.28,127.85,1.14,1,1784128330,1784128330873,2026-07-15 15:12:11
7340,331.85,330.35,331.1,1.5,1,1784128322,1784128322212,2026-07-15 15:12:05
7341,1700.03,1695.47,1697.75,4.56,1,1784128304,1784128304331,2026-07-15 15:11:47
7342,476.86,475.94,476.4,0.92,1,1784128296,1784128296405,2026-07-15 15:11:38
7343,1886.18,1877.32,1881.75,8.86,1,1759273236,1759273236649,2025-10-01 00:00:40
7344,93.26,92.24,92.75,1.02,1,1784128327,1784128327644,2026-07-15 15:12:08
7345,102.26,100.54,101.4,1.72,1,1784128327,1784128327424,2026-07-15 15:12:11
7346,283.26,282.54,282.9,0.72,1,1784128298,1784128298995,2026-07-15 15:11:44
7347,998.48,996.52,997.5,1.96,1,1784128225,1784128225906,2026-07-15 15:10:26
7348,41.68,41.12,41.4,0.56,1,1784128330,1784128330336,2026-07-15 15:12:11
7349,0.0,0.0,0.0,0.0,1,1764201641,1764201641409,2025-11-27 00:00:42
7352,90.78,90.42,90.6,0.36,1,1784128207,1784128207896,2026-07-15 15:10:08
7353,314.09,311.31,312.7,2.78,1,1784128318,1784128318848,2026-07-15 15:12:02
7354,931.65,930.35,931.0,1.3,1,1784128268,1784128268781,2026-07-15 15:11:11
7355,140.09,139.11,139.6,0.98,1,1783006024,1783006024318,2026-07-02 15:27:06
7356,39.03,37.77,38.4,1.26,1,1784115941,1784115941319,2026-07-15 11:45:41
7357,244.04,241.96,243.0,2.08,1,1784127913,1784127913048,2026-07-15 15:05:14
7358,0.0,0.0,0.0,0.0,1,1764201641,1764201641467,2025-11-27 00:00:42
7359,150.44,148.25,149.345,2.19,1,1784128332,1784128332780,2026-07-15 15:12:14
7360,0.0,0.0,0.0,0.0,1,1764201641,1764201641479,2025-11-27 00:00:42
7361,723.35,720.65,722.0,2.7,1,1784128280,1784128280454,2026-07-15 15:11:20
7362,797.66,795.74,796.7,1.92,1,1784128273,1784128273437,2026-07-15 15:11:17
7363,479.56,477.24,478.4,2.32,1,1784128305,1784128305231,2026-07-15 15:11:47
7364,1707.11,1702.89,1705.0,4.22,1,1784128144,1784128144697,2026-07-15 15:09:05
7365,0.0,0.0,0.0,0.0,1,1764201641,1764201641518,2025-11-27 00:00:42
7366,96.01,94.19,95.1,1.82,1,1783599381,1783599381150,2026-07-09 12:16:23
7367,634.74,632.26,633.5,2.48,1,1784127490,1784127490712,2026-07-15 14:58:11
7368,0.0,0.0,0.0,0.0,1,1764201641,1764201641549,2025-11-27 00:00:42
7369,205.0,202.0,203.5,3.0,1,1784128318,1784128318205,2026-07-15 15:11:59
7370,210.37,209.73,210.05,0.64,1,1784073654,1784073654663,2026-07-15 00:00:56
7371,65.99,65.41,65.7,0.58,1,1784128292,1784128292951,2026-07-15 15:11:35
7372,558.31,556.69,557.5,1.62,1,1783006024,1783006024461,2026-07-02 15:27:06
7373,0.0,0.0,0.0,0.0,1,1764201641,1764201641597,2025-11-27 00:00:42
7374,190.98,190.52,190.75,0.46,1,1784128267,1784128267863,2026-07-15 15:11:11
7375,154.12,153.58,153.85,0.54,1,1784128332,1784128332030,2026-07-15 15:12:14
7376,375.65,368.85,372.25,6.8,1,1784125099,1784125099219,2026-07-15 14:18:20
7377,178.73,178.02,178.375,0.71,1,1784128326,1784128326178,2026-07-15 15:12:11
7378,297.98,297.42,297.7,0.56,1,1784128298,1784128298519,2026-07-15 15:11:41
7379,76.6,76.28,76.44,0.32,1,1784102399,1784102399514,2026-07-15 07:59:59
7380,6.67,6.53,6.6,0.14,1,1784102397,1784102397917,2026-07-15 08:00:02
7381,0.75,0.64,0.695,0.11,1,1784101204,1784101204341,2026-07-15 07:40:05
7382,8.6,8.59,8.595,0.01,1,1783662582,1783662582070,2026-07-10 05:49:44
7383,13.52,13.38,13.45,0.14,1,1784102370,1784102370307,2026-07-15 07:59:32
7384,44.3,44.2,44.25,0.1,1,1784102390,1784102390912,2026-07-15 07:59:53
7385,1.72,1.62,1.67,0.1,1,1784102330,1784102330069,2026-07-15 07:58:50
7386,32.15,31.99,32.07,0.16,1,1784102376,1784102376496,2026-07-15 07:59:38
7387,12.99,12.89,12.94,0.1,1,1784102395,1784102395913,2026-07-15 07:59:56
7388,30.35,30.16,30.255,0.19,1,1784102395,1784102395519,2026-07-15 07:59:59
7389,18.51,18.42,18.465,0.09,1,1784102320,1784102320261,2026-07-15 07:58:41
7391,8.88,8.76,8.82,0.12,1,1784102366,1784102366692,2026-07-15 07:59:26
7392,5.4,5.28,5.34,0.12,1,1784102093,1784102093674,2026-07-15 07:54:56
7393,2.02,1.91,1.965,0.11,1,1784102337,1784102337711,2026-07-15 07:59:02
7394,71.68,71.35,71.515,0.33,1,1784102080,1784102080151,2026-07-15 07:54:44
7395,49.38,49.36,49.37,0.02,1,1783662582,1783662582074,2026-07-10 05:49:44
7396,61.42,61.16,61.29,0.26,1,1784101583,1784101583125,2026-07-15 07:46:23
7397,23.54,23.21,23.375,0.33,1,1784102329,1784102329901,2026-07-15 07:58:50
7398,3.37,3.26,3.315,0.11,1,1784102088,1784102088425,2026-07-15 07:54:50
7400,42.96,42.85,42.905,0.11,1,1784102009,1784102009777,2026-07-15 07:53:32
7401,8.51,8.41,8.46,0.1,1,1784102333,1784102333069,2026-07-15 07:58:53
7402,154.84,154.04,154.44,0.8,1,1783662582,1783662582077,2026-07-10 05:49:44
7404,47.05,46.83,46.94,0.22,1,1784102334,1784102334888,2026-07-15 07:58:56
7405,5.23,5.13,5.18,0.1,1,1784102290,1784102290348,2026-07-15 07:58:11
7406,5.31,5.21,5.26,0.1,1,1784102129,1784102129772,2026-07-15 07:55:32
7407,15.37,15.13,15.25,0.24,1,1784102306,1784102306021,2026-07-15 07:58:26
7408,26.99,26.81,26.9,0.18,1,1784102093,1784102093733,2026-07-15 07:54:56
7409,87.55,86.31,86.93,1.24,1,1784102282,1784102282507,2026-07-15 07:58:02
7410,5.59,5.49,5.54,0.1,1,1784102121,1784102121010,2026-07-15 07:55:23
7411,76.34,75.79,76.065,0.55,1,1784102320,1784102320571,2026-07-15 07:58:41
7412,6.82,6.72,6.77,0.1,1,1784102010,1784102010476,2026-07-15 07:53:35
7413,6.86,6.76,6.81,0.1,1,1784101981,1784101981929,2026-07-15 07:53:02
7415,122.66,122.03,122.345,0.63,1,1784102333,1784102333122,2026-07-15 07:58:53
7417,18.5,18.33,18.415,0.17,1,1784102323,1784102323366,2026-07-15 07:58:44
7418,40.37,39.49,39.93,0.88,1,1784102334,1784102334755,2026-07-15 07:58:56
7419,25.9,25.73,25.815,0.17,1,1784102230,1784102230715,2026-07-15 07:57:14
7420,2.78,2.68,2.73,0.1,1,1784097500,1784097500391,2026-07-15 06:38:20
7421,7.71,7.17,7.44,0.54,1,1784102339,1784102339726,2026-07-15 07:59:02
7422,6.43,6.3,6.365,0.13,1,1784102026,1784102026519,2026-07-15 07:53:47
7423,10.27,10.15,10.21,0.12,1,1784102299,1784102299836,2026-07-15 07:58:23
7424,87.72,87.42,87.57,0.3,1,1784102100,1784102100677,2026-07-15 07:55:02
7426,13.02,12.86,12.94,0.16,1,1784102102,1784102102708,2026-07-15 07:55:08
7427,21.79,21.64,21.715,0.15,1,1784102331,1784102331842,2026-07-15 07:58:53
7428,3.55,3.44,3.495,0.11,1,1784102336,1784102336303,2026-07-15 07:58:59
7429,24.12,23.89,24.005,0.23,1,1784102216,1784102216749,2026-07-15 07:56:59
7430,38.66,38.41,38.535,0.25,1,1784102303,1784102303888,2026-07-15 07:58:26
7432,2.49,2.32,2.405,0.17,1,1784102338,1784102338513,2026-07-15 07:59:02
7433,2.2,2.1,2.15,0.1,1,1784101291,1784101291373,2026-07-15 07:41:35
7434,33.74,33.7,33.72,0.04,1,1783662582,1783662582113,2026-07-10 05:49:44
7435,13.53,13.42,13.475,0.11,1,1784102309,1784102309033,2026-07-15 07:58:29
7436,43.43,42.66,43.045,0.77,1,1784102295,1784102295446,2026-07-15 07:58:20
7438,17.83,17.59,17.71,0.24,1,1784102268,1784102268784,2026-07-15 07:57:50
7439,14.31,14.2,14.255,0.11,1,1784102297,1784102297684,2026-07-15 07:58:23
7440,33.3,33.18,33.24,0.12,1,1784102333,1784102333379,2026-07-15 07:58:53
7441,2.73,2.63,2.68,0.1,1,1784095971,1784095971422,2026-07-15 06:12:53
7442,56.02,54.92,55.47,1.1,1,1784102339,1784102339109,2026-07-15 07:59:02
7449,16.07,15.96,16.015,0.11,1,1784102308,1784102308716,2026-07-15 07:58:29
7450,8.18,8.08,8.13,0.1,1,1784102035,1784102035281,2026-07-15 07:53:56
7464,5.13,5.03,5.08,0.1,1,1784097447,1784097447281,2026-07-15 06:37:29
7465,18.96,18.86,18.91,0.1,1,1784102248,1784102248819,2026-07-15 07:57:29
7467,155.4,154.99,155.195,0.41,1,1784102339,1784102339020,2026-07-15 07:59:02
7469,12.37,12.27,12.32,0.1,1,1784102330,1784102330099,2026-07-15 07:58:50
7471,31.5,31.27,31.385,0.23,1,1784102107,1784102107721,2026-07-15 07:55:08
7496,114.02,112.68,113.35,1.34,1,1784102327,1784102327057,2026-07-15 07:58:47
7498,1.26091,1.25729,1.2591,0.00362,1,1756982590,1756982590710,2025-09-04 11:43:20
7499,1.1367,1.13177,1.134235,0.00493,1,1756982590,1756982590223,2025-09-04 11:43:20
7500,0.66344,0.65766,0.66055,0.00578,1,1756982590,1756982590515,2025-09-04 11:43:20
7501,0.70536,0.70278,0.70407,0.00258,1,1756982588,1756982588769,2025-09-04 11:43:10
7502,0.61158,0.60891,0.610245,0.00267,1,1756982590,1756982590535,2025-09-04 11:43:20
7503,121.719,121.6856,121.7023,0.0334,1,1756982590,1756982590227,2025-09-04 11:43:20
7504,0.00528,0.00514,0.00521,0.00014,1,1756982573,1756982573678,2025-09-04 11:43:00
7505,903.11,901.84,902.475,1.27,1,1756982585,1756982585894,2025-09-04 11:43:10
7506,0.69253,0.69232,0.692425,0.00021,1,1756982590,1756982590856,2025-09-04 11:43:20
7507,0.00531774,0.00527661,0.005297175,0.00004113,1,1756982590,1756982590993,2025-09-04 11:43:20
7508,813.98,812.25,813.115,1.73,1,1756982590,1756982590598,2025-09-04 11:43:20
7509,474.71,473.15,473.93,1.56,1,1756982590,1756982590130,2025-09-04 11:43:20
7510,0.13336925,0.13257174,0.132970495,0.00079751,1,1756982585,1756982585472,2025-09-04 11:43:10
7511,505.94,504.43,505.185,1.51,1,1756982589,1756982589177,2025-09-04 11:43:10
7512,439.02,436.72,437.87,2.3,1,1756982590,1756982590748,2025-09-04 11:43:20
7513,87251.37,87246.66,87249.015,4.71,1,1756982591,1756982591081,2025-09-04 11:43:20
7514,5.29403,5.27132,5.282675,0.02271,1,1756982590,1756982590868,2025-09-04 11:43:20
7515,1304.42,1302.58,1303.5,1.84,1,1756982588,1756982588984,2025-09-04 11:43:10
7516,1.44763,1.44075,1.44419,0.00688,1,1756982590,1756982590886,2025-09-04 11:43:20
7517,0.00766309,0.00764945,0.00765627,0.00001364,1,1756982591,1756982591046,2025-09-04 11:43:20
7518,1175.19,1173.41,1174.3,1.78,1,1756982587,1756982587809,2025-09-04 11:43:10
7519,684.763,684.235,684.499,0.528,1,1756982590,1756982590561,2025-09-04 11:43:20
7520,0.19232854,0.19211217,0.192220355,0.00021637,1,1756982586,1756982586032,2025-09-04 11:43:10
7521,730.18,729.0,729.59,1.18,1,1756982590,1756982590866,2025-09-04 11:43:20
7522,632.99,631.76,632.375,1.23,1,1756982590,1756982590865,2025-09-04 11:43:20
7523,126003.09,126000.46,126001.775,2.63,1,1756982590,1756982590846,2025-09-04 11:43:20
7524,7.63262,7.62582,7.62922,0.0068,1,1756982590,1756982590047,2025-09-04 11:43:20
7525,1451.12,1449.61,1450.365,1.51,1,1756982589,1756982589931,2025-09-04 11:43:20
7526,69403.67,69400.9,69402.285,2.77,1,1756982578,1756982578483,2025-09-04 11:43:00
7527,170380.23,170375.37,170377.8,4.86,1,1756982589,1756982589020,2025-09-04 11:43:10
7528,189.283505,188.283505,188.783505,1.0,1,1756982590,1756982590921,2025-09-04 11:43:20
7529,609892.0,609888.0,609890.0,4.0,1,1756982590,1756982590042,2025-09-04 11:43:20
7530,153495.18,153485.83,153490.505,9.35,1,1756982587,1756982587879,2025-09-04 11:43:10
7531,89473.1,89466.3,89469.7,6.8,1,1756982591,1756982591060,2025-09-04 11:43:20
7532,25.14115,25.07235,25.10675,0.0688,1,1756982590,1756982590919,2025-09-04 11:43:20
7533,95366.91,95360.41,95363.66,6.5,1,1756982591,1756982591072,2025-09-04 11:43:20
7534,82662.46,82653.96,82658.21,8.5,1,1756982590,1756982590837,2025-09-04 11:43:20
7535,16470515.0,16469797.0,16470156.0,718.0,1,1756982591,1756982591077,2025-09-04 11:43:20
7536,997.95935,997.31766,997.638505,0.64169,1,1756982590,1756982590919,2025-09-04 11:43:20
7537,189588.48,189578.97,189583.725,9.51,1,1756982591,1756982591099,2025-09-04 11:43:20
7538,0.33411,0.32951,0.33181,0.0046,1,1756982590,1756982590709,2025-09-04 11:43:20
7539,0.30158,0.29628,0.29893,0.0053,1,1756982586,1756982586576,2025-09-04 11:43:10
7540,0.17771,0.17081,0.17426,0.0069,1,1756982586,1756982586587,2025-09-04 11:43:10
7541,0.18654,0.18489,0.185715,0.00165,1,1756982590,1756982590125,2025-09-04 11:43:20
7542,0.16232,0.15962,0.16097,0.0027,1,1756982590,1756982590813,2025-09-04 11:43:20
7543,32.1001,32.0453,32.0727,0.0548,1,1756982590,1756982590113,2025-09-04 11:43:20
7544,5.8356,5.7964,5.816,0.0392,1,1756982590,1756982590716,2025-09-04 11:43:20
7545,0.00454,0.00437,0.004455,0.00017,1,1756982566,1756982566661,2025-09-04 11:42:50
7546,5.2506,5.2182,5.2344,0.0324,1,1756982587,1756982587292,2025-09-04 11:43:10
7547,3.067,3.0358,3.0514,0.0312,1,1756982581,1756982581444,2025-09-04 11:43:10
7548,3.2704,3.234,3.2522,0.0364,1,1756982588,1756982588253,2025-09-04 11:43:10
7549,2.8348,2.8028,2.8188,0.032,1,1756982589,1756982589884,2025-09-04 11:43:10
7550,564.21,559.09,561.65,5.12,1,1756982590,1756982590691,2025-09-04 11:43:20
7551,6789.56,6785.67,6787.615,3.89,1,1756982590,1756982590674,2025-09-04 11:43:20
7552,7.5372,7.5021,7.51965,0.0351,1,1756982590,1756982590838,2025-09-04 11:43:20
7553,24298.32,24291.82,24295.07,6.5,1,1756982591,1756982591152,2025-09-04 11:43:20
7554,0.03987857,0.03978285,0.03983071,0.00009572,1,1756982591,1756982591045,2025-09-04 11:43:20
7555,6114.27,6114.1,6114.185,0.17,1,1756982590,1756982590866,2025-09-04 11:43:20
7556,3799.83,3797.9,3798.865,1.93,1,1756982590,1756982590141,2025-09-04 11:43:20
7557,3294.31,3291.16,3292.735,3.15,1,1756982591,1756982591070,2025-09-04 11:43:20
7558,656471.0,655697.0,656084.0,774.0,1,1756982591,1756982591078,2025-09-04 11:43:20
7559,39.7819,39.664,39.72295,0.1179,1,1756982590,1756982590849,2025-09-04 11:43:20
7560,0.00278,0.00261,0.002695,0.00017,1,1756982532,1756982532091,2025-09-04 11:42:20
7561,35.8571,35.8247,35.8409,0.0324,1,1756982590,1756982590959,2025-09-04 11:43:20
7562,32.3054,32.2731,32.28925,0.0323,1,1756982590,1756982590969,2025-09-04 11:43:20
7563,18.8431,18.7994,18.82125,0.0437,1,1756982590,1756982590391,2025-09-04 11:43:20
7564,0.00536,0.00521,0.005285,0.00015,1,1756982590,1756982590861,2025-09-04 11:43:20
7565,20.1058,20.0563,20.08105,0.0495,1,1756982591,1756982591140,2025-09-04 11:43:20
7566,17.4264,17.3836,17.405,0.0428,1,1756982591,1756982591163,2025-09-04 11:43:20
7567,3464.6206,3464.5921,3464.60635,0.0285,1,1756982590,1756982590407,2025-09-04 11:43:20
7568,171.036,170.67,170.853,0.366,1,1756982591,1756982591034,2025-09-04 11:43:20
7569,0.19342,0.18518,0.1893,0.00824,1,1756982590,1756982590883,2025-09-04 11:43:20
7570,0.13122,0.13093,0.131075,0.00029,1,1756982589,1756982589231,2025-09-04 11:43:10
7571,0.00100817,0.00099661,0.00100239,0.00001156,1,1756982589,1756982589087,2025-09-04 11:43:10
7572,0.02526638,0.02506597,0.025166175,0.00020041,1,1756982589,1756982589089,2025-09-04 11:43:10
7573,95.98,95.18,95.58,0.8,1,1756982591,1756982591136,2025-09-04 11:43:20
7574,83.85,81.85,82.85,2.0,1,1756982591,1756982591136,2025-09-04 11:43:20
7575,16540.01,16488.01,16514.01,52.0,1,1756982591,1756982591088,2025-09-04 11:43:20
7576,39.18865,39.02366,39.106155,0.16499,1,1756982590,1756982590859,2025-09-04 11:43:20
7577,0.00159,0.00133,0.00146,0.00026,1,1756982590,1756982590209,2025-09-04 11:43:20
7578,0.65916,0.65835,0.658755,0.00081,1,1756982590,1756982590862,2025-09-04 11:43:20
7579,0.52129,0.51804,0.519665,0.00325,1,1756982591,1756982591109,2025-09-04 11:43:20
7580,0.46985,0.46649,0.46817,0.00336,1,1756982591,1756982591116,2025-09-04 11:43:20
7581,0.29275,0.289,0.290875,0.00375,1,1756982588,1756982588897,2025-09-04 11:43:10
7582,0.25384,0.25039,0.252115,0.00345,1,1756982589,1756982589812,2025-09-04 11:43:10
7583,50.2612,50.2054,50.2333,0.0558,1,1756982590,1756982590662,2025-09-04 11:43:20
7584,0.11906,0.11883,0.118945,0.00023,1,1756982590,1756982590860,2025-09-04 11:43:20
7585,0.01123,0.01099,0.01111,0.00024,1,1756982587,1756982587711,2025-09-04 11:43:10
7586,0.00049,0.00035,0.00042,0.00014,1,1756982589,1756982589960,2025-09-04 11:43:20
7587,0.32126,0.32099,0.321125,0.00027,1,1756982590,1756982590212,2025-09-04 11:43:20
7588,0.00259,0.00233,0.00246,0.00026,1,1756982590,1756982590630,2025-09-04 11:43:20
7589,0.06181,0.06155,0.06168,0.00026,1,1756982590,1756982590859,2025-09-04 11:43:20
7590,0.00046,0.00028,0.00037,0.00018,1,1756982590,1756982590632,2025-09-04 11:43:20
7591,0.00938,0.00896,0.00917,0.00042,1,1756982590,1756982590844,2025-09-04 11:43:20
7592,0.94,0.88,0.91,0.06,1,1784128196,1784128196079,2026-07-15 15:09:56
7594,32.84,32.76,32.8,0.08,1,1784128196,1784128196016,2026-07-15 15:09:56
7596,69.14,69.06,69.1,0.08,1,1784128193,1784128193284,2026-07-15 15:09:53
7598,2.83,2.73,2.78,0.1,1,1784128205,1784128205928,2026-07-15 15:10:08
7599,7.14,7.06,7.1,0.08,1,1784128205,1784128205929,2026-07-15 15:10:08
7600,11.92,11.86,11.89,0.06,1,1784128193,1784128193285,2026-07-15 15:09:53
7603,44.2,44.12,44.16,0.08,1,1784131403,1784131403337,2026-07-15 16:03:23
7605,99.8,99.7,99.75,0.1,1,1784128193,1784128193307,2026-07-15 15:09:53
7609,0.0,0.0,0.0,0.0,1,1764201640,1764201640936,2025-11-27 00:00:41
7611,66.07,66.03,66.05,0.04,1,1784128203,1784128203452,2026-07-15 15:10:05
7621,14.72,14.67,14.695,0.05,1,1784128193,1784128193331,2026-07-15 15:09:53
7622,384.62,384.38,384.5,0.24,1,1784128193,1784128193335,2026-07-15 15:09:53
7623,17.9,17.84,17.87,0.06,1,1784128204,1784128204697,2026-07-15 15:10:05
7630,37.91,37.86,37.885,0.05,1,1784043088,1784043088511,2026-07-14 15:31:29
7649,17.08,17.01,17.045,0.07,1,1784128204,1784128204727,2026-07-15 15:10:05
7650,5.4,5.32,5.36,0.08,1,1784128198,1784128198754,2026-07-15 15:09:59
7655,3.12,3.02,3.07,0.1,1,1784128193,1784128193412,2026-07-15 15:09:53
7657,20.3,20.22,20.26,0.08,1,1784128198,1784128198774,2026-07-15 15:09:59
7660,1.15,1.1,1.125,0.05,1,1784128203,1784128203397,2026-07-15 15:10:05
7666,0.02,-0.02,0.0,0.04,1,1756877644,1756877644085,2025-09-03 06:34:10
7681,46.56,46.44,46.5,0.12,1,1784128207,1784128207304,2026-07-15 15:10:08
7689,20.62,20.55,20.585,0.07,1,1784128204,1784128204624,2026-07-15 15:10:05
7695,18.8,18.71,18.755,0.09,1,1784128194,1784128194685,2026-07-15 15:09:56
7702,141.88,141.73,141.805,0.15,1,1784128194,1784128194690,2026-07-15 15:09:56
7717,1.34,1.2,1.27,0.14,1,1784128202,1784128202014,2026-07-15 15:10:05
7721,135.06,132.34,133.7,2.72,1,1784127962,1784127962173,2026-07-15 15:06:02
7773,9.89,9.77,9.83,0.12,1,1784105965,1784105965155,2026-07-15 08:59:26
7774,0.0,0.0,0.0,0.0,1,1764201641,1764201641074,2025-11-27 00:00:42
7776,1.37,1.31,1.34,0.06,1,1784105998,1784105998373,2026-07-15 08:59:59
7777,0.13,0.09,0.11,0.04,1,1784105890,1784105890806,2026-07-15 08:58:11
7778,0.81,0.76,0.785,0.05,1,1784092402,1784092402975,2026-07-15 05:13:23
7779,7.79,7.65,7.72,0.14,1,1784105949,1784105949913,2026-07-15 08:59:11
7780,73.05,72.87,72.96,0.18,1,1784105990,1784105990835,2026-07-15 08:59:56
7781,3.2,3.19,3.195,0.01,1,1764657714,1764657714738,2025-12-02 06:41:55
7782,18.77,18.62,18.695,0.15,1,1784105977,1784105977325,2026-07-15 08:59:38
7783,0.66,0.59,0.625,0.07,1,1784105973,1784105973196,2026-07-15 08:59:35
7784,0.0,0.0,0.0,0.0,1,1764201641,1764201641364,2025-11-27 00:00:42
7785,26.94,26.76,26.85,0.18,1,1784105987,1784105987937,2026-07-15 08:59:53
7786,0.9,0.86,0.88,0.04,1,1784085554,1784085554244,2026-07-15 03:19:14
7789,0.8538,0.81,0.8319,0.0438,1,1764633659,1764633659600,2025-12-02 00:01:00
7790,28.47,28.37,28.42,0.1,1,1784105985,1784105985724,2026-07-15 08:59:47
7791,1.29,1.22,1.255,0.07,1,1784105948,1784105948680,2026-07-15 08:59:08
7792,0.0,0.0,0.0,0.0,1,1764201641,1764201641528,2025-11-27 00:00:42
7793,4.61,4.56,4.585,0.05,1,1784105992,1784105992241,2026-07-15 08:59:53
7796,7.62,7.54,7.58,0.08,1,1784105940,1784105940025,2026-07-15 08:59:02
7797,0.0,0.0,0.0,0.0,1,1764201641,1764201641554,2025-11-27 00:00:42
7798,10.81,10.69,10.75,0.12,1,1784105961,1784105961059,2026-07-15 08:59:23
7800,1.06,1.01,1.035,0.05,1,1784105962,1784105962135,2026-07-15 08:59:23
7801,0.49,0.45,0.47,0.04,1,1764657714,1764657714127,2025-12-02 06:41:55
7802,0.09,0.01,0.05,0.08,1,1784105960,1784105960595,2026-07-15 08:59:20
7804,9.515,9.505,9.51,0.01,1,1784105990,1784105990790,2026-07-15 08:59:56
7805,2.7,2.66,2.68,0.04,1,1784105993,1784105993321,2026-07-15 08:59:53
7808,1.13,1.09,1.11,0.04,1,1784105941,1784105941140,2026-07-15 08:59:02
7809,16.76,16.6,16.68,0.16,1,1784105979,1784105979195,2026-07-15 08:59:41
7810,3.93,3.89,3.91,0.04,1,1784105949,1784105949535,2026-07-15 08:59:11
7811,0.443,0.438,0.4405,0.005,1,1784105970,1784105970363,2026-07-15 08:59:32
7812,0.67,0.63,0.65,0.04,1,1784105947,1784105947521,2026-07-15 08:59:08
7814,14.03,13.9,13.965,0.13,1,1764633659,1764633659131,2025-12-02 00:01:00
7815,3.68,3.57,3.625,0.11,1,1784145547,1784145547890,2026-07-15 19:59:08
7816,4.2,4.05,4.125,0.15,1,1784145440,1784145440694,2026-07-15 19:57:23
7817,9.34,9.22,9.28,0.12,1,1784145216,1784145216314,2026-07-15 19:53:41
7818,8.55,8.43,8.49,0.12,1,1759273236,1759273236489,2025-10-01 00:00:40
7819,4.04,3.92,3.98,0.12,1,1784142909,1784142909308,2026-07-15 19:15:11
7820,10.2,10.19,10.195,0.01,1,1783951063,1783951063167,2026-07-13 13:57:44
7821,8.54,8.41,8.475,0.13,1,1784145547,1784145547899,2026-07-15 19:59:08
7822,17.95,17.76,17.855,0.19,1,1784145537,1784145537303,2026-07-15 19:58:59
7823,33.62,33.57,33.595,0.05,1,1784145463,1784145463371,2026-07-15 19:57:44
7824,0.0,0.0,0.0,0.0,1,1756877644,1756877644482,2025-09-03 06:34:10
7825,14.33,14.25,14.29,0.08,1,1784145501,1784145501458,2026-07-15 19:58:23
7826,4.82,4.81,4.815,0.01,1,1784145409,1784145409171,2026-07-15 19:56:53
7827,12.56,12.44,12.5,0.12,1,1764201641,1764201641658,2025-11-27 00:00:42
7828,39.4,39.25,39.325,0.15,1,1784129404,1784129404008,2026-07-15 15:30:05
7829,11.48,11.33,11.405,0.15,1,1784122179,1784122179528,2026-07-15 13:29:41
7830,72.96,72.74,72.85,0.22,1,1784129376,1784129376439,2026-07-15 15:29:38
7831,184.07,182.93,183.5,1.14,1,1784129266,1784129266417,2026-07-15 15:27:47
7832,173.37,173.03,173.2,0.34,1,1784129391,1784129391065,2026-07-15 15:29:53
7833,0.0,0.0,0.0,0.0,1,1764201641,1764201641070,2025-11-27 00:00:42
7834,203.61,202.39,203.0,1.22,1,1784128918,1784128918507,2026-07-15 15:21:59
7835,115.4,115.1,115.25,0.3,1,1784129370,1784129370908,2026-07-15 15:29:32
7836,17.08,16.8,16.94,0.28,1,1784129044,1784129044139,2026-07-15 15:24:05
7837,0.0,0.0,0.0,0.0,1,1764201641,1764201641344,2025-11-27 00:00:42
7838,24.71,24.35,24.53,0.36,1,1784129355,1784129355628,2026-07-15 15:29:17
7839,0.0,0.0,0.0,0.0,1,1764201641,1764201641422,2025-11-27 00:00:42
7840,0.0,0.0,0.0,0.0,1,1764201641,1764201641473,2025-11-27 00:00:42
7841,32.28,32.03,32.155,0.25,1,1784129398,1784129398882,2026-07-15 15:30:02
7842,32.33,32.08,32.205,0.25,1,1784129302,1784129302971,2026-07-15 15:28:23
7843,47.46,46.54,47.0,0.92,1,1783006024,1783006024386,2026-07-02 15:27:06
7844,0.0,0.0,0.0,0.0,1,1764201641,1764201641510,2025-11-27 00:00:42
7845,31.17,30.93,31.05,0.24,1,1784128750,1784128750659,2026-07-15 15:19:11
7846,0.0,0.0,0.0,0.0,1,1764201641,1764201641547,2025-11-27 00:00:42
7847,15.45,15.25,15.35,0.2,1,1784125900,1784125900640,2026-07-15 14:31:41
7848,92.25,91.85,92.05,0.4,1,1783006024,1783006024457,2026-07-02 15:27:06
7849,10.0,9.82,9.91,0.18,1,1784128955,1784128955720,2026-07-15 15:22:41
7850,17.34,17.2,17.27,0.14,1,1784129406,1784129406444,2026-07-15 15:30:08
7851,60.83,60.42,60.625,0.41,1,1783006024,1783006024510,2026-07-02 15:27:06
7852,49.8,49.2,49.5,0.6,1,1784124659,1784124659827,2026-07-15 14:11:05
7853,64.75,64.45,64.6,0.3,1,1784129372,1784129372880,2026-07-15 15:29:35
7854,45.91,45.77,45.84,0.14,1,1784129406,1784129406199,2026-07-15 15:30:08
7855,22.97,22.83,22.9,0.14,1,1784129381,1784129381865,2026-07-15 15:29:44
7856,4.7,4.67,4.685,0.03,1,1784123802,1784123802807,2026-07-15 13:56:44
7857,1.07,1.04,1.055,0.03,1,1784129360,1784129360589,2026-07-15 15:29:20
7858,6.46,6.34,6.4,0.12,1,1784129369,1784129369032,2026-07-15 15:29:29
7859,5.75,5.64,5.695,0.11,1,1784129285,1784129285754,2026-07-15 15:28:08
7860,4.58,4.55,4.565,0.03,1,1784129404,1784129404560,2026-07-15 15:30:08
7861,14.05,14.02,14.035,0.03,1,1784129404,1784129404640,2026-07-15 15:30:05
7862,19.2,19.17,19.185,0.03,1,1784129403,1784129403919,2026-07-15 15:30:08
7863,0.0,0.0,0.0,0.0,1,1764201641,1764201641299,2025-11-27 00:00:42
7864,16.27,16.24,16.255,0.03,1,1784129404,1784129404583,2026-07-15 15:30:05
7865,0.0,0.0,0.0,0.0,1,1764201641,1764201641427,2025-11-27 00:00:42
7866,4.94,4.91,4.925,0.03,1,1784129396,1784129396556,2026-07-15 15:29:56
7867,3.14,3.11,3.125,0.03,1,1784129401,1784129401083,2026-07-15 15:30:02
7868,3.64,3.61,3.625,0.03,1,1784129259,1784129259347,2026-07-15 15:27:41
7869,0.0,0.0,0.0,0.0,1,1764201641,1764201641543,2025-11-27 00:00:42
7870,0.0,0.0,0.0,0.0,1,1764201641,1764201641557,2025-11-27 00:00:42
7871,2.1,2.07,2.085,0.03,1,1784129307,1784129307033,2026-07-15 15:28:29
7872,1267.02,1262.98,1265.0,4.04,1,1784125602,1784125602406,2026-07-15 14:26:44
7873,321.85,320.95,321.4,0.9,1,1784125749,1784125749120,2026-07-15 14:29:11
7874,164.59,163.61,164.1,0.98,1,1784125604,1784125604284,2026-07-15 14:26:44
7875,83.78,83.22,83.5,0.56,1,1784125754,1784125754681,2026-07-15 14:29:17
7876,439.74,437.26,438.5,2.48,1,1784125727,1784125727037,2026-07-15 14:28:47
7877,234.45,232.55,233.5,1.9,1,1784125720,1784125720680,2026-07-15 14:28:41
7878,0.0,0.0,0.0,0.0,1,1764201641,1764201641042,2025-11-27 00:00:42
7879,44.5,44.15,44.325,0.35,1,1784125709,1784125709073,2026-07-15 14:28:32
7880,151.85,150.75,151.3,1.1,1,1784125750,1784125750706,2026-07-15 14:29:11
7881,0.0,0.0,0.0,0.0,1,1764201641,1764201641058,2025-11-27 00:00:42
7882,0.0,0.0,0.0,0.0,1,1764201641,1764201641122,2025-11-27 00:00:42
7883,17.01,16.89,16.95,0.12,1,1784125749,1784125749566,2026-07-15 14:29:11
7884,32.89,32.71,32.8,0.18,1,1784125727,1784125727499,2026-07-15 14:28:47
7885,106.75,106.05,106.4,0.7,1,1784125727,1784125727510,2026-07-15 14:28:47
7886,82.73,82.47,82.6,0.26,1,1784125733,1784125733490,2026-07-15 14:28:53
7887,250.02,248.98,249.5,1.04,1,1784073654,1784073654347,2026-07-15 00:00:56
7888,362.5,362.0,362.25,0.5,1,1784125722,1784125722598,2026-07-15 14:28:47
7889,0.0,0.0,0.0,0.0,1,1764201641,1764201641279,2025-11-27 00:00:42
7890,276.3,275.5,275.9,0.8,1,1784125726,1784125726852,2026-07-15 14:28:47
7891,83.62,83.09,83.355,0.53,1,1784073654,1784073654401,2026-07-15 00:00:56
7892,72.43,72.13,72.28,0.3,1,1784125735,1784125735048,2026-07-15 14:28:56
7893,10.36,10.24,10.3,0.12,1,1784125748,1784125748100,2026-07-15 14:29:08
7895,84.95,84.7,84.825,0.25,1,1784125752,1784125752189,2026-07-15 14:29:14
7896,374.0,372.9,373.45,1.1,1,1783004023,1783004023781,2026-07-02 14:53:45
7897,40.65,40.41,40.53,0.24,1,1784125737,1784125737684,2026-07-15 14:28:59
7899,0.0,0.0,0.0,0.0,1,1764201641,1764201641427,2025-11-27 00:00:42
7900,0.0,0.0,0.0,0.0,1,1764201641,1764201641437,2025-11-27 00:00:42
7902,164.62,163.78,164.2,0.84,1,1784125748,1784125748841,2026-07-15 14:29:11
7904,33.62,33.28,33.45,0.34,1,1784125751,1784125751337,2026-07-15 14:29:11
7905,17.08,16.94,17.01,0.14,1,1784117085,1784117085738,2026-07-15 12:04:50
7906,488.56,487.64,488.1,0.92,1,1784125577,1784125577967,2026-07-15 14:26:20
7907,0.5,0.39,0.445,0.11,1,1783004023,1783004023940,2026-07-02 14:53:45
7908,488.68,486.52,487.6,2.16,1,1784125736,1784125736856,2026-07-15 14:28:59
7910,32.87,32.38,32.625,0.49,1,1784124501,1784124501786,2026-07-15 14:08:26
7911,98.44,97.86,98.15,0.58,1,1784125675,1784125675800,2026-07-15 14:27:56
7912,0.0,0.0,0.0,0.0,1,1764201641,1764201641537,2025-11-27 00:00:42
7913,324.21,322.79,323.5,1.42,1,1784125600,1784125600605,2026-07-15 14:26:44
7916,131.93,131.37,131.65,0.56,1,1784125753,1784125753637,2026-07-15 14:29:14
7917,99.14,97.81,98.475,1.33,1,1784125753,1784125753881,2026-07-15 14:29:14
7918,189.58,188.82,189.2,0.76,1,1784125730,1784125730537,2026-07-15 14:28:53
7920,734.32,731.68,733.0,2.64,1,1784125747,1784125747417,2026-07-15 14:29:08
7922,11.17,11.05,11.11,0.12,1,1784129328,1784129328451,2026-07-15 15:28:50
7923,3.81,3.69,3.75,0.12,1,1784129377,1784129377850,2026-07-15 15:29:38
7924,1.8,1.69,1.745,0.11,1,1784128859,1784128859641,2026-07-15 15:20:59
7925,0.0,0.0,0.0,0.0,1,1764201641,1764201641080,2025-11-27 00:00:42
7926,0.0,0.0,0.0,0.0,1,1764201641,1764201641090,2025-11-27 00:00:42
7927,2.96,2.85,2.905,0.11,1,1784129409,1784129409526,2026-07-15 15:30:11
7928,35.13,34.97,35.05,0.16,1,1784129395,1784129395618,2026-07-15 15:29:56
7929,19.92,19.81,19.865,0.11,1,1784129404,1784129404840,2026-07-15 15:30:05
7930,16.82,16.7,16.76,0.12,1,1784129413,1784129413196,2026-07-15 15:30:14
7931,48.65,48.48,48.565,0.17,1,1784129413,1784129413850,2026-07-15 15:30:14
7932,31.22,31.1,31.16,0.12,1,1784129412,1784129412688,2026-07-15 15:30:14
7934,22.55,22.15,22.35,0.4,1,1784113199,1784113199112,2026-07-15 10:59:59
7935,2.65,2.54,2.595,0.11,1,1784127979,1784127979996,2026-07-15 15:06:23
7936,0.0,0.0,0.0,0.0,1,1764201641,1764201641532,2025-11-27 00:00:42
7937,12.99,12.88,12.935,0.11,1,1784129317,1784129317463,2026-07-15 15:28:38
7938,1.5,1.495,1.4975,0.005,1,1783403700,1783403700020,2026-07-07 05:55:03
7939,1.74,1.71,1.725,0.03,1,1784095089,1784095089154,2026-07-15 05:58:11
7940,35.82,35.78,35.8,0.04,1,1784095134,1784095134610,2026-07-15 05:58:56
7941,0.72,0.69,0.705,0.03,1,1784073654,1784073654087,2026-07-15 00:00:56
7942,0.082,0.081,0.0815,0.001,1,1783987245,1783987245545,2026-07-14 00:00:47
7943,18.74,18.71,18.725,0.03,1,1784095123,1784095123932,2026-07-15 05:58:44
7944,39.4,39.36,39.38,0.04,1,1784095134,1784095134286,2026-07-15 05:58:59
7945,10.5,10.47,10.485,0.03,1,1784095127,1784095127386,2026-07-15 05:58:47
7946,10.29,10.26,10.275,0.03,1,1784095128,1784095128386,2026-07-15 05:58:53
7947,25.31,25.27,25.29,0.04,1,1784095111,1784095111497,2026-07-15 05:58:32
7948,0.43,0.424,0.427,0.006,1,1784094772,1784094772377,2026-07-15 05:52:53
7949,4.92,4.89,4.905,0.03,1,1784095083,1784095083927,2026-07-15 05:58:05
7950,36.47,36.43,36.45,0.04,1,1784095113,1784095113399,2026-07-15 05:58:35
7951,4547.35,4527.65,4537.5,19.7,1,1784095120,1784095120744,2026-07-15 05:58:41
7953,431.07,419.93,425.5,11.14,1,1784095208,1784095208015,2026-07-15 06:00:11
7954,4215.02,4202.98,4209.0,12.04,1,1783013406,1783013406831,2026-07-02 17:30:09
7958,51263.7,51096.3,51180.0,167.4,1,1764656592,1764656592555,2025-12-02 06:23:13
7959,1238.37,1234.63,1236.5,3.74,1,1784095192,1784095192421,2026-07-15 05:59:53
7960,1322.01,1308.99,1315.5,13.02,1,1784095134,1784095134299,2026-07-15 05:58:56
7965,4394.58,4365.42,4380.0,29.16,1,1784095099,1784095099381,2026-07-15 05:58:20
7966,1944.89,1933.11,1939.0,11.78,1,1784095090,1784095090941,2026-07-15 05:58:11
7967,1281.43,1256.57,1269.0,24.86,1,1784095168,1784095168826,2026-07-15 05:59:29
7968,3758.25,3746.75,3752.5,11.5,1,1784095194,1784095194234,2026-07-15 05:59:56
7969,2723.9,2693.1,2708.5,30.8,1,1784095047,1784095047297,2026-07-15 05:57:32
7972,37054.45,36785.55,36920.0,268.9,1,1784093704,1784093704020,2026-07-15 05:35:05
7974,38015.78,37884.22,37950.0,131.56,1,1784094959,1784094959840,2026-07-15 05:56:02
7975,3444.11,3438.89,3441.5,5.22,1,1784095001,1784095001298,2026-07-15 05:56:41
7976,765.18,764.12,764.65,1.06,1,1784095205,1784095205417,2026-07-15 06:00:08
7977,1706.87,1695.13,1701.0,11.74,1,1784094718,1784094718783,2026-07-15 05:51:59
7980,1820.99,1815.61,1818.3,5.38,1,1784094435,1784094435293,2026-07-15 05:47:17
7981,1197.03,1191.97,1194.5,5.06,1,1784095205,1784095205192,2026-07-15 06:00:05
7982,5321.8,5304.2,5313.0,17.6,1,1784094977,1784094977502,2026-07-15 05:56:17
7983,3675.16,3654.84,3665.0,20.32,1,1784095201,1784095201737,2026-07-15 06:00:02
7984,12856.2,12793.8,12825.0,62.4,1,1784094327,1784094327822,2026-07-15 05:45:29
7985,14159.46,14135.54,14147.5,23.92,1,1784095189,1784095189410,2026-07-15 05:59:50
7986,3251.31,3245.69,3248.5,5.62,1,1784095202,1784095202578,2026-07-15 06:00:02
7987,2531.74,2526.76,2529.25,4.98,1,1784095137,1784095137521,2026-07-15 05:58:59
7988,0.0,0.0,0.0,0.0,1,1756877643,1756877643313,2025-09-03 06:34:10
7989,2818.3,2809.7,2814.0,8.6,1,1784095074,1784095074445,2026-07-15 05:57:56
7990,5713.63,5704.37,5709.0,9.26,1,1784095166,1784095166227,2026-07-15 05:59:29
7991,2721.7,2710.3,2716.0,11.4,1,1784094791,1784094791090,2026-07-15 05:53:11
7992,4669.84,4650.16,4660.0,19.68,1,1784095116,1784095116517,2026-07-15 05:58:38
7993,5345.07,5323.93,5334.5,21.14,1,1784094674,1784094674999,2026-07-15 05:51:20
7995,5687.58,5662.42,5675.0,25.16,1,1784095207,1784095207049,2026-07-15 06:00:08
7996,4151.0,4134.0,4142.5,17.0,1,1784095104,1784095104671,2026-07-15 05:58:26
7997,1515.97,1511.03,1513.5,4.94,1,1784095168,1784095168436,2026-07-15 05:59:29
7998,1497.22,1481.78,1489.5,15.44,1,1784095115,1784095115112,2026-07-15 05:58:35
8000,3218.68,3152.32,3185.5,66.36,1,1784095202,1784095202782,2026-07-15 06:00:05
8001,0.0,0.0,0.0,0.0,1,1764201640,1764201640846,2025-11-27 00:00:41
8003,1635.45,1631.05,1633.25,4.4,1,1784094976,1784094976859,2026-07-15 05:56:17
8004,3807.55,3767.45,3787.5,40.1,1,1784093735,1784093735517,2026-07-15 05:35:35
8005,1361.49,1350.11,1355.8,11.38,1,1784095209,1784095209569,2026-07-15 06:00:11
8006,4595.51,4577.49,4586.5,18.02,1,1784095143,1784095143186,2026-07-15 05:59:05
8007,3884.83,3870.17,3877.5,14.66,1,1784095208,1784095208985,2026-07-15 06:00:11
8008,3530.78,3518.22,3524.5,12.56,1,1784095125,1784095125375,2026-07-15 05:58:47
8009,2408.89,2403.11,2406.0,5.78,1,1784094978,1784094978484,2026-07-15 05:56:20
8010,5195.88,5174.12,5185.0,21.76,1,1784095201,1784095201090,2026-07-15 06:00:02
8011,6322.28,6315.72,6319.0,6.56,1,1784095173,1784095173684,2026-07-15 05:59:35
8012,7547.68,7533.32,7540.5,14.36,1,1784095028,1784095028323,2026-07-15 05:57:08
8013,2161.55,2141.45,2151.5,20.1,1,1784094813,1784094813256,2026-07-15 05:53:35
8014,4115.03,4094.97,4105.0,20.06,1,1784095201,1784095201115,2026-07-15 06:00:02
8015,2682.96,2668.54,2675.75,14.42,1,1784095086,1784095086963,2026-07-15 05:58:08
8016,8938.34,8915.66,8927.0,22.68,1,1784094978,1784094978089,2026-07-15 05:56:20
8017,2622.69,2613.31,2618.0,9.38,1,1784095209,1784095209206,2026-07-15 06:00:11
8018,2328.6,2322.9,2325.75,5.7,1,1784094996,1784094996012,2026-07-15 05:56:38
8019,2518.73,2502.27,2510.5,16.46,1,1784095168,1784095168231,2026-07-15 05:59:29
8020,4744.9,4733.1,4739.0,11.8,1,1784095189,1784095189812,2026-07-15 05:59:50
8022,1903.9,1898.1,1901.0,5.8,1,1784095113,1784095113706,2026-07-15 05:58:35
8023,4663.84,4636.16,4650.0,27.68,1,1784095199,1784095199685,2026-07-15 05:59:59
8024,2788.02,2777.98,2783.0,10.04,1,1784095199,1784095199465,2026-07-15 05:59:59
8025,2030.23,2021.27,2025.75,8.96,1,1784094751,1784094751377,2026-07-15 05:52:32
8362,576.5,567.1,571.8,9.4,1,1784095209,1784095209207,2026-07-15 06:00:11
8379,857.76,846.24,852.0,11.52,1,1784095060,1784095060772,2026-07-15 05:57:41
9011,4.27,4.27,4.27,0.0,1,1784098801,1784098801383,2026-07-15 07:00:02
9012,2.3,2.3,2.3,0.0,1,1784098632,1784098632122,2026-07-15 06:57:17
9013,20.22,20.21,20.215,0.01,1,1784094377,1784094377818,2026-07-15 05:46:23
9014,14.55,14.55,14.55,0.0,1,1784098631,1784098631203,2026-07-15 06:57:14
9015,5.02,5.02,5.02,0.0,1,1784098767,1784098767264,2026-07-15 06:59:29
9016,4.39,4.39,4.39,0.0,1,1784098626,1784098626087,2026-07-15 06:57:08
9018,13.75,13.75,13.75,0.0,1,1784098803,1784098803470,2026-07-15 07:00:05
9019,6.32,6.31,6.315,0.01,1,1784098575,1784098575174,2026-07-15 06:56:20
9020,5.61,5.61,5.61,0.0,1,1784098646,1784098646223,2026-07-15 06:57:29
9021,92.8,92.8,92.8,0.0,1,1784098716,1784098716328,2026-07-15 06:58:38
9022,6.67,6.67,6.67,0.0,1,1784098800,1784098800207,2026-07-15 07:00:02
9023,2.92,2.92,2.92,0.0,1,1784098791,1784098791313,2026-07-15 06:59:53
9024,9.86,9.86,9.86,0.0,1,1784098626,1784098626194,2026-07-15 06:57:08
9025,5.88,5.88,5.88,0.0,1,1784098803,1784098803540,2026-07-15 07:00:08
9026,24.04,24.04,24.04,0.0,1,1784098752,1784098752216,2026-07-15 06:59:17
9027,10.56,10.45,10.505,0.11,1,1784130611,1784130611086,2026-07-15 15:50:11
9028,17.83,17.81,17.82,0.02,1,1784130844,1784130844288,2026-07-15 15:54:05
9029,6.5,6.39,6.445,0.11,1,1783006024,1783006024026,2026-07-02 15:27:06
9030,0.0,0.0,0.0,0.0,1,1764201641,1764201641354,2025-11-27 00:00:42
9031,1.16,1.06,1.11,0.1,1,1784130609,1784130609859,2026-07-15 15:50:11
9032,4.57,4.42,4.495,0.15,1,1784128689,1784128689069,2026-07-15 15:18:11
9033,26.92,26.9,26.91,0.02,1,1784130998,1784130998875,2026-07-15 15:56:44
9034,1.06,1.06,1.06,0.0,1,1783662582,1783662582132,2026-07-10 05:49:44
9035,364.0,363.0,363.5,1.0,1,1783662582,1783662582152,2026-07-10 05:49:44
9036,21.4,21.4,21.4,0.0,1,1783662582,1783662582180,2026-07-10 05:49:44
9037,53.0,53.0,53.0,0.0,1,1783662582,1783662582197,2026-07-10 05:49:44
9038,5.5,5.5,5.5,0.0,1,1783662582,1783662582250,2026-07-10 05:49:44
9039,165.0,164.5,164.75,0.5,1,1783662582,1783662582259,2026-07-10 05:49:44
9040,1.75,1.75,1.75,0.0,1,1783662582,1783662582270,2026-07-10 05:49:44
9041,14.0,14.0,14.0,0.0,1,1783662582,1783662582285,2026-07-10 05:49:44
9042,0.45,0.43,0.44,0.02,1,1783662582,1783662582286,2026-07-10 05:49:44
9043,2.1,2.05,2.075,0.05,1,1783662582,1783662582305,2026-07-10 05:49:44
9044,17.8,17.7,17.75,0.1,1,1783662582,1783662582345,2026-07-10 05:49:44
9045,46.5,46.25,46.375,0.25,1,1783662582,1783662582362,2026-07-10 05:49:44
9046,19.1,19.0,19.05,0.1,1,1783662582,1783662582362,2026-07-10 05:49:44
9047,65.0,64.75,64.875,0.25,1,1783662582,1783662582363,2026-07-10 05:49:44
9048,4.85,4.85,4.85,0.0,1,1783662582,1783662582407,2026-07-10 05:49:44
9049,116.5,116.0,116.25,0.5,1,1783662582,1783662582424,2026-07-10 05:49:44
9050,0.54,0.53,0.535,0.01,1,1783662582,1783662582507,2026-07-10 05:49:44
9051,6.1,6.0,6.05,0.1,1,1783662582,1783662582561,2026-07-10 05:49:44
9052,1.94,1.94,1.94,0.0,1,1783662582,1783662582593,2026-07-10 05:49:44
9053,0.3,0.3,0.3,0.0,1,1783662582,1783662582596,2026-07-10 05:49:44
9054,24.3,24.2,24.25,0.1,1,1783662582,1783662582598,2026-07-10 05:49:44
9055,1.15,1.1,1.125,0.05,1,1783662582,1783662582600,2026-07-10 05:49:44
9056,196.5,196.0,196.25,0.5,1,1783662582,1783662582608,2026-07-10 05:49:44
9057,34.5,34.3,34.4,0.2,1,1783662582,1783662582616,2026-07-10 05:49:44
9058,4.35,4.35,4.35,0.0,1,1783662582,1783662582618,2026-07-10 05:49:44
9059,3.65,3.65,3.65,0.0,1,1783662582,1783662582626,2026-07-10 05:49:44
9060,1.6,1.6,1.6,0.0,1,1783662582,1783662582631,2026-07-10 05:49:44
9061,37.5,26.0,31.75,11.5,1,1784073654,1784073654498,2026-07-15 00:00:56
9062,20.25,20.25,20.25,0.0,1,1783662582,1783662582639,2026-07-10 05:49:44
9063,35.3,35.0,35.15,0.3,1,1783662582,1783662582647,2026-07-10 05:49:44
9064,21.7,21.6,21.65,0.1,1,1783662582,1783662582652,2026-07-10 05:49:44
9067,38.5,38.0,38.25,0.5,1,1783662582,1783662582751,2026-07-10 05:49:44
9068,1.4,1.4,1.4,0.0,1,1783662582,1783662582754,2026-07-10 05:49:44
9069,5.8,5.8,5.8,0.0,1,1783662582,1783662582780,2026-07-10 05:49:44
9070,133.5,133.0,133.25,0.5,1,1783662582,1783662582785,2026-07-10 05:49:44
9072,1.42,1.41,1.415,0.01,1,1783662582,1783662582799,2026-07-10 05:49:44
9073,9.0,9.0,9.0,0.0,1,1783662582,1783662582805,2026-07-10 05:49:44
9074,0.0,0.0,0.0,0.0,1,1764201641,1764201641569,2025-11-27 00:00:42
9075,59.25,59.0,59.125,0.25,1,1783662582,1783662582827,2026-07-10 05:49:44
9076,11.25,11.25,11.25,0.0,1,1783662582,1783662582835,2026-07-10 05:49:44
9077,21.2,21.1,21.15,0.1,1,1783662582,1783662582836,2026-07-10 05:49:44
9078,46.25,46.0,46.125,0.25,1,1783662582,1783662582842,2026-07-10 05:49:44
9079,14.7,14.6,14.65,0.1,1,1783662582,1783662582847,2026-07-10 05:49:44
9080,0.9,0.9,0.9,0.0,1,1783662582,1783662582872,2026-07-10 05:49:44
9081,0.8,0.79,0.795,0.01,1,1783662582,1783662582877,2026-07-10 05:49:44
9082,0.0,0.0,0.0,0.0,1,1756877643,1756877643362,2025-09-03 06:34:10
9083,0.0,0.0,0.0,0.0,1,1756877643,1756877643386,2025-09-03 06:34:10
9084,0.0,0.0,0.0,0.0,1,1756877643,1756877643397,2025-09-03 06:34:10
9085,0.0,0.0,0.0,0.0,1,1756877643,1756877643401,2025-09-03 06:34:10
9086,0.0,0.0,0.0,0.0,1,1756877643,1756877643403,2025-09-03 06:34:10
9087,0.0,0.0,0.0,0.0,1,1756877643,1756877643405,2025-09-03 06:34:10
9088,0.0,0.0,0.0,0.0,1,1756877643,1756877643407,2025-09-03 06:34:10
9089,0.0,0.0,0.0,0.0,1,1756877643,1756877643411,2025-09-03 06:34:10
9090,0.0,0.0,0.0,0.0,1,1756877643,1756877643434,2025-09-03 06:34:10
9091,0.0,0.0,0.0,0.0,1,1756877643,1756877643439,2025-09-03 06:34:10
9092,0.0,0.0,0.0,0.0,1,1756877643,1756877643439,2025-09-03 06:34:10
9093,0.0,0.0,0.0,0.0,1,1756877643,1756877643445,2025-09-03 06:34:10
9094,0.0,0.0,0.0,0.0,1,1756877643,1756877643448,2025-09-03 06:34:10
9095,0.0,0.0,0.0,0.0,1,1756877643,1756877643449,2025-09-03 06:34:10
9096,0.0,0.0,0.0,0.0,1,1756877643,1756877643460,2025-09-03 06:34:10
9097,0.0,0.0,0.0,0.0,1,1756877643,1756877643492,2025-09-03 06:34:10
9098,0.0,0.0,0.0,0.0,1,1756877643,1756877643513,2025-09-03 06:34:10
9099,0.0,0.0,0.0,0.0,1,1756877643,1756877643516,2025-09-03 06:34:10
9100,0.0,0.0,0.0,0.0,1,1756877643,1756877643549,2025-09-03 06:34:10
9101,0.0,0.0,0.0,0.0,1,1756877643,1756877643557,2025-09-03 06:34:10
9102,0.0,0.0,0.0,0.0,1,1756877643,1756877643611,2025-09-03 06:34:10
9103,0.0,0.0,0.0,0.0,1,1756877643,1756877643668,2025-09-03 06:34:10
9104,0.0,0.0,0.0,0.0,1,1756877643,1756877643697,2025-09-03 06:34:10
9105,0.0,0.0,0.0,0.0,1,1756877643,1756877643698,2025-09-03 06:34:10
9106,0.0,0.0,0.0,0.0,1,1756877643,1756877643700,2025-09-03 06:34:10
9107,0.0,0.0,0.0,0.0,1,1756877643,1756877643712,2025-09-03 06:34:10
9108,0.0,0.0,0.0,0.0,1,1756877643,1756877643724,2025-09-03 06:34:10
9109,0.0,0.0,0.0,0.0,1,1756877643,1756877643742,2025-09-03 06:34:10
9110,0.0,0.0,0.0,0.0,1,1756877643,1756877643742,2025-09-03 06:34:10
9111,0.0,0.0,0.0,0.0,1,1756877643,1756877643746,2025-09-03 06:34:10
9112,0.0,0.0,0.0,0.0,1,1756877643,1756877643762,2025-09-03 06:34:10
9113,0.0,0.0,0.0,0.0,1,1756877643,1756877643771,2025-09-03 06:34:10
9114,0.0,0.0,0.0,0.0,1,1756877643,1756877643798,2025-09-03 06:34:10
9115,0.0,0.0,0.0,0.0,1,1756877643,1756877643804,2025-09-03 06:34:10
9116,0.0,0.0,0.0,0.0,1,1756877643,1756877643804,2025-09-03 06:34:10
9117,0.0,0.0,0.0,0.0,1,1756877643,1756877643829,2025-09-03 06:34:10
9118,0.0,0.0,0.0,0.0,1,1756877643,1756877643842,2025-09-03 06:34:10
9119,0.0,0.0,0.0,0.0,1,1756877643,1756877643844,2025-09-03 06:34:10
9120,0.0,0.0,0.0,0.0,1,1756877643,1756877643896,2025-09-03 06:34:10
9121,0.0,0.0,0.0,0.0,1,1756877643,1756877643899,2025-09-03 06:34:10
9122,0.0,0.0,0.0,0.0,1,1756877643,1756877643902,2025-09-03 06:34:10
9123,0.0,0.0,0.0,0.0,1,1756877643,1756877643903,2025-09-03 06:34:10
9124,0.0,0.0,0.0,0.0,1,1756877643,1756877643922,2025-09-03 06:34:10
9125,0.0,0.0,0.0,0.0,1,1756877643,1756877643974,2025-09-03 06:34:10
9126,0.0,0.0,0.0,0.0,1,1756877643,1756877643983,2025-09-03 06:34:10
9127,0.0,0.0,0.0,0.0,1,1756877643,1756877643985,2025-09-03 06:34:10
9128,0.0,0.0,0.0,0.0,1,1756877643,1756877643994,2025-09-03 06:34:10
9129,0.0,0.0,0.0,0.0,1,1756877643,1756877643999,2025-09-03 06:34:10
9130,0.0,0.0,0.0,0.0,1,1756877644,1756877644006,2025-09-03 06:34:10
9131,0.0,0.0,0.0,0.0,1,1756877644,1756877644009,2025-09-03 06:34:10
9132,0.0,0.0,0.0,0.0,1,1756877644,1756877644033,2025-09-03 06:34:10
9133,0.0,0.0,0.0,0.0,1,1756877644,1756877644049,2025-09-03 06:34:10
9134,0.0,0.0,0.0,0.0,1,1756877644,1756877644063,2025-09-03 06:34:10
9135,0.0,0.0,0.0,0.0,1,1756877644,1756877644069,2025-09-03 06:34:10
9136,0.0,0.0,0.0,0.0,1,1756877644,1756877644079,2025-09-03 06:34:10
9137,0.0,0.0,0.0,0.0,1,1756877644,1756877644084,2025-09-03 06:34:10
9138,0.0,0.0,0.0,0.0,1,1756877644,1756877644097,2025-09-03 06:34:10
9139,0.0,0.0,0.0,0.0,1,1756877644,1756877644099,2025-09-03 06:34:10
9140,0.0,0.0,0.0,0.0,1,1756877644,1756877644103,2025-09-03 06:34:10
9141,0.0,0.0,0.0,0.0,1,1756877644,1756877644111,2025-09-03 06:34:10
9142,0.0,0.0,0.0,0.0,1,1756877644,1756877644115,2025-09-03 06:34:10
9143,0.0,0.0,0.0,0.0,1,1756877644,1756877644156,2025-09-03 06:34:10
9144,0.0,0.0,0.0,0.0,1,1756877644,1756877644170,2025-09-03 06:34:10
9145,0.0,0.0,0.0,0.0,1,1756877644,1756877644174,2025-09-03 06:34:10
9146,0.0,0.0,0.0,0.0,1,1756877644,1756877644176,2025-09-03 06:34:10
9147,0.0,0.0,0.0,0.0,1,1756877644,1756877644177,2025-09-03 06:34:10
9148,0.0,0.0,0.0,0.0,1,1756877644,1756877644177,2025-09-03 06:34:10
9149,0.0,0.0,0.0,0.0,1,1756877644,1756877644177,2025-09-03 06:34:10
9150,0.0,0.0,0.0,0.0,1,1756877644,1756877644183,2025-09-03 06:34:10
9151,0.0,0.0,0.0,0.0,1,1756877644,1756877644188,2025-09-03 06:34:10
9152,0.0,0.0,0.0,0.0,1,1756877644,1756877644211,2025-09-03 06:34:10
9153,0.0,0.0,0.0,0.0,1,1756877644,1756877644211,2025-09-03 06:34:10
9154,0.0,0.0,0.0,0.0,1,1756877644,1756877644213,2025-09-03 06:34:10
9155,0.0,0.0,0.0,0.0,1,1756877644,1756877644219,2025-09-03 06:34:10
9156,0.0,0.0,0.0,0.0,1,1756877644,1756877644245,2025-09-03 06:34:10
9157,0.0,0.0,0.0,0.0,1,1756877644,1756877644255,2025-09-03 06:34:10
9158,0.0,0.0,0.0,0.0,1,1756877644,1756877644255,2025-09-03 06:34:10
9159,0.0,0.0,0.0,0.0,1,1756877644,1756877644279,2025-09-03 06:34:10
9160,0.0,0.0,0.0,0.0,1,1756877644,1756877644286,2025-09-03 06:34:10
9161,0.0,0.0,0.0,0.0,1,1756877644,1756877644286,2025-09-03 06:34:10
9162,0.0,0.0,0.0,0.0,1,1756877644,1756877644290,2025-09-03 06:34:10
9163,0.0,0.0,0.0,0.0,1,1756877644,1756877644301,2025-09-03 06:34:10
9164,0.0,0.0,0.0,0.0,1,1756877644,1756877644302,2025-09-03 06:34:10
9165,0.0,0.0,0.0,0.0,1,1756877644,1756877644305,2025-09-03 06:34:10
9166,0.0,0.0,0.0,0.0,1,1756877644,1756877644308,2025-09-03 06:34:10
9167,0.0,0.0,0.0,0.0,1,1756877644,1756877644308,2025-09-03 06:34:10
9168,0.0,0.0,0.0,0.0,1,1756877644,1756877644309,2025-09-03 06:34:10
9169,0.0,0.0,0.0,0.0,1,1756877644,1756877644322,2025-09-03 06:34:10
9170,0.0,0.0,0.0,0.0,1,1756877644,1756877644325,2025-09-03 06:34:10
9171,0.0,0.0,0.0,0.0,1,1756877644,1756877644326,2025-09-03 06:34:10
9172,0.0,0.0,0.0,0.0,1,1756877644,1756877644344,2025-09-03 06:34:10
9173,0.0,0.0,0.0,0.0,1,1756877644,1756877644352,2025-09-03 06:34:10
9174,0.0,0.0,0.0,0.0,1,1756877644,1756877644356,2025-09-03 06:34:10
9175,0.0,0.0,0.0,0.0,1,1756877644,1756877644357,2025-09-03 06:34:10
9176,0.0,0.0,0.0,0.0,1,1756877644,1756877644365,2025-09-03 06:34:10
9177,0.0,0.0,0.0,0.0,1,1756877644,1756877644366,2025-09-03 06:34:10
9178,0.0,0.0,0.0,0.0,1,1756877644,1756877644368,2025-09-03 06:34:10
9179,0.0,0.0,0.0,0.0,1,1756877644,1756877644369,2025-09-03 06:34:10
9180,0.0,0.0,0.0,0.0,1,1756877644,1756877644375,2025-09-03 06:34:10
9181,0.0,0.0,0.0,0.0,1,1756877644,1756877644375,2025-09-03 06:34:10
9182,0.0,0.0,0.0,0.0,1,1756877644,1756877644375,2025-09-03 06:34:10
9183,0.0,0.0,0.0,0.0,1,1756877644,1756877644376,2025-09-03 06:34:10
9184,0.0,0.0,0.0,0.0,1,1756877644,1756877644376,2025-09-03 06:34:10
9185,0.0,0.0,0.0,0.0,1,1756877644,1756877644377,2025-09-03 06:34:10
9186,0.0,0.0,0.0,0.0,1,1756877644,1756877644389,2025-09-03 06:34:10
9187,0.0,0.0,0.0,0.0,1,1756877644,1756877644389,2025-09-03 06:34:10
9188,0.0,0.0,0.0,0.0,1,1756877644,1756877644392,2025-09-03 06:34:10
9189,0.0,0.0,0.0,0.0,1,1756877644,1756877644392,2025-09-03 06:34:10
9190,0.0,0.0,0.0,0.0,1,1756877644,1756877644396,2025-09-03 06:34:10
9191,0.0,0.0,0.0,0.0,1,1756877644,1756877644409,2025-09-03 06:34:10
9192,0.0,0.0,0.0,0.0,1,1756877644,1756877644487,2025-09-03 06:34:10
9193,0.0,0.0,0.0,0.0,1,1756877644,1756877644488,2025-09-03 06:34:10
9194,0.0,0.0,0.0,0.0,1,1756877644,1756877644494,2025-09-03 06:34:10
9195,0.0,0.0,0.0,0.0,1,1756877644,1756877644501,2025-09-03 06:34:10
9196,0.0,0.0,0.0,0.0,1,1756877644,1756877644679,2025-09-03 06:34:10
9197,0.12888,0.1283,0.12859,0.00058,1,1757394034,1757394034842,2025-09-09 06:00:40
9198,0.0,0.0,0.0,0.0,1,1757372438,1757372438028,2025-09-09 00:00:40
9199,0.2553,0.2543,0.2548,0.001,1,1757394037,1757394037859,2025-09-09 06:00:40
9200,301.12,300.97,301.045,0.15,1,1757394039,1757394039980,2025-09-09 06:00:50
9201,0.8679,0.8669,0.8674,0.001,1,1757394039,1757394039969,2025-09-09 06:00:50
9202,0.2372,0.2358,0.2365,0.0014,1,1757394039,1757394039961,2025-09-09 06:00:50
9203,0.381,0.374,0.3775,0.007,1,1757393830,1757393830632,2025-09-09 05:57:20
9204,0.0153,0.0149,0.0151,0.0004,1,1757394013,1757394013576,2025-09-09 06:00:20
9205,0.01545,0.01531,0.01538,0.00014,1,1757394037,1757394037817,2025-09-09 06:00:40
9206,0.0,0.0,0.0,0.0,1,1757372438,1757372438193,2025-09-09 00:00:40
9207,0.0,0.0,0.0,0.0,1,1757372438,1757372438194,2025-09-09 00:00:40
9208,0.0,0.0,0.0,0.0,1,1757372438,1757372438197,2025-09-09 00:00:40
9209,4.588,4.572,4.58,0.016,1,1757394039,1757394039291,2025-09-09 06:00:40
9210,0.0631,0.062,0.06255,0.0011,1,1757394028,1757394028100,2025-09-09 06:00:30
9211,25.319,25.31,25.3145,0.009,1,1757394039,1757394039937,2025-09-09 06:00:40
9212,2.65,2.51,2.58,0.14,1,1757394001,1757394001517,2025-09-09 06:00:10
9213,0.0,0.0,0.0,0.0,1,1757372438,1757372438227,2025-09-09 00:00:40
9214,0.971,0.964,0.9675,0.007,1,1757391665,1757391665526,2025-09-09 05:21:10
9215,0.7639,0.7581,0.761,0.0058,1,1757393953,1757393953377,2025-09-09 05:59:20
9216,0.1583,0.1579,0.1581,0.0004,1,1757394034,1757394034982,2025-09-09 06:00:40
9217,581.56,580.63,581.095,0.93,1,1757394035,1757394035509,2025-09-09 06:00:40
9218,0.0,0.0,0.0,0.0,1,1757372438,1757372438258,2025-09-09 00:00:40
9219,0.0,0.0,0.0,0.0,1,1757372438,1757372438272,2025-09-09 00:00:40
9220,580.66,580.55,580.605,0.11,1,1784152098,1784152098842,2026-07-15 21:48:23
9221,0.0,0.0,0.0,0.0,1,1757372438,1757372438290,2025-09-09 00:00:40
9222,112105.7,112085.9,112095.8,19.8,1,1757394039,1757394039916,2025-09-09 06:00:40
9223,0.0516,0.05,0.0508,0.0016,1,1757394013,1757394013496,2025-09-09 06:00:20
9224,0.309,0.305,0.307,0.004,1,1757393328,1757393328187,2025-09-09 05:48:50
9225,0.00822,0.00817,0.008195,0.00005,1,1757394035,1757394035499,2025-09-09 06:00:40
9226,0.105,0.1044,0.1047,0.0006,1,1757394038,1757394038695,2025-09-09 06:00:40
9227,0.04265,0.04236,0.042505,0.00029,1,1757394029,1757394029998,2025-09-09 06:00:40
9228,43.79,43.63,43.71,0.16,1,1757394021,1757394021703,2025-09-09 06:00:30
9229,0.05115,0.05109,0.05112,0.00006,1,1757394037,1757394037731,2025-09-09 06:00:40
9230,0.792,0.792,0.792,0.0,1,1757394035,1757394035498,2025-09-09 06:00:40
9231,0.0,0.0,0.0,0.0,1,1757372438,1757372438369,2025-09-09 00:00:40
9232,0.081,0.0803,0.08065,0.0007,1,1757394010,1757394010358,2025-09-09 06:00:20
9233,35.19,34.7,34.945,0.49,-1,1784152138,1784152138486,2026-07-15 21:48:59
9234,828.2,819.5,823.85,8.7,1,1757391663,1757391663341,2025-09-09 05:21:10
9235,0.00076,0.00076,0.00076,0.0,1,1757385723,1757385723112,2025-09-09 03:42:10
9236,0.0,0.0,0.0,0.0,1,1757372438,1757372438389,2025-09-09 00:00:40
9237,0.2372,0.2369,0.23705,0.0003,1,1757394039,1757394039904,2025-09-09 06:00:40
9238,0.846,0.845,0.8455,0.001,1,1784152135,1784152135447,2026-07-15 21:48:56
9239,0.63,0.625,0.6275,0.005,1,1757393937,1757393937814,2025-09-09 05:59:00
9240,14.42,14.22,14.32,0.2,1,1757394021,1757394021670,2025-09-09 06:00:30
9241,0.0682,0.0681,0.06815,0.0001,1,1757372438,1757372438443,2025-09-09 00:00:40
9242,0.0,0.0,0.0,0.0,1,1757372438,1757372438448,2025-09-09 00:00:40
9243,20.689,20.657,20.673,0.032,1,1757394039,1757394039850,2025-09-09 06:00:40
9244,4314.85,4313.56,4314.205,1.29,1,1757394039,1757394039838,2025-09-09 06:00:40
9245,2.53,2.462,2.496,0.068,1,1757394013,1757394013343,2025-09-09 06:00:20
9246,0.0303,0.0298,0.03005,0.0005,1,1757393945,1757393945452,2025-09-09 05:59:10
9247,0.0,0.0,0.0,0.0,1,1757372438,1757372438496,2025-09-09 00:00:40
9248,0.01728,0.01708,0.01718,0.0002,1,1757393949,1757393949785,2025-09-09 05:59:10
9249,0.09489,0.0945,0.094695,0.00039,1,1757394039,1757394039832,2025-09-09 06:00:40
9250,0.0,0.0,0.0,0.0,1,1757372438,1757372438548,2025-09-09 00:00:40
9251,0.2273,0.22704,0.22717,0.00026,1,1757394039,1757394039819,2025-09-09 06:00:40
9252,0.0,0.0,0.0,0.0,1,1757372438,1757372438578,2025-09-09 00:00:40
9253,4.96,4.96,4.96,0.0,1,1757394031,1757394031727,2025-09-09 06:00:40
9254,0.1323,0.1313,0.1318,0.001,1,1757394039,1757394039801,2025-09-09 06:00:40
9255,0.00334,0.00334,0.00334,0.0,1,1757394013,1757394013825,2025-09-09 06:00:20
9256,0.1914,0.1903,0.19085,0.0011,1,1757394034,1757394034062,2025-09-09 06:00:40
9257,0.19142,0.19033,0.190875,0.00109,1,1757394034,1757394034145,2025-09-09 06:00:40
9258,0.3727,0.3665,0.3696,0.0062,1,1757394015,1757394015279,2025-09-09 06:00:20
9259,0.0,0.0,0.0,0.0,1,1757372438,1757372438636,2025-09-09 00:00:40
9260,0.385,0.38,0.3825,0.005,1,1757394001,1757394001022,2025-09-09 06:00:10
9261,15.85,15.63,15.74,0.22,1,1757394037,1757394037608,2025-09-09 06:00:40
9262,0.00036,0.00034,0.00035,0.00002,1,1757372438,1757372438655,2025-09-09 00:00:40
9263,8.515,8.509,8.512,0.006,1,1784152138,1784152138695,2026-07-15 21:48:59
9264,0.0,0.0,0.0,0.0,1,1757372438,1757372438656,2025-09-09 00:00:40
9265,0.1013,0.0991,0.1002,0.0022,1,1757394026,1757394026554,2025-09-09 06:00:30
9266,113.05,112.92,112.985,0.13,1,1757394039,1757394039182,2025-09-09 06:00:40
9267,0.2778,0.2777,0.27775,0.0001,1,1757372438,1757372438672,2025-09-09 00:00:40
9268,0.0,0.0,0.0,0.0,1,1757372438,1757372438676,2025-09-09 00:00:40
9269,0.276,0.272,0.274,0.004,1,1757394034,1757394034796,2025-09-09 06:00:40
9270,1783.0,1779.2,1781.1,3.8,1,1784137376,1784137376714,2026-07-15 17:42:59
9271,0.0,0.0,0.0,0.0,1,1757372438,1757372438699,2025-09-09 00:00:40
9272,0.88975,0.88725,0.8885,0.0025,1,1757393899,1757393899117,2025-09-09 05:58:20
9273,2.683,2.669,2.676,0.014,1,1757394037,1757394037574,2025-09-09 06:00:40
9274,6.701,6.671,6.686,0.03,1,1757394000,1757394000685,2025-09-09 06:00:10
9275,0.0,0.0,0.0,0.0,1,1757372438,1757372438718,2025-09-09 00:00:40
9276,0.0,0.0,0.0,0.0,1,1757372438,1757372438743,2025-09-09 00:00:40
9277,0.0,0.0,0.0,0.0,1,1757372438,1757372438746,2025-09-09 00:00:40
9278,0.1735,0.1724,0.17295,0.0011,1,1757394029,1757394029870,2025-09-09 06:00:30
9279,0.01084,0.01065,0.010745,0.00019,1,1757394003,1757394003477,2025-09-09 06:00:10
9280,0.1388,0.1381,0.13845,0.0007,1,1757394019,1757394019403,2025-09-09 06:00:20
9281,0.25626,0.25554,0.2559,0.00072,1,1757394039,1757394039534,2025-09-09 06:00:40
9282,2.702,2.701,2.7015,0.001,1,1757394037,1757394037570,2025-09-09 06:00:40
9283,0.0,0.0,0.0,0.0,1,1757372438,1757372438801,2025-09-09 00:00:40
9284,0.0,0.0,0.0,0.0,1,1757372438,1757372438802,2025-09-09 00:00:40
9285,0.0,0.0,0.0,0.0,1,1757372438,1757372438807,2025-09-09 00:00:40
9286,0.00793,0.00791,0.00792,0.00002,1,1757394037,1757394037549,2025-09-09 06:00:40
9287,1.262,1.254,1.258,0.008,1,1757394039,1757394039729,2025-09-09 06:00:40
9288,0.01349,0.0134,0.013445,0.00009,1,1757394025,1757394025201,2025-09-09 06:00:30
9289,0.3,0.2964,0.2982,0.0036,1,1757394037,1757394037533,2025-09-09 06:00:40
9290,0.0,0.0,0.0,0.0,1,1757372438,1757372438844,2025-09-09 00:00:40
9291,0.02964,0.02901,0.029325,0.00063,1,1757394007,1757394007393,2025-09-09 06:00:10
9292,0.704,0.697,0.7005,0.007,1,1757394037,1757394037526,2025-09-09 06:00:40
9293,214.87,214.85,214.86,0.02,1,1757394013,1757394013187,2025-09-09 06:00:20
9294,0.00465,0.00461,0.00463,0.00004,1,1757372438,1757372438882,2025-09-09 00:00:40
9295,0.2612,0.2599,0.26055,0.0013,1,1757394013,1757394013738,2025-09-09 06:00:20
9296,0.791,0.787,0.789,0.004,1,1757394039,1757394039135,2025-09-09 06:00:40
9297,0.1762,0.175,0.1756,0.0012,1,1757394037,1757394037952,2025-09-09 06:00:40
9298,0.828,0.823,0.8255,0.005,1,1757394030,1757394030978,2025-09-09 06:00:40
9299,0.0045,0.0044,0.00445,0.0001,1,1757394015,1757394015191,2025-09-09 06:00:20
9300,0.0,0.0,0.0,0.0,1,1757372438,1757372438914,2025-09-09 00:00:40
9301,0.33209,0.33122,0.331655,0.00087,1,1757394030,1757394030956,2025-09-09 06:00:40
9302,1.3945,1.3695,1.382,0.025,1,1757394036,1757394036338,2025-09-09 06:00:40
9303,0.0,0.0,0.0,0.0,1,1757372438,1757372438929,2025-09-09 00:00:40
9304,9.539,9.521,9.53,0.018,1,1757394039,1757394039707,2025-09-09 06:00:40
9305,0.02431,0.02423,0.02427,0.00008,1,1757394037,1757394037445,2025-09-09 06:00:40
9306,1.125,1.122,1.1235,0.003,1,1757394029,1757394029803,2025-09-09 06:00:30
9307,0.0027,0.0025,0.0026,0.0002,1,1757393548,1757393548310,2025-09-09 05:52:30
9308,0.37573,0.37545,0.37559,0.00028,1,1757394039,1757394039708,2025-09-09 06:00:40
9309,269.36,269.05,269.205,0.31,1,1757394039,1757394039702,2025-09-09 06:00:40
9310,2.9633,2.9622,2.96275,0.0011,1,1757394038,1757394038543,2025-09-09 06:00:40
9311,0.736,0.728,0.732,0.008,1,1757394022,1757394022144,2025-09-09 06:00:30
9312,5405.0,5384.0,5394.5,21.0,1,1757394037,1757394037882,2025-09-09 06:00:40
9313,49.94,49.7,49.82,0.24,1,1757394037,1757394037894,2025-09-09 06:00:40
9314,7.49,7.468,7.479,0.022,1,1757394038,1757394038534,2025-09-09 06:00:40
9315,0.01192,0.01166,0.01179,0.00026,1,1757394018,1757394018657,2025-09-09 06:00:20
9316,0.2824,0.2813,0.28185,0.0011,1,1757394037,1757394037872,2025-09-09 06:00:40
9317,4.531,4.499,4.515,0.032,1,1784123860,1784123860766,2026-07-15 13:57:41
9318,11.911,11.819,11.865,0.092,1,1784123981,1784123981977,2026-07-15 13:59:44
9319,3.983,3.959,3.971,0.024,1,1784124018,1784124018786,2026-07-15 14:00:23
9320,0.0,0.0,0.0,0.0,1,1756877643,1756877643438,2025-09-03 06:34:10
9321,3.505,3.5,3.5025,0.005,1,1784123033,1784123033656,2026-07-15 13:43:56
9322,22.281,22.059,22.17,0.222,1,1784123994,1784123994762,2026-07-15 13:59:56
9323,0.222,0.221,0.2215,0.001,1,1784034117,1784034117035,2026-07-14 13:01:59
9324,20.58,20.52,20.55,0.06,1,1784124385,1784124385498,2026-07-15 14:06:26
9325,0.285,0.282,0.2835,0.003,1,1783600108,1783600108692,2026-07-09 12:28:32
9326,4.686,4.659,4.6725,0.027,1,1784124016,1784124016990,2026-07-15 14:00:17
9327,1.359,1.335,1.347,0.024,1,1784124011,1784124011807,2026-07-15 14:00:14
9328,12.591,12.519,12.555,0.072,1,1784124026,1784124026216,2026-07-15 14:00:26
9329,15.071,14.959,15.015,0.112,1,1784123978,1784123978802,2026-07-15 13:59:41
9330,4.26,4.237,4.2485,0.023,1,1784124021,1784124021731,2026-07-15 14:00:23
9331,0.0,0.0,0.0,0.0,1,1764201641,1764201641226,2025-11-27 00:00:42
9332,0.348,0.346,0.347,0.002,1,1781775662,1781775662164,2026-06-18 09:41:06
9334,0.321,0.296,0.3085,0.025,1,1784123651,1784123651131,2026-07-15 13:54:11
9335,0.0,0.0,0.0,0.0,1,1764201641,1764201641349,2025-11-27 00:00:42
9336,1.08,1.078,1.079,0.002,1,1783003483,1783003483283,2026-07-02 14:44:45
9337,3.155,3.12,3.1375,0.035,1,1784123755,1784123755704,2026-07-15 13:55:56
9338,1.53,1.51,1.52,0.02,1,1783685962,1783685962750,2026-07-10 12:19:23
9339,48.92,48.66,48.79,0.26,1,1784124014,1784124014283,2026-07-15 14:00:17
9340,41.683,41.297,41.49,0.386,1,1784124001,1784124001680,2026-07-15 14:00:02
9342,23.087,22.973,23.03,0.114,1,1784123954,1784123954454,2026-07-15 13:59:14
9343,0.067,0.067,0.067,0.0,1,1759273236,1759273236877,2025-10-01 00:00:40
9344,9.205,9.147,9.176,0.058,1,1784124011,1784124011906,2026-07-15 14:00:14
9345,1.86,1.775,1.8175,0.085,1,1759273236,1759273236986,2025-10-01 00:00:40
9346,18.051,17.969,18.01,0.082,1,1784123897,1784123897970,2026-07-15 13:58:20
9347,0.82182,0.8177,0.81976,0.00412,1,1756982591,1756982591078,2025-09-04 11:43:20
9348,0.1747,0.1357,0.1552,0.039,1,1784152074,1784152074886,2026-07-15 21:47:56
9349,1.5922,1.5272,1.5597,0.065,1,1784152137,1784152137187,2026-07-15 21:48:59
9350,0.15208,0.15066,0.15137,0.00142,1,1756982590,1756982590681,2025-09-04 11:43:20
9351,228.49,224.78,226.635,3.71,1,1784152116,1784152116011,2026-07-15 21:48:41
9352,64824.81,64746.2,64785.505,78.61,-1,1784152139,1784152139626,2026-07-15 21:48:59
9353,0.0747,0.07348,0.07409,0.00122,1,1784152126,1784152126540,2026-07-15 21:48:50
9354,0.8472,0.845,0.8461,0.0022,-1,1784152139,1784152139558,2026-07-15 21:48:59
9355,7.152,7.027,7.0895,0.125,1,1784152128,1784152128590,2026-07-15 21:48:50
9356,1923.1,1918.02,1920.56,5.08,1,1784152139,1784152139627,2026-07-15 21:48:59
9357,0.08839,0.08685,0.08762,0.00154,1,1756982585,1756982585637,2025-09-04 11:43:10
9358,0.0397,0.0354,0.03755,0.0043,1,1784152086,1784152086477,2026-07-15 21:48:08
9359,8.531,8.511,8.521,0.02,1,1784152139,1784152139589,2026-07-15 21:48:59
9360,45.27,44.781,45.0255,0.489,1,1784152122,1784152122605,2026-07-15 21:48:47
9361,0.3231,0.3134,0.31825,0.0097,1,1745941678,1745941678613,2025-04-29 15:48:00
9362,0.0909,0.0752,0.08305,0.0157,1,1784152117,1784152117620,2026-07-15 21:48:38
9363,2.048,1.93,1.989,0.118,1,1784151115,1784151115903,2026-07-15 21:31:56
9364,0.32612,0.32273,0.324425,0.00339,1,1784152137,1784152137179,2026-07-15 21:48:59
9365,8844.94,8843.26,8844.1,1.68,1,1784149214,1784149214346,2026-07-15 21:00:14
9366,8384.48,8383.39,8383.935,1.09,1,1784149210,1784149210061,2026-07-15 21:00:11
9367,2093.64,2091.64,2092.64,2.0,1,1784146448,1784146448596,2026-07-15 20:14:08
9368,14314.19,14312.22,14313.205,1.97,1,1784145548,1784145548211,2026-07-15 19:59:11
9369,6281.65,6280.36,6281.005,1.29,1,1784149201,1784149201354,2026-07-15 21:00:02
9370,24996.74,24991.43,24994.085,5.31,1,1784149209,1784149209104,2026-07-15 21:00:14
9371,24836.6,24831.6,24834.1,5.0,1,1784149210,1784149210059,2026-07-15 21:00:14
9372,52487.2,52477.0,52482.1,10.2,1,1784141946,1784141946226,2026-07-15 18:59:08
9373,67605.49,67599.52,67602.505,5.97,1,1784149203,1784149203507,2026-07-15 21:00:05
9374,1098.85,1098.37,1098.61,0.48,1,1784129414,1784129414252,2026-07-15 15:30:17
9375,1580.64,1580.11,1580.375,0.53,1,1764633659,1764633659672,2025-12-02 00:01:00
9376,102466.3,102366.3,102416.3,100.0,1,1784125810,1784125810045,2026-07-15 14:30:11
9377,19305.02,19297.05,19301.035,7.97,1,1784139835,1784139835487,2026-07-15 18:23:56
9378,10487.8,10481.81,10484.805,5.99,1,1784149209,1784149209105,2026-07-15 21:00:11
9379,29518.33,29517.5,29517.915,0.83,1,1784149164,1784149164889,2026-07-15 20:59:26
9380,2980.91,2979.96,2980.435,0.95,1,1784149173,1784149173915,2026-07-15 20:59:35
9381,52653.25,52652.17,52652.71,1.08,1,1784149166,1784149166082,2026-07-15 20:59:26
9382,6641.97,6641.65,6641.81,0.32,1,1758993753,1758993753896,2025-09-27 18:22:40
9383,8837.19,8836.22,8836.705,0.97,1,1756982591,1756982591082,2025-09-04 11:43:20
9384,4761.63,4761.38,4761.505,0.25,1,1756982580,1756982580272,2025-09-04 11:43:10
9385,7721.24,7720.57,7720.905,0.67,1,1756982591,1756982591084,2025-09-04 11:43:20
9386,1704.44,1703.46,1703.95,0.98,1,1756910663,1756910663255,2025-09-03 15:44:30
9387,12401.65,12400.67,12401.16,0.98,1,1756982591,1756982591085,2025-09-04 11:43:20
9388,14617.0,14607.0,14612.0,10.0,1,1756982581,1756982581563,2025-09-04 11:43:10
9389,4460.03,4459.93,4459.98,0.1,1,1756882510,1756882510882,2025-09-03 07:55:20
9390,5341.3,5340.81,5341.055,0.49,1,1756982590,1756982590876,2025-09-04 11:43:20
9391,23765.65,23762.86,23764.255,2.79,1,1756982591,1756982591084,2025-09-04 11:43:20
9392,25056.04,25053.57,25054.805,2.47,1,1756982590,1756982590851,2025-09-04 11:43:20
9393,25069.0,25064.0,25066.5,5.0,1,1756982582,1756982582273,2025-09-04 11:43:10
9394,140215.56,140215.46,140215.51,0.1,1,1756910659,1756910659214,2025-09-03 15:44:20
9395,41951.3,41944.9,41948.1,6.4,1,1756982591,1756982591093,2025-09-04 11:43:20
9396,42554.25,42550.76,42552.505,3.49,1,1756982590,1756982590683,2025-09-04 11:43:20
9397,3184.62,3184.52,3184.57,0.1,1,1756882510,1756882510972,2025-09-03 07:55:20
9398,59877.82,59870.32,59874.07,7.5,1,1756910663,1756910663294,2025-09-03 15:44:30
9399,24719.65,24710.65,24715.15,9.0,1,1756890058,1756890058291,2025-09-03 10:01:00
9400,895.21,894.84,895.025,0.37,1,1756982591,1756982591094,2025-09-04 11:43:20
9401,1554.72,1554.21,1554.465,0.51,1,1756982591,1756982591091,2025-09-04 11:43:20
9402,2608.11,2606.61,2607.36,1.5,1,1756982591,1756982591154,2025-09-04 11:43:20
9403,93417.8,93408.9,93413.35,8.9,1,1756982591,1756982591081,2025-09-04 11:43:20
9404,444.9,444.7,444.8,0.2,1,1756981897,1756981897612,2025-09-04 11:31:40
9405,14883.17,14881.18,14882.175,1.99,1,1756982587,1756982587072,2025-09-04 11:43:10
9406,3049.54,3048.54,3049.04,1.0,1,1756882511,1756882511072,2025-09-03 07:55:20
9407,1997.4,1996.4,1996.9,1.0,1,1756982583,1756982583084,2025-09-04 11:43:10
9408,9200.63,9198.65,9199.64,1.98,1,1756982591,1756982591093,2025-09-04 11:43:20
9409,23462.2,23461.57,23461.885,0.63,1,1756982590,1756982590695,2025-09-04 11:43:20
9410,2355.14,2354.35,2354.745,0.79,1,1756982590,1756982590683,2025-09-04 11:43:20
9411,45238.39,45237.62,45238.005,0.77,1,1756982590,1756982590850,2025-09-04 11:43:20
9412,6455.95,6455.62,6455.785,0.33,1,1756982590,1756982590851,2025-09-04 11:43:20
9413,98.283,98.253,98.268,0.03,1,1756982588,1756982588241,2025-09-04 11:43:10
9414,17.187,16.962,17.0745,0.225,1,1756981848,1756981848848,2025-09-04 11:30:50
9415,16.09,15.9,15.995,0.19,1,1756982585,1756982585098,2025-09-04 11:43:10
9416,2827.78,2823.28,2825.53,4.5,1,1756982565,1756982565210,2025-09-04 11:42:50
9417,4691.925,4691.912,4691.9185,0.013,1,1756982588,1756982588132,2025-09-04 11:43:10
9418,150.51239,150.49432,150.503355,0.01807,1,1756982590,1756982590708,2025-09-04 11:43:20
9419,62.886,62.865,62.8755,0.021,1,1756982590,1756982590825,2025-09-04 11:43:20
9420,56.64626,56.64378,56.64502,0.00248,1,1756982591,1756982591052,2025-09-04 11:43:20
9421,33.01941,33.01693,33.01817,0.00248,1,1756982591,1756982591064,2025-09-04 11:43:20
9422,293.13,291.77,292.45,1.36,1,1756982588,1756982588009,2025-09-04 11:43:10
9423,860.1842,860.1666,860.1754,0.0176,1,1756982591,1756982591063,2025-09-04 11:43:20
9424,263.37,261.98,262.675,1.39,1,1756982584,1756982584626,2025-09-04 11:43:10
9425,1989.8107,1989.7929,1989.8018,0.0178,1,1756982591,1756982591074,2025-09-04 11:43:20
9426,35.1974,35.1842,35.1908,0.0132,1,1756982590,1756982590751,2025-09-04 11:43:20
9427,30.5048,30.50248,30.50364,0.00232,1,1756982591,1756982591086,2025-09-04 11:43:20
9428,13842.31,13841.24,13841.775,1.07,1,1756982581,1756982581217,2025-09-04 11:43:10
9429,3616.38,3616.238,3616.309,0.142,1,1756982591,1756982591097,2025-09-04 11:43:20
9430,6078.29,6077.65,6077.97,0.64,1,1756982591,1756982591105,2025-09-04 11:43:20
9431,12.5389,12.5274,12.53315,0.0115,1,1756982584,1756982584780,2025-09-04 11:43:10
9432,770.99,769.56,770.275,1.43,1,1756982587,1756982587967,2025-09-04 11:43:10
9433,413.5401,413.5226,413.53135,0.0175,1,1756982591,1756982591105,2025-09-04 11:43:20
9434,69.96223,69.95974,69.960985,0.00249,1,1756982591,1756982591118,2025-09-04 11:43:20
9435,150.25,148.91,149.58,1.34,1,1756982587,1756982587968,2025-09-04 11:43:10
9436,149.8771,149.8627,149.8699,0.0144,1,1756982581,1756982581714,2025-09-04 11:43:10
9437,3347.831,3347.689,3347.76,0.142,1,1756982591,1756982591098,2025-09-04 11:43:20
9438,153.804,153.665,153.7345,0.139,1,1756982588,1756982588085,2025-09-04 11:43:10
9439,387.4424,387.4247,387.43355,0.0177,1,1756982591,1756982591122,2025-09-04 11:43:20
9440,53.49,52.18,52.835,1.31,1,1756982588,1756982588009,2025-09-04 11:43:10
9441,1687.2121,1687.1935,1687.2028,0.0186,1,1756982591,1756982591133,2025-09-04 11:43:20
9442,730.33,729.16,729.745,1.17,1,1756982588,1756982588001,2025-09-04 11:43:10
9443,3590.04,3588.88,3589.46,1.16,1,1756982588,1756982588057,2025-09-04 11:43:10
9444,18534.68,18533.42,18534.05,1.26,1,1756982588,1756982588071,2025-09-04 11:43:10
9445,2230.86,2229.46,2230.16,1.4,1,1756982588,1756982588026,2025-09-04 11:43:10
9446,1933.82,1932.47,1933.145,1.35,1,1756982584,1756982584702,2025-09-04 11:43:10
9447,385164.75,385163.38,385164.065,1.37,1,1756982532,1756982532947,2025-09-04 11:42:20
9448,48816.4,48815.26,48815.83,1.14,1,1756982588,1756982588078,2025-09-04 11:43:10
9449,212141.67,212140.54,212141.105,1.13,1,1756982562,1756982562517,2025-09-04 11:42:50
9450,106915.42,106914.18,106914.8,1.24,1,1756982588,1756982588059,2025-09-04 11:43:10
9451,13018.19,13017.49,13017.84,0.7,1,1756982591,1756982591129,2025-09-04 11:43:20
9452,5439.05,5438.44,5438.745,0.61,1,1756982591,1756982591095,2025-09-04 11:43:20
9453,4899.88,4899.18,4899.53,0.7,1,1756982591,1756982591158,2025-09-04 11:43:20
9454,2855.88,2855.7,2855.79,0.18,1,1756982591,1756982591142,2025-09-04 11:43:20
9455,25297.28,25296.03,25296.655,1.25,1,1756982587,1756982587921,2025-09-04 11:43:10
9456,74396.48,74395.76,74396.12,0.72,1,1756982588,1756982588144,2025-09-04 11:43:10
9457,22721.69,22720.97,22721.33,0.72,1,1756982587,1756982587939,2025-09-04 11:43:10
9458,172108.92,172108.2,172108.56,0.72,1,1756982591,1756982591162,2025-09-04 11:43:20
9459,2638.676,2638.28,2638.478,0.396,1,1756982591,1756982591091,2025-09-04 11:43:20
9460,1196970.92,1196969.48,1196970.2,1.4399999999,1,1756982581,1756982581095,2025-09-04 11:43:10
9461,312773.03,312772.3,312772.665,0.73,1,1756982587,1756982587872,2025-09-04 11:43:10
9462,2513.39,2512.01,2512.7,1.38,1,1756982588,1756982588116,2025-09-04 11:43:10
9463,525714.0,525693.0,525703.5,21.0,1,1756982591,1756982591143,2025-09-04 11:43:20
9464,1084.72,1083.5,1084.11,1.22,1,1756982588,1756982588110,2025-09-04 11:43:10
9465,66628.11,66626.86,66627.485,1.25,1,1756982587,1756982587893,2025-09-04 11:43:10
9466,35765.79,35765.07,35765.43,0.72,1,1756982587,1756982587878,2025-09-04 11:43:10
9467,6050.91,6050.24,6050.575,0.67,1,1756982587,1756982587880,2025-09-04 11:43:10
9468,12938.95,12937.67,12938.31,1.28,1,1756982587,1756982587893,2025-09-04 11:43:10
9469,12961.05,12959.81,12960.43,1.24,1,1756982588,1756982588090,2025-09-04 11:43:10
9470,289565.92,289565.22,289565.5699999999,0.7,1,1756982589,1756982589827,2025-09-04 11:43:10
9471,13298.5,13297.14,13297.82,1.36,1,1756982588,1756982588079,2025-09-04 11:43:10
9472,33511.94,33511.22,33511.58,0.72,1,1756982587,1756982587886,2025-09-04 11:43:10
9473,4570.32,4569.17,4569.745,1.15,1,1756982587,1756982587920,2025-09-04 11:43:10
9474,145925.62,145924.93,145925.275,0.69,1,1756982587,1756982587891,2025-09-04 11:43:10
9475,63149.6,63148.47,63149.035,1.13,1,1756982568,1756982568801,2025-09-04 11:42:50
9476,3921.51,3920.45,3920.98,1.06,1,1756982588,1756982588049,2025-09-04 11:43:10
9477,20248.71,20247.46,20248.085,1.25,1,1756982578,1756982578039,2025-09-04 11:43:00
9478,2436.87,2435.41,2436.14,1.46,1,1756982588,1756982588046,2025-09-04 11:43:10
9479,2112.27,2111.1,2111.685,1.17,1,1756982584,1756982584665,2025-09-04 11:43:10
9480,420779.6,420778.52,420779.06,1.08,1,1756982532,1756982532825,2025-09-04 11:42:20
9481,53332.23,53330.81,53331.52,1.42,1,1756982581,1756982581265,2025-09-04 11:43:10
9482,231735.1,231733.79,231734.445,1.31,1,1756982582,1756982582870,2025-09-04 11:43:10
9483,116790.02,116788.88,116789.45,1.14,1,1756982588,1756982588054,2025-09-04 11:43:10
9484,1.26091,1.25729,1.2591,0.00362,1,1756982590,1756982590711,2025-09-04 11:43:20
9485,1.1367,1.13177,1.134235,0.00493,1,1756982590,1756982590223,2025-09-04 11:43:20
9486,0.66344,0.65766,0.66055,0.00578,1,1756982590,1756982590517,2025-09-04 11:43:20
9487,0.70536,0.70278,0.70407,0.00258,1,1756982588,1756982588773,2025-09-04 11:43:10
9488,0.61158,0.60891,0.610245,0.00267,1,1756982590,1756982590538,2025-09-04 11:43:20
9489,121.719,121.6856,121.7023,0.0334,1,1756982590,1756982590229,2025-09-04 11:43:20
9490,0.00528,0.00514,0.00521,0.00014,1,1756982573,1756982573681,2025-09-04 11:43:00
9491,903.11,901.84,902.475,1.27,1,1756982585,1756982585893,2025-09-04 11:43:10
9492,0.69253,0.69232,0.692425,0.00021,1,1756982590,1756982590864,2025-09-04 11:43:20
9493,0.00531774,0.00527661,0.005297175,0.00004113,1,1756982590,1756982590997,2025-09-04 11:43:20
9494,813.98,812.25,813.115,1.73,1,1756982590,1756982590597,2025-09-04 11:43:20
9495,474.71,473.15,473.93,1.56,1,1756982590,1756982590129,2025-09-04 11:43:20
9496,0.13333756,0.13254076,0.13293916,0.0007968,1,1756982582,1756982582162,2025-09-04 11:43:10
9497,505.94,504.43,505.185,1.51,1,1756982589,1756982589182,2025-09-04 11:43:10
9498,439.02,436.72,437.87,2.3,1,1756982590,1756982590748,2025-09-04 11:43:20
9499,87251.37,87246.66,87249.015,4.71,1,1756982591,1756982591083,2025-09-04 11:43:20
9500,5.29403,5.27132,5.282675,0.02271,1,1756982590,1756982590869,2025-09-04 11:43:20
9501,1304.42,1302.58,1303.5,1.84,1,1756982588,1756982588985,2025-09-04 11:43:10
9502,1.44763,1.44075,1.44419,0.00688,1,1756982590,1756982590886,2025-09-04 11:43:20
9503,0.00766309,0.00764945,0.00765627,0.00001364,1,1756982591,1756982591046,2025-09-04 11:43:20
9504,1175.19,1173.41,1174.3,1.78,1,1756982587,1756982587810,2025-09-04 11:43:10
9505,684.763,684.235,684.499,0.528,1,1756982590,1756982590564,2025-09-04 11:43:20
9506,0.19232854,0.19211217,0.192220355,0.00021637,1,1756982586,1756982586039,2025-09-04 11:43:10
9507,730.18,729.0,729.59,1.18,1,1756982590,1756982590877,2025-09-04 11:43:20
9508,632.99,631.76,632.375,1.23,1,1756982590,1756982590871,2025-09-04 11:43:20
9509,126003.09,126000.46,126001.775,2.63,1,1756982590,1756982590849,2025-09-04 11:43:20
9510,7.63262,7.62582,7.62922,0.0068,1,1756982590,1756982590048,2025-09-04 11:43:20
9511,1451.12,1449.61,1450.365,1.51,1,1756982589,1756982589935,2025-09-04 11:43:20
9512,69403.67,69400.9,69402.285,2.77,1,1756982578,1756982578487,2025-09-04 11:43:00
9513,170380.23,170375.37,170377.8,4.86,1,1756982589,1756982589019,2025-09-04 11:43:10
9514,188.89932,188.66769,188.783505,0.23163,1,1756982590,1756982590922,2025-09-04 11:43:20
9515,609892.0,609888.0,609890.0,4.0,1,1756982590,1756982590042,2025-09-04 11:43:20
9516,153495.18,153485.83,153490.505,9.35,1,1756982587,1756982587881,2025-09-04 11:43:10
9517,89473.1,89466.3,89469.7,6.8,1,1756982591,1756982591063,2025-09-04 11:43:20
9518,25.14115,25.07235,25.10675,0.0688,1,1756982590,1756982590921,2025-09-04 11:43:20
9519,95366.91,95360.41,95363.66,6.5,1,1756982591,1756982591073,2025-09-04 11:43:20
9520,82662.46,82653.96,82658.21,8.5,1,1756982590,1756982590837,2025-09-04 11:43:20
9521,16470515.0,16469797.0,16470156.0,718.0,1,1756982591,1756982591081,2025-09-04 11:43:20
9522,997.95935,997.31766,997.638505,0.64169,1,1756982590,1756982590920,2025-09-04 11:43:20
9523,189588.48,189578.97,189583.725,9.51,1,1756982591,1756982591099,2025-09-04 11:43:20
9524,3590842.0,3584144.0,3587493.0,6698.0,1,1756982590,1756982590052,2025-09-04 11:43:20
9525,2709.5226,2709.1274,2709.325,0.3952,1,1756982581,1756982581808,2025-09-04 11:43:10
9526,31.34513,31.31053,31.32783,0.0346,1,1756982590,1756982590762,2025-09-04 11:43:20
9527,1977614.66,1977609.95,1977612.305,4.71,1,1756982590,1756982590775,2025-09-04 11:43:20
9528,0.33411,0.32951,0.33181,0.0046,1,1756982590,1756982590709,2025-09-04 11:43:20
9529,0.30158,0.29628,0.29893,0.0053,1,1756982586,1756982586579,2025-09-04 11:43:10
9530,0.17771,0.17081,0.17426,0.0069,1,1756982586,1756982586589,2025-09-04 11:43:10
9531,0.18654,0.18489,0.185715,0.00165,1,1756982590,1756982590127,2025-09-04 11:43:20
9532,0.16232,0.15962,0.16097,0.0027,1,1756982590,1756982590814,2025-09-04 11:43:20
9533,32.1001,32.0453,32.0727,0.0548,1,1756982590,1756982590118,2025-09-04 11:43:20
9534,5.8356,5.7964,5.816,0.0392,1,1756982590,1756982590717,2025-09-04 11:43:20
9535,0.00454,0.00437,0.004455,0.00017,1,1756982566,1756982566663,2025-09-04 11:42:50
9536,5.2506,5.2182,5.2344,0.0324,1,1756982587,1756982587292,2025-09-04 11:43:10
9537,3.067,3.0358,3.0514,0.0312,1,1756982581,1756982581444,2025-09-04 11:43:10
9538,3.2704,3.234,3.2522,0.0364,1,1756982588,1756982588254,2025-09-04 11:43:10
9539,2.8348,2.8028,2.8188,0.032,1,1756982589,1756982589880,2025-09-04 11:43:10
9540,564.21,559.09,561.65,5.12,1,1756982590,1756982590695,2025-09-04 11:43:20
9541,6789.56,6785.67,6787.615,3.89,1,1756982590,1756982590674,2025-09-04 11:43:20
9542,7.5372,7.5021,7.51965,0.0351,1,1756982590,1756982590839,2025-09-04 11:43:20
9543,24298.32,24291.82,24295.07,6.5,1,1756982591,1756982591153,2025-09-04 11:43:20
9544,0.03985357,0.03980785,0.03983071,0.00004572,1,1756982591,1756982591046,2025-09-04 11:43:20
9545,6114.27,6114.1,6114.185,0.17,1,1756982590,1756982590874,2025-09-04 11:43:20
9546,3799.83,3797.9,3798.865,1.93,1,1756982590,1756982590144,2025-09-04 11:43:20
9547,3294.31,3291.16,3292.735,3.15,1,1756982591,1756982591072,2025-09-04 11:43:20
9548,656471.0,655697.0,656084.0,774.0,1,1756982591,1756982591080,2025-09-04 11:43:20
9549,39.7819,39.664,39.72295,0.1179,1,1756982590,1756982590848,2025-09-04 11:43:20
9550,0.00278,0.00261,0.002695,0.00017,1,1756982532,1756982532097,2025-09-04 11:42:20
9551,35.8571,35.8247,35.8409,0.0324,1,1756982590,1756982590960,2025-09-04 11:43:20
9552,32.3054,32.2731,32.28925,0.0323,1,1756982590,1756982590969,2025-09-04 11:43:20
9553,18.8431,18.7994,18.82125,0.0437,1,1756982590,1756982590393,2025-09-04 11:43:20
9554,0.00536,0.00521,0.005285,0.00015,1,1756982590,1756982590864,2025-09-04 11:43:20
9555,20.1058,20.0563,20.08105,0.0495,1,1756982591,1756982591141,2025-09-04 11:43:20
9556,17.4264,17.3836,17.405,0.0428,1,1756982591,1756982591065,2025-09-04 11:43:20
9557,3464.6206,3464.5921,3464.60635,0.0285,1,1756982590,1756982590407,2025-09-04 11:43:20
9558,171.036,170.67,170.853,0.366,1,1756982591,1756982591035,2025-09-04 11:43:20
9559,0.19342,0.18518,0.1893,0.00824,1,1756982590,1756982590884,2025-09-04 11:43:20
9560,0.13122,0.13093,0.131075,0.00029,1,1756982589,1756982589233,2025-09-04 11:43:10
9561,0.00100817,0.00099661,0.00100239,0.00001156,1,1756982589,1756982589090,2025-09-04 11:43:10
9562,0.02526638,0.02506597,0.025166175,0.00020041,1,1756982589,1756982589090,2025-09-04 11:43:10
9563,95.98,95.18,95.58,0.8,1,1756982591,1756982591137,2025-09-04 11:43:20
9564,83.85,81.85,82.85,2.0,1,1756982591,1756982591140,2025-09-04 11:43:20
9565,16540.01,16488.01,16514.01,52.0,1,1756982591,1756982591092,2025-09-04 11:43:20
9566,39.18865,39.02366,39.106155,0.16499,1,1756982590,1756982590857,2025-09-04 11:43:20
9567,0.00159,0.00133,0.00146,0.00026,1,1756982590,1756982590210,2025-09-04 11:43:20
9568,0.65916,0.65835,0.658755,0.00081,1,1756982590,1756982590863,2025-09-04 11:43:20
9569,0.52129,0.51804,0.519665,0.00325,1,1756982591,1756982591110,2025-09-04 11:43:20
9570,0.46985,0.46649,0.46817,0.00336,1,1756982591,1756982591117,2025-09-04 11:43:20
9571,0.29275,0.289,0.290875,0.00375,1,1756982588,1756982588898,2025-09-04 11:43:10
9572,0.25384,0.25039,0.252115,0.00345,1,1756982589,1756982589817,2025-09-04 11:43:10
9573,50.2612,50.2054,50.2333,0.0558,1,1756982590,1756982590662,2025-09-04 11:43:20
9574,0.11906,0.11883,0.118945,0.00023,1,1756982590,1756982590866,2025-09-04 11:43:20
9575,0.01123,0.01099,0.01111,0.00024,1,1756982587,1756982587715,2025-09-04 11:43:10
9576,0.00049,0.00035,0.00042,0.00014,1,1756982589,1756982589959,2025-09-04 11:43:20
9577,0.32126,0.32099,0.321125,0.00027,1,1756982590,1756982590210,2025-09-04 11:43:20
9578,0.00259,0.00233,0.00246,0.00026,1,1756982590,1756982590632,2025-09-04 11:43:20
9579,0.06181,0.06155,0.06168,0.00026,1,1756982590,1756982590870,2025-09-04 11:43:20
9580,0.00046,0.00028,0.00037,0.00018,1,1756982590,1756982590639,2025-09-04 11:43:20
9581,0.00938,0.00896,0.00917,0.00042,1,1756982590,1756982590849,2025-09-04 11:43:20
9582,7.0672,7.06481,7.066005,0.00239,1,1756982591,1756982591156,2025-09-04 11:43:20
9583,11.75176,11.74887,11.750315,0.00289,1,1756982591,1756982591155,2025-09-04 11:43:20
9584,1.5014,1.50122,1.50131,0.00018,1,1756982590,1756982590731,2025-09-04 11:43:20
9585,1.28962,1.28924,1.28943,0.00038,1,1756982591,1756982591050,2025-09-04 11:43:20
9586,3544.31,3544.18,3544.245,0.13,1,1756982591,1756982591061,2025-09-04 11:43:20
9587,0.58296,0.5829,0.58293,0.00006,1,1756982591,1756982591100,2025-09-04 11:43:20
9588,107.302,107.298,107.3,0.004,1,1756982590,1756982590092,2025-09-04 11:43:20
9589,184.086,184.073,184.0795,0.013,1,1756982591,1756982591157,2025-09-04 11:43:20
9590,1.60959,1.60952,1.609555,0.00007,1,1756982590,1756982590735,2025-09-04 11:43:20
9591,0.93828,0.93818,0.93823,0.0001,1,1756982591,1756982591154,2025-09-04 11:43:20
9592,0.86683,0.86674,0.866785,0.00009,1,1756982591,1756982591157,2025-09-04 11:43:20
9593,172.707,172.704,172.7055,0.003,1,1756982590,1756982590972,2025-09-04 11:43:20
9594,1.16433,1.16431,1.16432,0.00002,1,1756982591,1756982591037,2025-09-04 11:43:20
9595,1.857,1.85687,1.856935,0.00013,1,1756982591,1756982591156,2025-09-04 11:43:20
9596,1.08249,1.08239,1.08244,0.0001,1,1756982591,1756982591156,2025-09-04 11:43:20
9597,199.255,199.245,199.25,0.01,1,1756982591,1756982591157,2025-09-04 11:43:20
9598,1.34333,1.34326,1.343295,0.00007,1,1756982591,1756982591052,2025-09-04 11:43:20
9599,1.38242,1.38236,1.38239,0.00006,1,1756982589,1756982589954,2025-09-04 11:43:20
9600,0.80582,0.80576,0.80579,0.00006,1,1756982590,1756982590506,2025-09-04 11:43:20
9601,148.333,148.328,148.3305,0.005,1,1756982591,1756982591054,2025-09-04 11:43:20
9602,0.90092,0.90085,0.900885,0.00007,1,1756982590,1756982590305,2025-09-04 11:43:20
9603,0.52519,0.52513,0.52516,0.00006,1,1756982591,1756982591099,2025-09-04 11:43:20
9604,96.669,96.663,96.666,0.006,1,1756982590,1756982590922,2025-09-04 11:43:20
9605,1.11276,1.11261,1.112685,0.00015,1,1756982590,1756982590572,2025-09-04 11:43:20
9606,0.65173,0.65167,0.6517,0.00006,1,1756982590,1756982590643,2025-09-04 11:43:20
9607,1.78667,1.78655,1.78661,0.00012,1,1756982590,1756982590733,2025-09-04 11:43:20
9608,1.98792,1.9877,1.98781,0.00022,1,1756982587,1756982587829,2025-09-04 11:43:10
9609,2.06131,2.06111,2.06121,0.0002,1,1756982591,1756982591155,2025-09-04 11:43:20
9610,2.29364,2.29331,2.293475,0.00033,1,1756982591,1756982591158,2025-09-04 11:43:20
9611,0.80973,0.80958,0.809655,0.00015,1,1756982589,1756982589994,2025-09-04 11:43:20
9612,0.472,0.4719,0.47195,0.0001,1,1756982590,1756982590366,2025-09-04 11:43:20
9613,86.882,86.872,86.877,0.01,1,1756982590,1756982590978,2025-09-04 11:43:20
9614,0.58578,0.58562,0.5857,0.00016,1,1756982591,1756982591051,2025-09-04 11:43:20
9615,40.995,40.958,40.9765,0.037,1,1756982591,1756982591059,2025-09-04 11:43:20
9616,0.018,-0.018,0.0,0.036,1,1756877643,1756877643296,2025-09-03 06:34:10
9617,0.018,-0.018,0.0,0.036,1,1756877643,1756877643296,2025-09-03 06:34:10
9619,112.729,112.693,112.711,0.036,1,1756982282,1756982282766,2025-09-04 11:38:10
9620,108.916,108.88,108.898,0.036,1,1741468383,1741468383922,2025-03-30 01:02:00
9621,112.729,112.693,112.711,0.036,1,1756982541,1756982541143,2025-09-04 11:42:30
9622,0.018,-0.018,0.0,0.036,1,1756877643,1756877643336,2025-09-03 06:34:10
9623,0.018,-0.018,0.0,0.036,1,1756877643,1756877643336,2025-09-03 06:34:10
9625,104.043,104.007,104.025,0.036,1,1756982550,1756982550272,2025-09-04 11:42:40
9626,103.493,103.457,103.475,0.036,1,1741468383,1741468383589,2025-03-30 01:02:00
9627,104.298,104.262,104.28,0.036,1,1756909681,1756909681422,2025-09-03 15:28:10
9628,0.02,-0.02,0.0,0.04,1,1756877643,1756877643338,2025-09-03 06:34:10
9629,0.02,-0.02,0.0,0.04,1,1756877643,1756877643338,2025-09-03 06:34:10
9631,115.301,115.261,115.281,0.04,1,1756982282,1756982282874,2025-09-04 11:38:10
9632,114.739,114.699,114.719,0.04,1,1741468383,1741468383922,2025-03-30 01:02:00
9633,114.85,114.81,114.83,0.04,1,1756982558,1756982558559,2025-09-04 11:42:40
9634,0.008,-0.008,0.0,0.016,1,1756877643,1756877643342,2025-09-03 06:34:10
9635,0.008,-0.008,0.0,0.016,1,1756877643,1756877643342,2025-09-03 06:34:10
9637,109.414,109.398,109.406,0.016,1,1756982549,1756982549639,2025-09-04 11:42:30
9638,106.129,106.113,106.121,0.016,1,1741468383,1741468383922,2025-03-30 01:02:00
9639,109.574,109.558,109.566,0.016,1,1756982549,1756982549043,2025-09-04 11:42:30
9640,0.0,0.0,0.0,0.0,1,1756877643,1756877643479,2025-09-03 06:34:10
9641,0.0,0.0,0.0,0.0,1,1756877643,1756877643479,2025-09-03 06:34:10
9643,8836.0,8833.0,8834.5,3.0,1,1756982479,1756982479557,2025-09-04 11:41:20
9644,8187.0,8179.0,8183.0,8.0,1,1741468383,1741468383923,2025-03-30 01:02:00
9645,0.0,0.0,0.0,0.0,1,1756877643,1756877643480,2025-09-03 06:34:10
9646,0.05,-0.05,0.0,0.1,1,1756877643,1756877643573,2025-09-03 06:34:10
9647,0.05,-0.05,0.0,0.1,1,1756877643,1756877643574,2025-09-03 06:34:10
9649,129.61,129.51,129.56,0.1,1,1756982565,1756982565556,2025-09-04 11:42:50
9650,134.45,134.35,134.4,0.1,1,1741468383,1741468383916,2025-03-30 01:02:00
9651,128.59,128.49,128.54,0.1,1,1756982584,1756982584218,2025-09-04 11:43:10
9652,1.5,-1.5,0.0,3.0,1,1756877643,1756877643617,2025-09-03 06:34:10
9653,1.5,-1.5,0.0,3.0,1,1756877643,1756877643617,2025-09-03 06:34:10
9654,1.5,-1.5,0.0,3.0,1,1756877643,1756877643618,2025-09-03 06:34:10
9655,1.5,-1.5,0.0,3.0,1,1756877643,1756877643618,2025-09-03 06:34:10
9656,1.5,-1.5,0.0,3.0,1,1756877643,1756877643618,2025-09-03 06:34:10
9657,0.0,0.0,0.0,0.0,1,1756877643,1756877643619,2025-09-03 06:34:10
9658,7824.6,7821.4,7823.0,3.2,1,1756877643,1756877643619,2025-09-03 06:34:10
9659,7866.6,7863.6,7865.1,3.0,1,1756877643,1756877643619,2025-09-03 06:34:10
9661,7726.7,7723.7,7725.2,3.0,1,1756982590,1756982590470,2025-09-04 11:43:20
9662,7610.3,7607.3,7608.8,3.0,1,1729295603,1729295603474,2025-03-30 01:02:00
9663,1.5,-1.5,0.0,3.0,1,1756877643,1756877643620,2025-09-03 06:34:10
9664,7312.0,7309.0,7310.5,3.0,1,1733706582,1733706582949,2025-03-30 01:02:00
9665,1.5,-1.5,0.0,3.0,1,1756877643,1756877643621,2025-09-03 06:34:10
9666,7297.5,7294.5,7296.0,3.0,1,1741468383,1741468383913,2025-03-30 01:02:00
9667,1.5,-1.5,0.0,3.0,1,1756877643,1756877643621,2025-09-03 06:34:10
9668,0.0,0.0,0.0,0.0,1,1756877643,1756877643690,2025-09-03 06:34:10
9669,0.0,0.0,0.0,0.0,1,1756877643,1756877643690,2025-09-03 06:34:10
9670,0.0,0.0,0.0,0.0,1,1756877643,1756877643690,2025-09-03 06:34:10
9671,0.0,0.0,0.0,0.0,1,1756877643,1756877643690,2025-09-03 06:34:10
9672,14019.9,14012.9,14016.4,7.0,1,1756877643,1756877643691,2025-09-03 06:34:10
9673,15399.0,14535.0,14967.0,864.0,1,1756877643,1756877643691,2025-09-03 06:34:10
9675,14591.9,14584.9,14588.4,7.0,1,1756982581,1756982581409,2025-09-04 11:43:10
9677,0.0,0.0,0.0,0.0,1,1756877643,1756877643691,2025-09-03 06:34:10
9678,13710.0,13625.0,13667.5,85.0,1,1741468383,1741468383913,2025-03-30 01:02:00
9679,14577.0,14568.0,14572.5,9.0,1,1756982575,1756982575652,2025-09-04 11:43:00
9680,1.55,-1.55,0.0,3.1,1,1756877643,1756877643757,2025-09-03 06:34:10
9681,1.55,-1.55,0.0,3.1,1,1756877643,1756877643757,2025-09-03 06:34:10
9683,23798.0,23794.9,23796.45,3.1,1,1756982590,1756982590471,2025-09-04 11:43:20
9684,20005.6,20002.5,20004.05,3.1,1,1741468383,1741468383916,2025-03-30 01:02:00
9685,23931.1,23928.0,23929.55,3.1,1,1756982573,1756982573503,2025-09-04 11:43:00
9686,1.5,-1.5,0.0,3.0,1,1756877643,1756877643817,2025-09-03 06:34:10
9687,1.5,-1.5,0.0,3.0,1,1756877643,1756877643817,2025-09-03 06:34:10
9689,45306.64,45303.64,45305.14,3.0,1,1756982590,1756982590408,2025-09-04 11:43:20
9690,42365.0,42362.0,42363.5,3.0,1,1741468383,1741468383923,2025-03-30 01:02:00
9691,45637.0,45634.0,45635.5,3.0,1,1756982585,1756982585229,2025-09-04 11:43:10
9692,1.0,-1.0,0.0,2.0,1,1756877643,1756877643832,2025-09-03 06:34:10
9693,1.0,-1.0,0.0,2.0,1,1756877643,1756877643833,2025-09-03 06:34:10
9695,23503.88,23501.88,23502.88,2.0,1,1756982590,1756982590631,2025-09-04 11:43:20
9696,21032.75,21030.75,21031.75,2.0,1,1741468383,1741468383916,2025-03-30 01:02:00
9697,23738.38,23736.38,23737.38,2.0,1,1756982587,1756982587076,2025-09-04 11:43:10
9698,0.0,0.0,0.0,0.0,1,1756877643,1756877643847,2025-09-03 06:34:10
9699,0.0,0.0,0.0,0.0,1,1756877643,1756877643847,2025-09-03 06:34:10
9700,0.0,0.0,0.0,0.0,1,1756877643,1756877643848,2025-09-03 06:34:10
9701,0.0,0.0,0.0,0.0,1,1756877643,1756877643848,2025-09-03 06:34:10
9702,0.0,0.0,0.0,0.0,1,1756877643,1756877643848,2025-09-03 06:34:10
9703,15232.0,15231.0,15231.5,1.0,1,1756877643,1756877643849,2025-09-03 06:34:10
9705,14898.0,14891.0,14894.5,7.0,1,1756982554,1756982554583,2025-09-04 11:42:40
9706,11427.0,11421.0,11424.0,6.0,1,1741468383,1741468383923,2025-03-30 01:02:00
9707,0.0,0.0,0.0,0.0,1,1756877643,1756877643849,2025-09-03 06:34:10
9708,0.25,-0.25,0.0,0.5,1,1756877643,1756877643850,2025-09-03 06:34:10
9709,0.55,-0.55,0.0,1.1,1,1756877643,1756877643850,2025-09-03 06:34:10
9711,6467.95,6466.85,6467.4,1.1,1,1756982585,1756982585182,2025-09-04 11:43:10
9712,5870.16,5869.06,5869.61,1.1,1,1741468383,1741468383916,2025-03-30 01:02:00
9713,6523.3,6522.2,6522.75,1.1,1,1756982589,1756982589562,2025-09-04 11:43:10
9714,1.55,-1.55,0.0,3.1,1,1756877643,1756877643891,2025-09-03 06:34:10
9715,1.55,-1.55,0.0,3.1,1,1756877643,1756877643891,2025-09-03 06:34:10
9717,5349.1,5346.0,5347.55,3.1,1,1756982583,1756982583000,2025-09-04 11:43:10
9718,4883.1,4880.0,4881.55,3.1,1,1741468383,1741468383589,2025-03-30 01:02:00
9719,5360.6,5357.5,5359.05,3.1,1,1756982472,1756982472819,2025-09-04 11:41:20
9720,6.0,-6.0,0.0,12.0,1,1756877643,1756877643924,2025-09-03 06:34:10
9721,6.0,-6.0,0.0,12.0,1,1756877643,1756877643924,2025-09-03 06:34:10
9723,41994.0,41982.0,41988.0,12.0,1,1756982527,1756982527363,2025-09-04 11:42:10
9724,33494.0,33482.0,33488.0,12.0,1,1741468383,1741468383923,2025-03-30 01:02:00
9725,41579.0,41567.0,41573.0,12.0,1,1756909463,1756909463666,2025-09-03 15:24:30
9726,1.55,-1.55,0.0,3.1,1,1756877643,1756877643927,2025-09-03 06:34:10
9727,1.55,-1.55,0.0,3.1,1,1756877643,1756877643928,2025-09-03 06:34:10
9729,9215.4,9212.3,9213.85,3.1,1,1756982590,1756982590967,2025-09-04 11:43:20
9730,8097.9,8094.8,8096.35,3.1,1,1741468383,1741468383913,2025-03-30 01:02:00
9731,9262.9,9259.8,9261.35,3.1,1,1756982583,1756982583170,2025-09-04 11:43:10
9732,0.0,0.0,0.0,0.0,1,1756877644,1756877644020,2025-09-03 06:34:10
9733,0.0,0.0,0.0,0.0,1,1756877644,1756877644020,2025-09-03 06:34:10
9734,0.0,0.0,0.0,0.0,1,1756877644,1756877644021,2025-09-03 06:34:10
9736,25011.3,24997.8,25004.55,13.5,1,1756982590,1756982590925,2025-09-04 11:43:20
9737,20404.0,20396.0,20400.0,8.0,1,1738444297,1738444297918,2025-03-30 01:02:00
9738,0.0,0.0,0.0,0.0,1,1756877644,1756877644021,2025-09-03 06:34:10
9739,19605.1,19588.6,19596.85,16.5,1,1738444297,1738444297858,2025-03-30 01:02:00
9740,0.0,0.0,0.0,0.0,1,1756877644,1756877644021,2025-09-03 06:34:10
9741,19901.5,19884.0,19892.75,17.5,1,1741468383,1741468383589,2025-03-30 01:02:00
9742,0.0,0.0,0.0,0.0,1,1756877644,1756877644021,2025-09-03 06:34:10
9743,6.0,-6.0,0.0,12.0,1,1756877644,1756877644195,2025-09-03 06:34:10
9744,6.0,-6.0,0.0,12.0,1,1756877644,1756877644195,2025-09-03 06:34:10
9746,42554.0,42542.0,42548.0,12.0,1,1756982580,1756982580171,2025-09-04 11:43:10
9747,39629.0,39617.0,39623.0,12.0,1,1741468383,1741468383913,2025-03-30 01:02:00
9748,42424.0,42412.0,42418.0,12.0,1,1756982587,1756982587571,2025-09-04 11:43:10
9749,0.225,-0.225,0.0,0.45,1,1756877644,1756877644347,2025-09-03 06:34:10
9750,0.225,-0.225,0.0,0.45,1,1756877644,1756877644347,2025-09-03 06:34:10
9751,0.225,-0.225,0.0,0.45,1,1756877644,1756877644347,2025-09-03 06:34:10
9752,0.225,-0.225,0.0,0.45,1,1756877644,1756877644348,2025-09-03 06:34:10
9753,430.78,430.33,430.555,0.45,1,1756877644,1756877644348,2025-09-03 06:34:10
9754,440.96,440.51,440.735,0.45,1,1756877644,1756877644348,2025-09-03 06:34:10
9756,445.38,444.93,445.155,0.45,1,1756982566,1756982566538,2025-09-04 11:42:50
9757,374.73,374.28,374.505,0.45,1,1741468383,1741468383915,2025-03-30 01:02:00
9758,443.38,442.93,443.155,0.45,1,1756888901,1756888901428,2025-09-03 09:41:50
9759,3.5,-3.5,0.0,7.0,1,1756877644,1756877644381,2025-09-03 06:34:10
9761,3.5,-3.5,0.0,7.0,1,1756877644,1756877644381,2025-09-03 06:34:10
9763,12394.47,12387.47,12390.97,7.0,1,1756982590,1756982590790,2025-09-04 11:43:20
9764,11418.89,11411.89,11415.39,7.0,1,1741468383,1741468383924,2025-03-30 01:02:00
9765,12399.0,12392.0,12395.5,7.0,1,1756982582,1756982582529,2025-09-04 11:43:10
9766,0.6,-0.6,0.0,1.2,1,1756877644,1756877644438,2025-09-03 06:34:10
9767,0.6,-0.6,0.0,1.2,1,1756877644,1756877644438,2025-09-03 06:34:10
9769,2360.57,2359.37,2359.97,1.2,1,1756982584,1756982584917,2025-09-04 11:43:10
9770,2221.55,2220.35,2220.95,1.2,1,1741468383,1741468383919,2025-03-30 01:02:00
9771,2378.7,2377.5,2378.1,1.2,1,1756982562,1756982562773,2025-09-04 11:42:50
9772,0.0375,-0.0375,0.0,0.075,1,1756877644,1756877644477,2025-09-03 06:34:10
9773,0.0375,-0.0375,0.0,0.075,1,1756877644,1756877644477,2025-09-03 06:34:10
9775,98.305,98.23,98.2675,0.075,1,1756982588,1756982588159,2025-09-04 11:43:10
9776,107.061,106.986,107.0235,0.075,1,1741468383,1741468383915,2025-03-30 01:02:00
9777,97.926,97.851,97.8885,0.075,1,1756982585,1756982585727,2025-09-04 11:43:10
9778,0.05,-0.05,0.0,0.1,1,1756877644,1756877644484,2025-09-03 06:34:10
9779,0.05,-0.05,0.0,0.1,1,1756877644,1756877644484,2025-09-03 06:34:10
9780,0.05,-0.05,0.0,0.1,1,1756877644,1756877644484,2025-09-03 06:34:10
9781,0.05,-0.05,0.0,0.1,1,1756877644,1756877644484,2025-09-03 06:34:10
9782,0.05,-0.05,0.0,0.1,1,1756877644,1756877644484,2025-09-03 06:34:10
9783,0.05,-0.05,0.0,0.1,1,1756877644,1756877644484,2025-09-03 06:34:10
9784,0.05,-0.05,0.0,0.1,1,1756877644,1756877644485,2025-09-03 06:34:10
9785,15.575,15.475,15.525,0.1,1,1756877644,1756877644485,2025-09-03 06:34:10
9787,17.125,17.025,17.075,0.1,1,1756982449,1756982449281,2025-09-04 11:40:50
9788,21.0,20.9,20.95,0.1,1,1738444297,1738444297919,2025-03-30 01:02:00
9789,0.05,-0.05,0.0,0.1,1,1756877644,1756877644486,2025-09-03 06:34:10
9790,16.324,16.224,16.274,0.1,1,1738444297,1738444297900,2025-03-30 01:02:00
9791,0.05,-0.05,0.0,0.1,1,1756877644,1756877644486,2025-09-03 06:34:10
9792,15.424,15.324,15.374,0.1,1,1741468383,1741468383919,2025-03-30 01:02:00
9793,20.6,20.5,20.55,0.1,1,1756982449,1756982449306,2025-09-04 11:40:50
9794,5.0,-5.0,0.0,10.0,1,1756877643,1756877643597,2025-09-03 06:34:10
9795,5.0,-5.0,0.0,10.0,1,1756877643,1756877643598,2025-09-03 06:34:10
9796,5.0,-5.0,0.0,10.0,1,1756877643,1756877643599,2025-09-03 06:34:10
9797,5.0,-5.0,0.0,10.0,1,1756877643,1756877643599,2025-09-03 06:34:10
9798,5.0,-5.0,0.0,10.0,1,1756877643,1756877643600,2025-09-03 06:34:10
9799,5.0,-5.0,0.0,10.0,1,1756877643,1756877643601,2025-09-03 06:34:10
9800,115403.0,115393.0,115398.0,10.0,1,1756877643,1756877643601,2025-09-03 06:34:10
9803,65285.0,65275.0,65280.0,10.0,1,1729942739,1729942739509,2025-03-30 01:02:00
9804,98348.0,98338.0,98343.0,10.0,1,1733573027,1733573027980,2025-03-30 01:02:00
9805,102698.0,102688.0,102693.0,10.0,1,1741468383,1741468383591,2025-03-30 01:02:00
9806,0.75,-0.75,0.0,1.5,1,1756877643,1756877643857,2025-09-03 06:34:10
9807,0.75,-0.75,0.0,1.5,1,1756877643,1756877643857,2025-09-03 06:34:10
9808,0.75,-0.75,0.0,1.5,1,1756877643,1756877643858,2025-09-03 06:34:10
9809,0.75,-0.75,0.0,1.5,1,1756877643,1756877643858,2025-09-03 06:34:10
9810,0.75,-0.75,0.0,1.5,1,1756877643,1756877643859,2025-09-03 06:34:10
9811,0.75,-0.75,0.0,1.5,1,1756877643,1756877643860,2025-09-03 06:34:10
9812,3678.75,3677.25,3678.0,1.5,1,1756877643,1756877643861,2025-09-03 06:34:10
9815,2547.75,2546.25,2547.0,1.5,1,1729929184,1729929184178,2025-03-30 01:02:00
9816,3629.25,3627.75,3628.5,1.5,1,1732892402,1732892402607,2025-03-30 01:02:00
9817,3179.25,3177.75,3178.5,1.5,1,1741468383,1741468383592,2025-03-30 01:02:00
9818,108730.0,108720.0,108725.0,10.0,1,1756877643,1756877643602,2025-09-03 06:34:10
9819,111505.0,111495.0,111500.0,10.0,1,1756982590,1756982590814,2025-09-04 11:43:20
9820,112340.0,112330.0,112335.0,10.0,1,1756982581,1756982581760,2025-09-04 11:43:10
9821,113020.0,113010.0,113015.0,10.0,1,1756982582,1756982582891,2025-09-04 11:43:10
9822,5.0,-5.0,0.0,10.0,1,1756877643,1756877643605,2025-09-03 06:34:10
9823,4299.75,4298.25,4299.0,1.5,1,1756877643,1756877643861,2025-09-03 06:34:10
9824,4441.75,4440.25,4441.0,1.5,1,1756982590,1756982590734,2025-09-04 11:43:20
9825,4477.25,4475.75,4476.5,1.5,1,1756982586,1756982586508,2025-09-04 11:43:10
9826,4508.0,4506.5,4507.25,1.5,1,1756982585,1756982585424,2025-09-04 11:43:10
9827,0.75,-0.75,0.0,1.5,1,1756877643,1756877643863,2025-09-03 06:34:10
9828,4.2778,4.2648,4.2713,0.013,1,1745941679,1745941679911,2025-04-29 15:48:00
9831,3.9192,3.9173,3.91825,0.0019,1,1756982590,1756982590687,2025-09-04 11:43:20
9839,18.58,18.58,18.58,0.0,1,1729766586,1729766586492,2025-03-30 01:02:00
9848,68.57,68.5,68.535,0.07,1,1729766469,1729766469819,2025-03-30 01:02:00
9890,82.0,81.4,81.7,0.6,1,1783006024,1783006024396,2026-07-02 15:27:06
9892,81.43,81.41,81.42,0.02,1,1784129406,1784129406067,2026-07-15 15:30:11
9894,23.63,23.52,23.575,0.11,1,1745941679,1745941679851,2025-04-29 15:48:00
9895,149.94,149.72,149.83,0.22,1,1745941662,1745941662250,2025-04-29 15:48:00
9896,85.66,85.61,85.635,0.05,1,1745940641,1745940641124,2025-04-29 15:31:00
9898,15.55,15.41,15.48,0.14,1,1745941562,1745941562455,2025-04-29 15:47:00
9900,16.4,16.25,16.325,0.15,1,1745941352,1745941352165,2025-04-29 15:43:00
9901,1.06,1.05,1.055,0.01,1,1745939464,1745939464057,2025-04-29 15:12:00
9902,19.03,18.89,18.96,0.14,1,1744848349,1744848349478,2025-04-20 02:58:00
9903,4.1,4.09,4.095,0.01,1,1745940023,1745940023082,2025-04-29 15:21:00
9904,68.58,68.53,68.555,0.05,1,1745941671,1745941671113,2025-04-29 15:48:00
9905,29.35,29.26,29.305,0.09,1,1745941394,1745941394107,2025-04-29 15:44:00
9906,17.21,17.2,17.205,0.01,1,1745941624,1745941624316,2025-04-29 15:48:00
9907,13.79,13.78,13.785,0.01,1,1745941644,1745941644126,2025-04-29 15:48:00
9908,136.58,136.36,136.47,0.22,1,1745941678,1745941678138,2025-04-29 15:48:00
9909,11.93,11.74,11.835,0.19,1,1745941627,1745941627855,2025-04-29 15:48:00
9910,12.6,12.5,12.55,0.1,1,1745940928,1745940928554,2025-04-29 15:36:00
9911,21.68,21.67,21.675,0.01,1,1745941627,1745941627655,2025-04-29 15:48:00
9912,201.17,201.06,201.115,0.11,1,1745941658,1745941658055,2025-04-29 15:48:00
9913,46.7,46.65,46.675,0.05,1,1745941672,1745941672434,2025-04-29 15:48:00
9914,2.61,2.6,2.605,0.01,1,1745939470,1745939470662,2025-04-29 15:12:00
9915,53.44,53.43,53.435,0.01,1,1745941578,1745941578324,2025-04-29 15:47:00
9916,32.36,32.18,32.27,0.18,1,1745941620,1745941620561,2025-04-29 15:48:00
9917,7.2,7.1,7.15,0.1,1,1745941678,1745941678467,2025-04-29 15:48:00
9918,19.21,18.38,18.795,0.83,1,1745929636,1745929636310,2025-04-29 12:28:00
9919,55.45,55.1,55.275,0.35,1,1744848349,1744848349465,2025-04-20 02:58:00
9921,0.0,0.0,0.0,0.0,1,1764201641,1764201641653,2025-11-27 00:00:42
9922,26.72,26.67,26.695,0.05,1,1784145518,1784145518199,2026-07-15 19:58:38
9923,14.937,14.936,14.9365,0.001,1,1745941679,1745941679600,2025-04-29 15:48:00
9924,113.1,112.7,112.9,0.4,1,1784129293,1784129293321,2026-07-15 15:28:14
9925,7571.36,7569.36,7570.36,2.0,1,1745941679,1745941679178,2025-04-29 15:48:00
10190,157.0,156.65,156.825,0.35,1,1784145515,1784145515087,2026-07-15 19:58:38
10191,178.37,178.13,178.25,0.24,1,1784145543,1784145543816,2026-07-15 19:59:08
10192,50.83,50.71,50.77,0.12,1,1784145547,1784145547722,2026-07-15 19:59:08
10193,8.47,8.28,8.375,0.19,1,1784145548,1784145548334,2026-07-15 19:59:08
10194,1.01,1.0,1.005,0.01,1,1784135891,1784135891433,2026-07-15 17:18:11
10195,15.96,15.86,15.91,0.1,1,1784145523,1784145523743,2026-07-15 19:58:47
10196,50.03,49.98,50.005,0.05,1,1784145547,1784145547382,2026-07-15 19:59:08
10197,412.04,411.25,411.645,0.79,1,1784145544,1784145544372,2026-07-15 19:59:05
10198,204.16,203.87,204.015,0.29,1,1784145547,1784145547508,2026-07-15 19:59:08
10199,224.3,223.62,223.96,0.68,1,1784145539,1784145539252,2026-07-15 19:58:59
10200,81.26,81.1,81.18,0.16,1,1784145536,1784145536358,2026-07-15 19:58:56
10201,195.95,195.8,195.875,0.15,1,1784145527,1784145527274,2026-07-15 19:58:50
10213,79.28,79.24,79.26,0.04,1,1784145548,1784145548003,2026-07-15 19:59:08
10217,47.04375,47.03726,47.040505,0.00649,1,1784151326,1784151326973,2026-07-15 21:35:29
10220,514.23,513.74,513.985,0.49,1,1784146477,1784146477146,2026-07-15 20:14:41
10221,294.05,293.64,293.845,0.41,1,1784146521,1784146521299,2026-07-15 20:15:23
10222,2034.03,2001.47,2017.75,32.56,1,1784096633,1784096633558,2026-07-15 06:23:53
10223,0.204,0.201,0.2025,0.003,1,1778584487,1778584487515,2026-05-12 11:14:48
10224,5.354,5.316,5.335,0.038,1,1778584497,1778584497663,2026-05-12 11:15:03
10225,87.458,87.062,87.26,0.396,1,1778584497,1778584497464,2026-05-12 11:15:00
10227,40.557,40.082,40.3195,0.475,1,1778584492,1778584492384,2026-05-12 11:14:57
10228,134.8,133.6,134.2,1.2,1,1778584496,1778584496748,2026-05-12 11:14:57
10229,30.901,30.789,30.845,0.112,1,1778584483,1778584483655,2026-05-12 11:14:45
10230,0.351,0.346,0.3485,0.005,1,1778584498,1778584498096,2026-05-12 11:15:03
10231,8.256,8.234,8.245,0.022,1,1778584481,1778584481519,2026-05-12 11:14:42
10232,14.592,14.488,14.54,0.104,1,1778544034,1778544034388,2026-05-12 00:00:36
10233,30.133,30.076,30.1045,0.057,1,1778584499,1778584499087,2026-05-12 11:15:03
10234,74.251,73.999,74.125,0.252,1,1778584478,1778584478077,2026-05-12 11:14:39
10235,8.597,8.572,8.5845,0.025,1,1778584496,1778584496849,2026-05-12 11:15:00
10236,2.452,2.437,2.4445,0.015,1,1778584497,1778584497262,2026-05-12 11:15:00
10237,22.756,22.684,22.72,0.072,1,1778584493,1778584493908,2026-05-12 11:14:54
10238,1.182,1.168,1.175,0.014,1,1778584497,1778584497976,2026-05-12 11:15:03
10239,2.203,2.187,2.195,0.016,1,1778584500,1778584500005,2026-05-12 11:15:03
10240,8.628,8.573,8.6005,0.055,1,1778584497,1778584497369,2026-05-12 11:15:00
10241,3.854,3.836,3.845,0.018,1,1778584418,1778584418175,2026-05-12 11:13:42
10242,2.362,2.347,2.3545,0.015,1,1778584492,1778584492491,2026-05-12 11:14:54
10243,9.257,9.224,9.2405,0.033,1,1778584499,1778584499288,2026-05-12 11:15:00
10244,9.108,9.032,9.07,0.076,1,1778584491,1778584491071,2026-05-12 11:14:57
10245,0.0,0.0,0.0,0.0,1,1778544034,1778544034447,2026-05-12 00:00:36
10246,57.992,57.858,57.925,0.134,1,1778584499,1778584499093,2026-05-12 11:15:00
10247,48.934,48.495,48.7145,0.439,1,1778584487,1778584487315,2026-05-12 11:14:48
10248,0.314,0.311,0.3125,0.003,1,1778584497,1778584497164,2026-05-12 11:15:00
10249,10.138,10.112,10.125,0.026,1,1778584485,1778584485997,2026-05-12 11:14:48
10250,1.813,1.798,1.8055,0.015,1,1778584490,1778584490565,2026-05-12 11:14:51
10251,42.98,42.569,42.7745,0.411,1,1778584490,1778584490967,2026-05-12 11:14:57
10252,23.838,23.782,23.81,0.056,1,1778584497,1778584497870,2026-05-12 11:15:00
10253,3.204,3.186,3.195,0.018,1,1778584498,1778584498376,2026-05-12 11:15:03
10254,12.94,12.74,12.84,0.2,1,1778584493,1778584493001,2026-05-12 11:14:54
10255,140.205,139.946,140.0755,0.259,1,1778584499,1778584499397,2026-05-12 11:15:00
10256,26.116,26.084,26.1,0.032,1,1778584499,1778584499702,2026-05-12 11:15:00
10257,1.492,1.478,1.485,0.014,1,1778584494,1778584494215,2026-05-12 11:14:57
10258,37.208,36.993,37.1005,0.215,1,1778584499,1778584499085,2026-05-12 11:15:03
10259,31.693,31.587,31.64,0.106,1,1778584486,1778584486396,2026-05-12 11:14:51
10260,23.826,23.785,23.8055,0.041,1,1778584498,1778584498274,2026-05-12 11:15:00
10261,15.181,15.088,15.1345,0.093,1,1778584494,1778584494410,2026-05-12 11:15:00
10262,23.84,23.791,23.8155,0.049,1,1778584482,1778584482336,2026-05-12 11:14:45
10263,48.918,48.762,48.84,0.156,1,1778584484,1778584484062,2026-05-12 11:14:45
10264,87.362,87.138,87.25,0.224,1,1778584488,1778584488428,2026-05-12 11:14:51
10265,1.933,1.918,1.9255,0.015,1,1778584497,1778584497369,2026-05-12 11:15:00
10266,26.319,26.061,26.19,0.258,1,1778584453,1778584453816,2026-05-12 11:14:15
10267,22.016,21.884,21.95,0.132,1,1778584497,1778584497053,2026-05-12 11:15:03
10268,29.103,28.987,29.045,0.116,1,1778584494,1778584494721,2026-05-12 11:15:00
10269,62.496,62.203,62.3495,0.293,1,1778584498,1778584498273,2026-05-12 11:15:03
10270,40.71,40.489,40.5995,0.221,1,1778584497,1778584497369,2026-05-12 11:15:00
10271,28.623,28.567,28.595,0.056,1,1778584497,1778584497667,2026-05-12 11:15:00
10272,315.631,314.868,315.2495,0.763,1,1778584499,1778584499808,2026-05-12 11:15:03
10273,9.358,9.312,9.335,0.046,1,1778584495,1778584495842,2026-05-12 11:15:00
10274,13.53,13.499,13.5145,0.031,1,1778584499,1778584499497,2026-05-12 11:15:00
10275,0.824,0.819,0.8215,0.005,1,1778584497,1778584497051,2026-05-12 11:15:03
10276,213.071,210.889,211.98,2.182,1,1778584481,1778584481627,2026-05-12 11:14:42
10277,32.024,31.966,31.995,0.058,1,1778584495,1778584495537,2026-05-12 11:14:57
10278,90.054,89.645,89.8495,0.409,1,1778584472,1778584472488,2026-05-12 11:14:36
10279,13.572,13.548,13.56,0.024,1,1778584495,1778584495840,2026-05-12 11:15:00
10280,0.447,0.444,0.4455,0.003,1,1778584466,1778584466095,2026-05-12 11:14:27
10281,0.0,0.0,0.0,0.0,1,1778544034,1778544034699,2026-05-12 00:00:36
10282,2.312,2.298,2.305,0.014,1,1778584466,1778584466297,2026-05-12 11:14:27
10283,7.776,7.744,7.76,0.032,1,1778584492,1778584492291,2026-05-12 11:14:54
10284,1.212,1.198,1.205,0.014,1,1778584478,1778584478274,2026-05-12 11:14:39
10285,6.106,6.085,6.0955,0.021,1,1778584484,1778584484162,2026-05-12 11:14:45
10286,1.402,1.388,1.395,0.014,1,1778584497,1778584497256,2026-05-12 11:15:00
10287,2.202,2.187,2.1945,0.015,1,1778584496,1778584496749,2026-05-12 11:15:00
10288,89.967,89.444,89.7055,0.523,1,1778584493,1778584493402,2026-05-12 11:14:54
10289,11.109,11.02,11.0645,0.089,1,1778584499,1778584499700,2026-05-12 11:15:03
10290,34.526,34.025,34.2755,0.501,1,1778584497,1778584497359,2026-05-12 11:15:00
10291,18.714,18.616,18.665,0.098,1,1778584498,1778584498993,2026-05-12 11:15:00
10292,9.449,9.372,9.4105,0.077,1,1778584488,1778584488027,2026-05-12 11:14:48
10293,34.715,34.494,34.6045,0.221,1,1778584477,1778584477975,2026-05-12 11:14:42
10294,0.991,0.985,0.988,0.006,1,1778584362,1778584362416,2026-05-12 11:12:48
10295,20.896,20.814,20.855,0.082,1,1778584499,1778584499291,2026-05-12 11:15:03
10296,29.302,29.229,29.2655,0.073,1,1778584497,1778584497259,2026-05-12 11:15:00
10297,0.809,0.804,0.8065,0.005,1,1778584487,1778584487416,2026-05-12 11:14:48
10298,225.034,223.866,224.45,1.168,1,1778584498,1778584498070,2026-05-12 11:15:00
10299,42.632,42.279,42.4555,0.353,1,1778584461,1778584461220,2026-05-12 11:14:24
10300,0.414,0.41,0.412,0.004,1,1778584464,1778584464567,2026-05-12 11:14:27
10301,77.053,76.578,76.8155,0.475,1,1778584484,1778584484258,2026-05-12 11:14:45
10302,55.465,54.974,55.2195,0.491,1,1778584444,1778584444174,2026-05-12 11:14:09
10303,7.075,7.054,7.0645,0.021,1,1778584499,1778584499807,2026-05-12 11:15:03
10304,146.605,145.985,146.295,0.62,1,1778584497,1778584497666,2026-05-12 11:15:00
10305,11.949,11.91,11.9295,0.039,1,1778584495,1778584495937,2026-05-12 11:14:57
10306,21.466,21.334,21.4,0.132,1,1778584490,1778584490169,2026-05-12 11:14:51
10307,4.605,4.586,4.5955,0.019,1,1778584401,1778584401341,2026-05-12 11:13:24
10308,7.787,7.764,7.7755,0.023,1,1778584499,1778584499804,2026-05-12 11:15:00
10309,101.574,101.227,101.4005,0.347,1,1778584489,1778584489755,2026-05-12 11:14:51
10310,29.523,29.447,29.485,0.076,1,1778584499,1778584499910,2026-05-12 11:15:00
10311,360.232,355.758,357.995,4.474,1,1778584475,1778584475951,2026-05-12 11:14:39
10312,28.461,28.379,28.42,0.082,1,1778584498,1778584498883,2026-05-12 11:15:03
10313,0.893,0.885,0.889,0.008,1,1778584495,1778584495124,2026-05-12 11:14:57
10314,196.132,194.868,195.5,1.264,1,1778584453,1778584453911,2026-05-12 11:14:18
10315,35.728,35.652,35.69,0.076,1,1778584499,1778584499910,2026-05-12 11:15:03
10316,45.766,45.664,45.715,0.102,1,1778584499,1778584499701,2026-05-12 11:15:00
10317,9.408,9.382,9.395,0.026,1,1778584499,1778584499189,2026-05-12 11:15:00
10318,7.406,7.375,7.3905,0.031,1,1778584499,1778584499499,2026-05-12 11:15:00
10319,1.673,1.657,1.665,0.016,1,1778584499,1778584499194,2026-05-12 11:15:03
10320,0.473,0.469,0.471,0.004,1,1778584432,1778584432386,2026-05-12 11:13:54
10321,1.732,1.707,1.7195,0.025,1,1778584495,1778584495832,2026-05-12 11:15:00
10322,203.63,203.269,203.4495,0.361,1,1778584498,1778584498272,2026-05-12 11:15:03
10323,5.946,5.924,5.935,0.022,1,1778584480,1778584480312,2026-05-12 11:14:42
10324,686.488,684.562,685.525,1.926,1,1778584402,1778584402654,2026-05-12 11:13:24
10325,2.823,2.786,2.8045,0.037,1,1778584473,1778584473099,2026-05-12 11:14:39
10326,5.525,5.495,5.51,0.03,1,1778584493,1778584493705,2026-05-12 11:14:54
10327,49.186,48.974,49.08,0.212,1,1778584483,1778584483141,2026-05-12 11:14:48
10328,22.767,22.663,22.715,0.104,1,1778584488,1778584488228,2026-05-12 11:14:54
10329,38.619,38.47,38.5445,0.149,1,1778584499,1778584499600,2026-05-12 11:15:03
10330,2.022,2.007,2.0145,0.015,1,1778584474,1778584474622,2026-05-12 11:14:39
10331,688.261,686.539,687.4,1.722,1,1778584499,1778584499396,2026-05-12 11:15:00
10332,33.425,33.365,33.395,0.06,1,1778584496,1778584496853,2026-05-12 11:14:57
10333,0.632,0.627,0.6295,0.005,1,1778584495,1778584495025,2026-05-12 11:14:57
10334,1.543,1.527,1.535,0.016,1,1778584490,1778584490566,2026-05-12 11:14:51
10335,23.569,23.521,23.545,0.048,1,1778584498,1778584498687,2026-05-12 11:15:00
10336,1.813,1.798,1.8055,0.015,1,1778584498,1778584498273,2026-05-12 11:15:00
10337,14.0,13.97,13.985,0.03,1,1778584499,1778584499192,2026-05-12 11:15:03
10338,5.694,5.655,5.6745,0.039,1,1778584497,1778584497256,2026-05-12 11:15:00
10339,4.694,4.676,4.685,0.018,1,1778584499,1778584499598,2026-05-12 11:15:00
10340,58.027,57.662,57.8445,0.365,1,1778584497,1778584497660,2026-05-12 11:15:00
10341,5.144,5.096,5.12,0.048,1,1778584494,1778584494620,2026-05-12 11:14:57
10342,10.288,10.251,10.2695,0.037,1,1778584499,1778584499394,2026-05-12 11:15:03
10343,7.136,7.113,7.1245,0.023,1,1778584499,1778584499699,2026-05-12 11:15:03
10344,10.128,10.112,10.12,0.016,1,1778584496,1778584496345,2026-05-12 11:14:57
10345,11.31,11.25,11.28,0.06,1,1778584492,1778584492383,2026-05-12 11:14:57
10346,3.733,3.716,3.7245,0.017,1,1778584497,1778584497256,2026-05-12 11:15:03
10347,11.809,11.75,11.7795,0.059,1,1778584497,1778584497464,2026-05-12 11:15:00
10348,17.864,17.785,17.8245,0.079,1,1778584497,1778584497870,2026-05-12 11:15:00
10349,267.185,265.646,266.4155,1.539,1,1778584493,1778584493808,2026-05-12 11:14:54
10350,22.978,22.933,22.9555,0.045,1,1778584495,1778584495839,2026-05-12 11:14:57
10351,8.446,8.423,8.4345,0.023,1,1778584496,1778584496649,2026-05-12 11:15:00
10352,34.827,34.573,34.7,0.254,1,1778584491,1778584491472,2026-05-12 11:14:57
10353,660.497,651.603,656.05,8.894,1,1778584496,1778584496544,2026-05-12 11:14:57
10354,16.752,16.648,16.7,0.104,1,1778584488,1778584488228,2026-05-12 11:14:51
10355,98.063,97.637,97.85,0.426,1,1778584499,1778584499087,2026-05-12 11:15:03
10356,97.771,97.528,97.6495,0.243,1,1778584499,1778584499398,2026-05-12 11:15:00
10357,0.291,0.286,0.2885,0.005,1,1778584484,1778584484667,2026-05-12 11:14:45
10358,13.299,12.992,13.1455,0.307,1,1778584497,1778584497053,2026-05-12 11:15:00
10359,318.71,317.79,318.25,0.92,1,1778584491,1778584491371,2026-05-12 11:14:54
10360,5.985,5.965,5.975,0.02,1,1778584496,1778584496542,2026-05-12 11:14:57
10361,11.359,11.292,11.3255,0.067,1,1778584497,1778584497563,2026-05-12 11:15:00
10362,266.2,264.8,265.5,1.4,1,1778578645,1778578645328,2026-05-12 09:37:27
10363,273.2,271.7,272.45,1.5,1,1778578795,1778578795599,2026-05-12 09:40:00
10364,258.0,256.0,257.0,2.0,1,1778578797,1778578797700,2026-05-12 09:40:03
10365,387.2,385.8,386.5,1.4,1,1778578403,1778578403138,2026-05-12 09:33:24
10366,41.0,40.5,40.75,0.5,1,1778578704,1778578704725,2026-05-12 09:38:27
10367,71.9,70.0,70.95,1.9,1,1778578779,1778578779167,2026-05-12 09:39:42
10368,992.0,986.0,989.0,6.0,1,1778578589,1778578589489,2026-05-12 09:36:30
10369,279.0,276.0,277.5,3.0,1,1778578064,1778578064596,2026-05-12 09:27:45
10370,189.1,187.9,188.5,1.2,1,1778578548,1778578548749,2026-05-12 09:35:51
10371,0.0,0.0,0.0,0.0,1,1778544034,1778544034695,2026-05-12 00:00:36
10372,759.5,757.5,758.5,2.0,1,1778578724,1778578724813,2026-05-12 09:38:48
10373,495.0,492.0,493.5,3.0,1,1778578078,1778578078813,2026-05-12 09:28:03
10374,189.2,186.7,187.95,2.5,1,1778577910,1778577910076,2026-05-12 09:25:12
10375,445.0,438.0,441.5,7.0,1,1778577457,1778577457467,2026-05-12 09:17:39
10376,136.1,133.9,135.0,2.2,1,1778578655,1778578655357,2026-05-12 09:37:36
10377,653.4,649.6,651.5,3.8,1,1778578431,1778578431864,2026-05-12 09:33:54
10378,1800.0,1792.0,1796.0,8.0,1,1778578423,1778578423755,2026-05-12 09:33:45
10379,97.0,96.4,96.7,0.6,1,1778578636,1778578636882,2026-05-12 09:37:21
10380,418.0,414.0,416.0,4.0,1,1778578767,1778578767524,2026-05-12 09:39:33
10381,396.2,394.7,395.45,1.5,1,1778578461,1778578461714,2026-05-12 09:34:27
10382,0.0,0.0,0.0,0.0,1,1778544034,1778544034375,2026-05-12 00:00:36
10383,119.2,115.9,117.55,3.3,1,1778578628,1778578628170,2026-05-12 09:37:09
10384,97.6,96.6,97.1,1.0,1,1778578711,1778578711513,2026-05-12 09:38:33
10385,310.0,307.0,308.5,3.0,1,1778575656,1778575656416,2026-05-12 08:47:39
10386,131.1,129.9,130.5,1.2,1,1778578712,1778578712934,2026-05-12 09:38:33
10387,490.0,486.0,488.0,4.0,1,1778578647,1778578647553,2026-05-12 09:37:30
10388,0.0,0.0,0.0,0.0,1,1778544034,1778544034681,2026-05-12 00:00:36
10389,36.3,36.0,36.15,0.3,1,1778578584,1778578584925,2026-05-12 09:36:27
10390,538.0,532.0,535.0,6.0,1,1778578632,1778578632832,2026-05-12 09:37:18
10391,800.0,740.0,770.0,60.0,1,1778576604,1778576604536,2026-05-12 09:03:27
10392,863.0,858.0,860.5,5.0,1,1778578795,1778578795140,2026-05-12 09:40:00
10393,425.0,424.0,424.5,1.0,1,1778578227,1778578227599,2026-05-12 09:30:30
10394,96.1,95.5,95.8,0.6,1,1778578454,1778578454656,2026-05-12 09:34:15
10395,1349.0,1198.0,1273.5,151.0,1,1778576924,1778576924881,2026-05-12 09:08:45
10396,337.0,333.0,335.0,4.0,1,1778578215,1778578215406,2026-05-12 09:30:18
10397,484.0,479.0,481.5,5.0,1,1778577186,1778577186273,2026-05-12 09:13:09
10398,76.1,75.0,75.55,1.1,1,1778578399,1778578399886,2026-05-12 09:33:24
10399,133.1,131.9,132.5,1.2,1,1778578790,1778578790959,2026-05-12 09:39:51
10400,52.4,51.8,52.1,0.6,1,1778578797,1778578797272,2026-05-12 09:40:00
10401,79.3,78.8,79.05,0.5,1,1778578767,1778578767416,2026-05-12 09:39:33
10402,125.2,123.9,124.55,1.3,1,1778578769,1778578769856,2026-05-12 09:39:30
10403,143.2,139.9,141.55,3.3,1,1778577844,1778577844199,2026-05-12 09:24:06
10404,137.0,133.0,135.0,4.0,1,1778577924,1778577924892,2026-05-12 09:25:27
10405,105.0,104.0,104.5,1.0,1,1778574273,1778574273944,2026-05-12 08:24:36
10406,248.0,245.0,246.5,3.0,1,1778578503,1778578503221,2026-05-12 09:35:09
10407,169.0,168.0,168.5,1.0,1,1778574960,1778574960565,2026-05-12 08:36:03
10408,131.1,129.9,130.5,1.2,1,1778578732,1778578732628,2026-05-12 09:38:54
10409,359.0,356.0,357.5,3.0,1,1778573917,1778573917148,2026-05-12 08:18:39
10410,265.0,264.0,264.5,1.0,1,1778578138,1778578138158,2026-05-12 09:29:00
10411,637.0,633.0,635.0,4.0,1,1778578290,1778578290250,2026-05-12 09:31:33
10412,470.0,468.0,469.0,2.0,1,1778578456,1778578456371,2026-05-12 09:34:18
10413,88.1,87.2,87.65,0.9,1,1778578793,1778578793440,2026-05-12 09:39:54
10414,132.1,130.8,131.45,1.3,1,1778578722,1778578722376,2026-05-12 09:38:45
10415,85.0,84.3,84.65,0.7,1,1778578545,1778578545493,2026-05-12 09:35:51
10416,283.0,276.0,279.5,7.0,1,1778575709,1778575709769,2026-05-12 08:48:33
10417,194.2,192.9,193.55,1.3,1,1778578796,1778578796875,2026-05-12 09:39:57
10418,157.1,152.9,155.0,4.2,1,1778575334,1778575334220,2026-05-12 08:42:15
10419,147.2,145.8,146.5,1.4,1,1778578797,1778578797274,2026-05-12 09:40:00
10420,293.0,292.0,292.5,1.0,1,1778578576,1778578576189,2026-05-12 09:36:21
10421,263.0,262.0,262.5,1.0,1,1778577071,1778577071298,2026-05-12 09:11:12
10422,605.0,589.0,597.0,16.0,1,1778578232,1778578232727,2026-05-12 09:30:33
10423,122.2,119.8,121.0,2.4,1,1778578753,1778578753936,2026-05-12 09:39:18
10424,183.3,179.7,181.5,3.6,1,1778577858,1778577858005,2026-05-12 09:24:21
10425,0.0,0.0,0.0,0.0,1,1778544034,1778544034926,2026-05-12 00:00:36
10426,113.1,111.9,112.5,1.2,1,1778578659,1778578659009,2026-05-12 09:37:42
10427,0.776,0.772,0.774,0.004,1,1778579995,1778579995574,2026-05-12 09:59:57
10428,3.883,3.846,3.8645,0.037,1,1778579987,1778579987954,2026-05-12 09:59:48
10429,0.674,0.669,0.6715,0.005,1,1778579928,1778579928293,2026-05-12 09:58:54
10430,2.844,2.831,2.8375,0.013,1,1778579920,1778579920085,2026-05-12 09:58:42
10431,13.45,13.42,13.435,0.03,1,1778579828,1778579828249,2026-05-12 09:57:09
10432,2.171,2.166,2.1685,0.005,1,1778579998,1778579998615,2026-05-12 10:00:00
10433,2.334,2.32,2.327,0.014,1,1778577427,1778577427109,2026-05-12 09:17:09
10434,0.793,0.79,0.7915,0.003,1,1778579955,1778579955300,2026-05-12 09:59:18
10435,1.339,1.331,1.335,0.008,1,1778579996,1778579996379,2026-05-12 09:59:57
10436,2.384,2.373,2.3785,0.011,1,1778579991,1778579991908,2026-05-12 09:59:54
10437,4.313,4.298,4.3055,0.015,1,1778579999,1778579999533,2026-05-12 10:00:00
10438,1.192,1.18,1.186,0.012,1,1778579590,1778579590072,2026-05-12 09:53:15
10439,2.693,2.682,2.6875,0.011,1,1778579901,1778579901612,2026-05-12 09:58:27
10440,3.55,3.537,3.5435,0.013,1,1778579989,1778579989268,2026-05-12 09:59:51
10441,4.154,4.141,4.1475,0.013,1,1778579998,1778579998313,2026-05-12 10:00:00
10442,0.889,0.883,0.886,0.006,1,1778579992,1778579992318,2026-05-12 09:59:57
10443,2.174,2.168,2.171,0.006,1,1778579998,1778579998510,2026-05-12 10:00:00
10444,2.176,2.167,2.1715,0.009,1,1778579966,1778579966048,2026-05-12 09:59:30
10445,12.2,12.17,12.185,0.03,1,1778579996,1778579996689,2026-05-12 09:59:57
10446,2.816,2.799,2.8075,0.017,1,1778579988,1778579988660,2026-05-12 09:59:51
10447,2.007,1.999,2.003,0.008,1,1778579981,1778579981766,2026-05-12 09:59:45
10448,5.281,5.259,5.27,0.022,1,1778579866,1778579866197,2026-05-12 09:57:51
10449,0.576,0.57,0.573,0.006,1,1778579995,1778579995484,2026-05-12 10:00:00
10450,5.536,5.494,5.515,0.042,1,1778579981,1778579981565,2026-05-12 09:59:42
10451,2.342,2.324,2.333,0.018,1,1778579989,1778579989874,2026-05-12 09:59:51
10452,1.188,1.183,1.1855,0.005,1,1778579996,1778579996992,2026-05-12 10:00:00
10453,4.338,4.327,4.3325,0.011,1,1778579992,1778579992722,2026-05-12 09:59:54
10454,13.45,13.41,13.43,0.04,1,1778579993,1778579993836,2026-05-12 09:59:57
10455,1.491,1.487,1.489,0.004,1,1778579994,1778579994646,2026-05-12 09:59:57
10456,2.333,2.297,2.315,0.036,1,1778579047,1778579047074,2026-05-12 09:44:09
10457,0.851,0.831,0.841,0.02,1,1778579991,1778579991505,2026-05-12 09:59:57
10458,1.72,1.708,1.714,0.012,1,1778579999,1778579999028,2026-05-12 10:00:00
10459,14.6,14.56,14.58,0.04,1,1778579761,1778579761259,2026-05-12 09:56:03
10460,10.77,10.71,10.74,0.06,1,1778579055,1778579055605,2026-05-12 09:44:21
10461,14.14,14.11,14.125,0.03,1,1778579962,1778579962907,2026-05-12 09:59:27
10462,1.651,1.618,1.6345,0.033,1,1778579990,1778579990895,2026-05-12 09:59:51
10463,2.245,2.236,2.2405,0.009,1,1778579990,1778579990595,2026-05-12 09:59:54
10464,2.19,2.182,2.186,0.008,1,1778579930,1778579930736,2026-05-12 09:58:51
10465,11.33,11.24,11.285,0.09,1,1778579998,1778579998613,2026-05-12 10:00:03
10466,22.19,22.12,22.155,0.07,1,1778579996,1778579996080,2026-05-12 09:59:57
10467,8.709,8.68,8.6945,0.029,1,1778579998,1778579998110,2026-05-12 10:00:03
10468,17.77,17.59,17.68,0.18,1,1778579991,1778579991298,2026-05-12 09:59:54
10469,2.843,2.833,2.838,0.01,1,1778579989,1778579989477,2026-05-12 09:59:54
10470,10.42,10.38,10.4,0.04,1,1778579633,1778579633972,2026-05-12 09:53:57
10471,1.453,1.448,1.4505,0.005,1,1778579852,1778579852085,2026-05-12 09:57:33
10472,0.852,0.849,0.8505,0.003,1,1778579987,1778579987337,2026-05-12 09:59:48
10473,2.674,2.664,2.669,0.01,1,1778579992,1778579992010,2026-05-12 09:59:54
10474,1.582,1.573,1.5775,0.009,1,1778579732,1778579732651,2026-05-12 09:55:33
10475,14.71,14.66,14.685,0.05,1,1778579990,1778579990791,2026-05-12 09:59:54
10476,5.01,4.96,4.985,0.05,1,1778583531,1778583531694,2026-05-12 10:58:57
10477,1.414,1.391,1.4025,0.023,1,1778583483,1778583483285,2026-05-12 10:58:09
10478,0.97,0.94,0.955,0.03,1,1778583300,1778583300847,2026-05-12 10:55:03
10479,0.29,0.26,0.275,0.03,1,1778583596,1778583596270,2026-05-12 10:59:57
10480,1.29,1.26,1.275,0.03,1,1778583300,1778583300845,2026-05-12 10:55:06
10481,1.416,1.39,1.403,0.026,1,1778583500,1778583500221,2026-05-12 10:58:21
10482,1.79,1.75,1.77,0.04,1,1778583571,1778583571944,2026-05-12 10:59:36
10483,9.26,9.09,9.175,0.17,1,1778572800,1778572800416,2026-05-12 08:00:03
10484,0.8,0.77,0.785,0.03,1,1784110333,1784110333747,2026-07-15 10:12:14
10485,0.255,0.222,0.2385,0.033,1,1778583404,1778583404498,2026-05-12 10:56:48
10486,2.8,2.75,2.775,0.05,1,1778583440,1778583440851,2026-05-12 10:57:24
10487,1.49,1.45,1.47,0.04,1,1778583377,1778583377628,2026-05-12 10:56:18
10488,3.71,3.66,3.685,0.05,1,1784112343,1784112343751,2026-07-15 10:45:47
10489,7.29,7.25,7.27,0.04,1,1778583589,1778583589475,2026-05-12 10:59:51
10490,0.41,0.393,0.4015,0.017,1,1778583502,1778583502050,2026-05-12 10:58:24
10491,2.04,1.99,2.015,0.05,1,1778583435,1778583435472,2026-05-12 10:57:18
10492,0.47,0.43,0.45,0.04,1,1778583300,1778583300850,2026-05-12 10:55:06
10493,13.54,13.47,13.505,0.07,1,1784113157,1784113157500,2026-07-15 10:59:17
10494,11.56,11.49,11.525,0.07,1,1784113195,1784113195382,2026-07-15 10:59:59
10495,28.41,28.21,28.31,0.2,1,1778583505,1778583505298,2026-05-12 10:58:27
10496,11.22,11.15,11.185,0.07,1,1778583401,1778583401350,2026-05-12 10:56:45
10497,2.17,2.12,2.145,0.05,1,1778583301,1778583301050,2026-05-12 10:55:03
10498,1.63,1.61,1.62,0.02,1,1778583320,1778583320818,2026-05-12 10:55:24
10499,2.18,2.15,2.165,0.03,1,1778583338,1778583338348,2026-05-12 10:55:42
10500,2.79,2.73,2.76,0.06,1,1778583473,1778583473035,2026-05-12 10:57:57
10501,0.723,0.709,0.716,0.014,1,1778583548,1778583548536,2026-05-12 10:59:12
10502,0.22,0.18,0.2,0.04,1,1778583346,1778583346667,2026-05-12 10:55:48
10503,2.72,2.67,2.695,0.05,1,1778583321,1778583321007,2026-05-12 10:55:24
10504,2.1,1.97,2.035,0.13,1,1778582664,1778582664804,2026-05-12 10:44:27
10505,5.41,5.36,5.385,0.05,1,1778583585,1778583585123,2026-05-12 10:59:48
10506,0.57,0.54,0.555,0.03,1,1778583300,1778583300445,2026-05-12 10:55:03
10507,5.68,5.64,5.66,0.04,1,1778583566,1778583566988,2026-05-12 10:59:30
10508,0.219,0.205,0.212,0.014,1,1778583372,1778583372279,2026-05-12 10:56:18
10509,1.13,1.1,1.115,0.03,1,1778583575,1778583575697,2026-05-12 10:59:36
10510,3.17,3.11,3.14,0.06,1,1778583301,1778583301054,2026-05-12 10:55:03
10511,1.68,1.65,1.665,0.03,1,1778583301,1778583301047,2026-05-12 10:55:03
10512,0.91,0.87,0.89,0.04,1,1778583599,1778583599115,2026-05-12 11:00:03
10513,3.43,3.39,3.41,0.04,1,1778583556,1778583556950,2026-05-12 10:59:18
10514,0.665,0.631,0.648,0.034,1,1784112301,1784112301343,2026-07-15 10:45:02
10515,0.68,0.65,0.665,0.03,1,1778582686,1778582686625,2026-05-12 10:44:51
10516,4.18,4.18,4.18,0.0,1,1784112356,1784112356437,2026-07-15 10:45:59
10517,6.02,6.02,6.02,0.0,1,1784112328,1784112328630,2026-07-15 10:45:29
10518,3.54,3.54,3.54,0.0,1,1784112356,1784112356436,2026-07-15 10:45:56
10519,6.44,6.44,6.44,0.0,1,1784112319,1784112319219,2026-07-15 10:45:20
10520,13.88,13.78,13.83,0.1,1,1778583497,1778583497177,2026-05-12 10:58:21
10521,20.22,19.93,20.075,0.29,1,1778583569,1778583569417,2026-05-12 10:59:30
10522,2.35,2.3,2.325,0.05,1,1778583536,1778583536761,2026-05-12 10:58:57
10523,4.38,4.28,4.33,0.1,1,1778583597,1778583597899,2026-05-12 11:00:00
10524,5.24,5.17,5.205,0.07,1,1778583306,1778583306122,2026-05-12 10:55:12
10525,1.86,1.81,1.835,0.05,1,1778583590,1778583590790,2026-05-12 10:59:51
10526,0.39,0.36,0.375,0.03,1,1778583351,1778583351333,2026-05-12 10:55:54
10527,7.69,7.59,7.64,0.1,1,1778582692,1778582692713,2026-05-12 10:44:54
10528,5.62,4.69,5.155,0.93,1,1778544034,1778544034338,2026-05-12 00:00:36
10529,8.52,8.34,8.43,0.18,1,1778583532,1778583532607,2026-05-12 10:58:57
10530,3.53,3.53,3.53,0.0,1,1778583300,1778583300547,2026-05-12 10:55:06
10531,2.32,2.08,2.2,0.24,1,1778580511,1778580511861,2026-05-12 10:08:33
10532,0.95,0.9,0.925,0.05,1,1778582134,1778582134844,2026-05-12 10:35:36
10533,1.95,1.95,1.95,0.0,1,1778583307,1778583307331,2026-05-12 10:55:09
10534,8.16,8.16,8.16,0.0,1,1784112351,1784112351561,2026-07-15 10:45:56
10535,1.0,0.96,0.98,0.04,1,1778583300,1778583300546,2026-05-12 10:55:03
10536,7.3,7.22,7.26,0.08,1,1778583554,1778583554007,2026-05-12 10:59:15
10537,1.85,1.8,1.825,0.05,1,1778583562,1778583562832,2026-05-12 10:59:27
10538,3.19,3.15,3.17,0.04,1,1778583544,1778583544184,2026-05-12 10:59:09
10539,8.27,8.22,8.245,0.05,1,1778583311,1778583311177,2026-05-12 10:55:12
10540,1.19,1.16,1.175,0.03,1,1778583530,1778583530080,2026-05-12 10:58:51
10541,2.86,2.79,2.825,0.07,1,1778582693,1778582693121,2026-05-12 10:44:54
10542,2.53,2.5,2.515,0.03,1,1778583475,1778583475671,2026-05-12 10:57:57
10543,1.09,1.05,1.07,0.04,1,1778583483,1778583483790,2026-05-12 10:58:06
10544,3.66,3.63,3.645,0.03,1,1778582004,1778582004409,2026-05-12 10:33:27
10545,0.92,0.904,0.912,0.016,1,1784112286,1784112286570,2026-07-15 10:44:50
10546,22.98,22.22,22.6,0.76,1,1778582751,1778582751886,2026-05-12 10:45:54
10547,3.13,3.1,3.115,0.03,1,1778582687,1778582687334,2026-05-12 10:44:48
10548,12.89,12.89,12.89,0.0,1,1778582720,1778582720015,2026-05-12 10:45:21
10549,19.0,18.94,18.97,0.06,1,1778583394,1778583394872,2026-05-12 10:56:36
10550,1.15,1.11,1.13,0.04,1,1778583586,1778583586031,2026-05-12 10:59:48
10551,0.447,0.437,0.442,0.01,1,1778583417,1778583417059,2026-05-12 10:57:00
10552,2.7,2.65,2.675,0.05,1,1784113110,1784113110889,2026-07-15 10:58:35
10553,17.1,16.73,16.915,0.37,1,1778583569,1778583569417,2026-05-12 10:59:33
10554,10.88,10.85,10.865,0.03,1,1778583307,1778583307636,2026-05-12 10:55:12
10555,1.11,1.07,1.09,0.04,1,1778583300,1778583300134,2026-05-12 10:55:03
10556,1.24,1.18,1.21,0.06,1,1778568684,1778568684713,2026-05-12 06:51:27
10557,390.65,389.75,390.2,0.9,1,1778583314,1778583314115,2026-05-12 10:55:15
10558,1.45,1.42,1.435,0.03,1,1778572209,1778572209469,2026-05-12 07:50:12
10559,1.87,1.81,1.84,0.06,1,1778583408,1778583408959,2026-05-12 10:56:51
10560,1.02,0.98,1.0,0.04,1,1778583386,1778583386451,2026-05-12 10:56:27
10561,0.264,0.25,0.257,0.014,1,1778583561,1778583561825,2026-05-12 10:59:27
10562,3.06,3.0,3.03,0.06,1,1778583550,1778583550358,2026-05-12 10:59:12
10563,2.94,2.91,2.925,0.03,1,1778583310,1778583310874,2026-05-12 10:55:12
10564,19.78,19.75,19.765,0.03,1,1778583300,1778583300540,2026-05-12 10:55:06
10565,1.69,1.66,1.675,0.03,1,1778582482,1778582482175,2026-05-12 10:41:27
10566,7.35,7.35,7.35,0.0,1,1778583306,1778583306724,2026-05-12 10:55:12
10567,0.91,0.89,0.9,0.02,1,1778569200,1778569200927,2026-05-12 07:00:03
10568,3.4,3.35,3.375,0.05,1,1778583556,1778583556236,2026-05-12 10:59:18
10569,2.13,2.07,2.1,0.06,1,1778583591,1778583591608,2026-05-12 10:59:54
10570,2.41,2.38,2.395,0.03,1,1778583311,1778583311490,2026-05-12 10:55:12
10571,1.054,1.032,1.043,0.022,1,1778582722,1778582722546,2026-05-12 10:45:27
10572,2.37,2.37,2.37,0.0,1,1778583306,1778583306723,2026-05-12 10:55:09
10573,1.68,1.66,1.67,0.02,1,1778582295,1778582295119,2026-05-12 10:38:18
10574,2.88,2.84,2.86,0.04,1,1778583405,1778583405815,2026-05-12 10:56:48
10575,0.66,0.61,0.635,0.05,1,1778573778,1778573778195,2026-05-12 08:16:21
10576,1.33,1.29,1.31,0.04,1,1778580835,1778580835166,2026-05-12 10:13:57
10577,1.91,1.87,1.89,0.04,1,1778583310,1778583310881,2026-05-12 10:55:12
10578,182.64,182.16,182.4,0.48,1,1778587198,1778587198576,2026-05-12 12:00:00
10579,19.17,19.09,19.13,0.08,1,1778587189,1778587189328,2026-05-12 11:59:51
10580,15.46,15.4,15.43,0.06,1,1778587199,1778587199275,2026-05-12 12:00:03
10581,98.6,98.2,98.4,0.4,1,1778587195,1778587195623,2026-05-12 11:59:57
10582,24.55,24.47,24.51,0.08,1,1778587199,1778587199074,2026-05-12 12:00:00
10583,48.88,48.76,48.82,0.12,1,1778587190,1778587190849,2026-05-12 11:59:54
10584,23.57,23.5,23.535,0.07,1,1778587198,1778587198564,2026-05-12 12:00:00
10585,93.42,93.18,93.3,0.24,1,1778587196,1778587196024,2026-05-12 12:00:00
10586,59.5,59.34,59.42,0.16,1,1778587199,1778587199172,2026-05-12 12:00:00
10587,66.52,66.33,66.425,0.19,1,1778587198,1778587198965,2026-05-12 12:00:00
10588,28.31,28.19,28.25,0.12,1,1778587182,1778587182530,2026-05-12 11:59:45
10589,80.73,80.38,80.555,0.35,1,1778587199,1778587199794,2026-05-12 12:00:00
10590,10.33,10.28,10.305,0.05,1,1778587192,1778587192363,2026-05-12 11:59:54
10591,16.7,16.6,16.65,0.1,1,1778587199,1778587199480,2026-05-12 12:00:03
10592,136.61,136.19,136.4,0.42,1,1778587190,1778587190645,2026-05-12 11:59:54
10593,10.98,10.93,10.955,0.05,1,1778587189,1778587189223,2026-05-12 11:59:51
10594,1.95,1.91,1.93,0.04,1,1778587199,1778587199688,2026-05-12 12:00:00
10595,5.96,5.93,5.945,0.03,1,1778587199,1778587199069,2026-05-12 12:00:00
10596,27.37,27.26,27.315,0.11,1,1778587198,1778587198874,2026-05-12 12:00:03
10597,2.17,2.12,2.145,0.05,1,1778587193,1778587193278,2026-05-12 11:59:54
10598,5.99,5.93,5.96,0.06,1,1778587197,1778587197441,2026-05-12 12:00:03
10599,14.92,14.86,14.89,0.06,1,1778587185,1778587185481,2026-05-12 11:59:51
10600,11.22,11.17,11.195,0.05,1,1778587191,1778587191355,2026-05-12 11:59:57
10601,21.07,20.88,20.975,0.19,1,1778587197,1778587197344,2026-05-12 12:00:00
10602,13.91,13.85,13.88,0.06,1,1778587197,1778587197443,2026-05-12 12:00:00
10603,104.39,104.1,104.245,0.29,1,1778587199,1778587199077,2026-05-12 12:00:03
10604,12.48,12.42,12.45,0.06,1,1778587197,1778587197749,2026-05-12 12:00:00
10605,1.85,1.82,1.835,0.03,1,1778587197,1778587197039,2026-05-12 12:00:00
10606,133.53,133.17,133.35,0.36,1,1778587188,1778587188006,2026-05-12 11:59:51
10607,6.39,6.35,6.37,0.04,1,1778587160,1778587160636,2026-05-12 11:59:24
10608,68.01,67.85,67.93,0.16,1,1778587192,1778587192571,2026-05-12 11:59:54
10609,25.5,25.42,25.46,0.08,1,1778587197,1778587197341,2026-05-12 12:00:00
10610,44.82,44.7,44.76,0.12,1,1778587186,1778587186991,2026-05-12 11:59:48
10611,5.13,5.09,5.11,0.04,1,1778587191,1778587191762,2026-05-12 11:59:54
10612,15.45,15.38,15.415,0.07,1,1778587185,1778587185264,2026-05-12 11:59:48
10613,8.99,8.95,8.97,0.04,1,1778587196,1778587196428,2026-05-12 11:59:57
10614,188.74,188.05,188.395,0.69,1,1778587199,1778587199279,2026-05-12 12:00:03
10615,8.24,8.19,8.215,0.05,1,1778587173,1778587173104,2026-05-12 11:59:36
10616,10.7,10.62,10.66,0.08,1,1778587195,1778587195414,2026-05-12 12:00:00
10617,2.6,2.57,2.585,0.03,1,1778587199,1778587199677,2026-05-12 12:00:00
10618,41.31,41.17,41.24,0.14,1,1778587193,1778587193791,2026-05-12 11:59:54
10619,10.45,10.35,10.4,0.1,1,1778587197,1778587197646,2026-05-12 12:00:00
10620,42.04,41.93,41.985,0.11,1,1778587196,1778587196425,2026-05-12 11:59:57
10621,14.8,14.68,14.74,0.12,1,1778587191,1778587191662,2026-05-12 11:59:57
10622,24.54,24.48,24.51,0.06,1,1778587187,1778587187498,2026-05-12 11:59:48
10623,8.54,8.5,8.52,0.04,1,1778587199,1778587199485,2026-05-12 12:00:00
10624,15.85,15.77,15.81,0.08,1,1778586727,1778586727960,2026-05-12 11:52:09
10625,25.31,25.24,25.275,0.07,1,1778587177,1778587177567,2026-05-12 11:59:39
10626,115.31,115.0,115.155,0.31,1,1778587195,1778587195006,2026-05-12 11:59:57
10627,14.64,14.58,14.61,0.06,1,1778587196,1778587196225,2026-05-12 11:59:57
10628,8.18,8.15,8.165,0.03,1,1778587197,1778587197845,2026-05-12 12:00:00
10629,4.54,4.51,4.525,0.03,1,1778587196,1778587196632,2026-05-12 11:59:57
10630,11.13,11.07,11.1,0.06,1,1778587179,1778587179192,2026-05-12 11:59:42
10631,9.85,9.81,9.83,0.04,1,1778587127,1778587127886,2026-05-12 11:58:48
10632,4.83,4.8,4.815,0.03,1,1778587168,1778587168725,2026-05-12 11:59:30
10633,5.81,5.78,5.795,0.03,1,1778587198,1778587198461,2026-05-12 12:00:00
10634,120.9,120.59,120.745,0.31,1,1778587190,1778587190552,2026-05-12 11:59:51
10635,8.8,8.75,8.775,0.05,1,1778587196,1778587196738,2026-05-12 11:59:57
10636,5.89,5.85,5.87,0.04,1,1778587190,1778587190648,2026-05-12 11:59:51
10637,44.5,44.35,44.425,0.15,1,1778587199,1778587199479,2026-05-12 12:00:00
10638,125.11,124.69,124.9,0.42,1,1778587198,1778587198270,2026-05-12 12:00:00
10639,6.96,6.9,6.93,0.06,1,1778587198,1778587198658,2026-05-12 12:00:00
10640,6.36,6.32,6.34,0.04,1,1778587197,1778587197242,2026-05-12 12:00:03
10641,1.87,1.83,1.85,0.04,1,1778587199,1778587199784,2026-05-12 12:00:00
10642,10.62,10.59,10.605,0.03,1,1778587198,1778587198563,2026-05-12 12:00:03
10643,21.17,21.1,21.135,0.07,1,1778587192,1778587192467,2026-05-12 11:59:54
10644,3.54,3.5,3.52,0.04,1,1778587188,1778587188314,2026-05-12 11:59:51
10645,8.32,8.28,8.3,0.04,1,1778587196,1778587196425,2026-05-12 12:00:00
10646,23.29,23.2,23.245,0.09,1,1778587196,1778587196635,2026-05-12 11:59:57
10647,17.09,17.03,17.06,0.06,1,1778587199,1778587199576,2026-05-12 12:00:03
10648,86.33,86.08,86.205,0.25,1,1778587196,1778587196734,2026-05-12 12:00:00
10649,227.17,226.62,226.895,0.55,1,1778587191,1778587191964,2026-05-12 11:59:54
10650,44.12,43.91,44.015,0.21,1,1778587198,1778587198275,2026-05-12 12:00:03
10651,7.23,7.19,7.21,0.04,1,1778587199,1778587199274,2026-05-12 12:00:00
10652,10.95,10.88,10.915,0.07,1,1778587175,1778587175341,2026-05-12 11:59:36
10653,18.43,18.36,18.395,0.07,1,1778587198,1778587198273,2026-05-12 12:00:00
10654,12.51,12.46,12.485,0.05,1,1778587177,1778587177773,2026-05-12 11:59:39
10655,53.05,52.8,52.925,0.25,1,1778587193,1778587193886,2026-05-12 11:59:54
10656,57.94,57.67,57.805,0.27,1,1778587199,1778587199575,2026-05-12 12:00:00
10657,2.19,2.15,2.17,0.04,1,1778587196,1778587196128,2026-05-12 12:00:00
10658,11.52,11.48,11.5,0.04,1,1778587199,1778587199483,2026-05-12 12:00:00
10659,35.05,34.89,34.97,0.16,1,1778587199,1778587199576,2026-05-12 12:00:00
10660,5.95,5.9,5.925,0.05,1,1778587199,1778587199174,2026-05-12 12:00:03
10661,19.56,19.47,19.515,0.09,1,1778587199,1778587199167,2026-05-12 12:00:03
10662,25.21,25.07,25.14,0.14,1,1778587192,1778587192267,2026-05-12 11:59:57
10663,43.51,43.39,43.45,0.12,1,1778587199,1778587199800,2026-05-12 12:00:03
10664,0.0,0.0,0.0,0.0,1,1778544034,1778544034520,2026-05-12 00:00:36
10665,5.05,5.0,5.025,0.05,1,1778587198,1778587198873,2026-05-12 12:00:00
10666,9.73,9.68,9.705,0.05,1,1778587189,1778587189531,2026-05-12 11:59:51
10667,174.76,174.15,174.455,0.61,1,1778587199,1778587199379,2026-05-12 12:00:00
10668,0.0,0.0,0.0,0.0,1,1778544034,1778544034590,2026-05-12 00:00:36
10669,18.27,18.17,18.22,0.1,1,1778587196,1778587196428,2026-05-12 11:59:57
10670,12.14,12.09,12.115,0.05,1,1778587199,1778587199800,2026-05-12 12:00:00
10671,139.12,138.68,138.9,0.44,1,1778587197,1778587197849,2026-05-12 12:00:03
10672,17.5,17.43,17.465,0.07,1,1778587199,1778587199480,2026-05-12 12:00:03
10673,113.11,112.79,112.95,0.32,1,1778587199,1778587199074,2026-05-12 12:00:03
10674,5.49,5.45,5.47,0.04,1,1778587169,1778587169854,2026-05-12 11:59:30
10675,90.49,90.11,90.3,0.38,1,1778587194,1778587194598,2026-05-12 11:59:57
10676,196.26,195.55,195.905,0.71,1,1778587197,1778587197037,2026-05-12 12:00:00
10677,9.73,9.68,9.705,0.05,1,1784113202,1784113202837,2026-07-15 11:00:08
10678,30.86,30.76,30.81,0.1,1,1778587180,1778587180403,2026-05-12 11:59:42
10679,64.42,64.23,64.325,0.19,1,1778587199,1778587199378,2026-05-12 12:00:00
10680,25.4,25.29,25.345,0.11,1,1778587196,1778587196633,2026-05-12 12:00:00
10681,16.49,16.44,16.465,0.05,1,1778587199,1778587199279,2026-05-12 12:00:00
10682,678.45,677.05,677.75,1.4,1,1778587199,1778587199277,2026-05-12 12:00:03
10683,96.99,96.66,96.825,0.33,1,1778587197,1778587197343,2026-05-12 12:00:03
10684,35.68,35.44,35.56,0.24,1,1778587197,1778587197343,2026-05-12 12:00:03
10685,28.03,27.94,27.985,0.09,1,1778587166,1778587166807,2026-05-12 11:59:30
10686,53.0,52.7,52.85,0.3,1,1778587198,1778587198574,2026-05-12 12:00:00
10687,2.48,2.44,2.46,0.04,1,1778587196,1778587196429,2026-05-12 12:00:00
10688,30.01,26.97,28.49,3.04,1,1778587117,1778587117235,2026-05-12 11:58:39
10689,4.02,3.97,3.995,0.05,1,1778587199,1778587199577,2026-05-12 12:00:00
10690,78.82,78.47,78.645,0.35,1,1778587190,1778587190559,2026-05-12 11:59:51
10691,21.62,20.92,21.27,0.7,1,1778587157,1778587157182,2026-05-12 11:59:18
10692,3.79,3.75,3.77,0.04,1,1778587174,1778587174628,2026-05-12 11:59:36
10693,28.8,28.6,28.7,0.2,1,1778587199,1778587199275,2026-05-12 12:00:03
10694,11.12,11.07,11.095,0.05,1,1778587179,1778587179708,2026-05-12 11:59:42
10695,31.59,31.51,31.55,0.08,1,1778587196,1778587196537,2026-05-12 11:59:57
10696,15.43,15.35,15.39,0.08,1,1778587197,1778587197039,2026-05-12 12:00:03
10697,37.44,34.72,36.08,2.72,1,1778544034,1778544034854,2026-05-12 00:00:36
10698,12.88,12.82,12.85,0.06,1,1778587199,1778587199175,2026-05-12 12:00:00
10699,15.36,15.3,15.33,0.06,1,1778587199,1778587199478,2026-05-12 12:00:00
10700,4.89,4.83,4.86,0.06,1,1778587187,1778587187505,2026-05-12 11:59:51
10701,11.21,11.14,11.175,0.07,1,1778587184,1778587184554,2026-05-12 11:59:48
10702,156.62,156.17,156.395,0.45,1,1778587149,1778587149278,2026-05-12 11:59:15
10703,8.58,8.53,8.555,0.05,1,1778587198,1778587198160,2026-05-12 12:00:03
10704,11.77,11.7,11.735,0.07,1,1778587199,1778587199097,2026-05-12 12:00:00
10705,10.88,10.82,10.85,0.06,1,1778587183,1778587183445,2026-05-12 11:59:45
10706,11.02,10.48,10.75,0.54,1,1778587164,1778587164986,2026-05-12 11:59:27
10707,10.45,10.37,10.41,0.08,1,1778587189,1778587189324,2026-05-12 11:59:54
10708,11.28,11.21,11.245,0.07,1,1778587199,1778587199276,2026-05-12 12:00:00
10709,81.07,80.88,80.975,0.19,1,1778587190,1778587190549,2026-05-12 11:59:51
10710,11.65,11.17,11.41,0.48,1,1778586158,1778586158662,2026-05-12 11:42:39
10711,123.1,122.6,122.85,0.5,1,1778587197,1778587197441,2026-05-12 12:00:00
10712,36.65,36.48,36.565,0.17,1,1778587199,1778587199786,2026-05-12 12:00:00
10713,66.16,65.95,66.055,0.21,1,1778587199,1778587199479,2026-05-12 12:00:00
10714,25.12,25.05,25.085,0.07,1,1778587195,1778587195728,2026-05-12 11:59:57
10715,34.56,34.44,34.5,0.12,1,1778587194,1778587194091,2026-05-12 11:59:57
10716,3.52,3.47,3.495,0.05,1,1778587186,1778587186689,2026-05-12 11:59:48
10717,10.38,10.26,10.32,0.12,1,1778587178,1778587178170,2026-05-12 11:59:42
10718,6.2,6.17,6.185,0.03,1,1778587199,1778587199084,2026-05-12 12:00:00
10719,77.73,77.52,77.625,0.21,1,1778587198,1778587198971,2026-05-12 12:00:00
10720,8.88,8.79,8.835,0.09,1,1778587197,1778587197143,2026-05-12 12:00:00
10721,14.42,14.36,14.39,0.06,1,1778587198,1778587198768,2026-05-12 12:00:03
10722,34.74,31.09,32.915,3.65,1,1778586967,1778586967020,2026-05-12 11:56:09
10723,15.64,15.57,15.605,0.07,1,1778587191,1778587191967,2026-05-12 11:59:54
10724,18.76,18.69,18.725,0.07,1,1778587192,1778587192978,2026-05-12 11:59:54
10725,42.54,42.4,42.47,0.14,1,1778587196,1778587196932,2026-05-12 11:59:57
10726,65.96,65.74,65.85,0.22,1,1778587196,1778587196637,2026-05-12 11:59:57
10727,42.43,38.99,40.71,3.44,1,1778586120,1778586120933,2026-05-12 11:42:06
10728,4.58,4.53,4.555,0.05,1,1778587188,1778587188011,2026-05-12 11:59:51
10729,4.11,4.07,4.09,0.04,1,1778586847,1778586847714,2026-05-12 11:54:09
10730,99.14,98.81,98.975,0.33,1,1778587190,1778587190555,2026-05-12 11:59:51
10731,5.94,5.91,5.925,0.03,1,1778587188,1778587188106,2026-05-12 11:59:51
10732,0.0,0.0,0.0,0.0,1,1778544035,1778544035007,2026-05-12 00:00:36
10733,54.34,54.06,54.2,0.28,1,1778587197,1778587197646,2026-05-12 12:00:00
10734,23.03,22.93,22.98,0.1,1,1778587197,1778587197647,2026-05-12 12:00:00
10735,17.42,17.36,17.39,0.06,1,1778587193,1778587193382,2026-05-12 11:59:54
10736,14.63,14.54,14.585,0.09,1,1778587184,1778587184154,2026-05-12 11:59:45
10737,100.5,100.0,100.25,0.5,1,1778587197,1778587197949,2026-05-12 12:00:00
10738,12.07,12.01,12.04,0.06,1,1778587171,1778587171982,2026-05-12 11:59:36
10739,38.21,38.13,38.17,0.08,1,1778587193,1778587193610,2026-05-12 11:59:54
10740,119.4,118.9,119.15,0.5,1,1778587197,1778587197038,2026-05-12 12:00:03
10741,9.93,9.88,9.905,0.05,1,1778587197,1778587197645,2026-05-12 12:00:03
10742,13.84,13.77,13.805,0.07,1,1778587189,1778587189429,2026-05-12 11:59:51
10743,7.03,6.97,7.0,0.06,1,1778587196,1778587196225,2026-05-12 11:59:57
10744,15.31,15.24,15.275,0.07,1,1778587199,1778587199578,2026-05-12 12:00:03
10745,7.13,7.09,7.11,0.04,1,1778587187,1778587187503,2026-05-12 11:59:48
10746,39.17,39.07,39.12,0.1,1,1778587195,1778587195618,2026-05-12 11:59:57
10747,44.84,44.72,44.78,0.12,1,1778587190,1778587190545,2026-05-12 11:59:51
10748,20.86,20.78,20.82,0.08,1,1778587196,1778587196534,2026-05-12 11:59:57
10749,151.91,151.38,151.645,0.53,1,1778587198,1778587198968,2026-05-12 12:00:03
10750,16.03,15.95,15.99,0.08,1,1778587196,1778587196024,2026-05-12 11:59:57
10751,25.96,25.87,25.915,0.09,1,1778587194,1778587194597,2026-05-12 11:59:57
10752,13.51,13.44,13.475,0.07,1,1778587195,1778587195208,2026-05-12 12:00:00
10753,5.02,4.97,4.995,0.05,1,1778587196,1778587196427,2026-05-12 11:59:57
10754,118.0,117.69,117.845,0.31,1,1778587197,1778587197150,2026-05-12 12:00:03
10755,61.2,61.05,61.125,0.15,1,1778587197,1778587197947,2026-05-12 12:00:00
10756,145.81,145.38,145.595,0.43,1,1778587198,1778587198050,2026-05-12 12:00:03
10757,13.24,13.17,13.205,0.07,1,1778587197,1778587197751,2026-05-12 12:00:00
10758,10.59,10.54,10.565,0.05,1,1778587193,1778587193276,2026-05-12 11:59:57
10759,44.98,44.86,44.92,0.12,1,1778587197,1778587197651,2026-05-12 12:00:00
10760,27.92,27.83,27.875,0.09,1,1778587199,1778587199782,2026-05-12 12:00:00
10761,16.9,16.84,16.87,0.06,1,1778587198,1778587198875,2026-05-12 12:00:00
10762,34.17,34.06,34.115,0.11,1,1778587199,1778587199889,2026-05-12 12:00:00
10763,5.96,5.91,5.935,0.05,1,1778587199,1778587199071,2026-05-12 12:00:03
10764,26.57,26.49,26.53,0.08,1,1778587196,1778587196536,2026-05-12 12:00:00
10765,25.9,25.79,25.845,0.11,1,1778587199,1778587199786,2026-05-12 12:00:00
10766,7.65,7.61,7.63,0.04,1,1778587192,1778587192367,2026-05-12 11:59:54
10767,21.68,21.59,21.635,0.09,1,1778587199,1778587199783,2026-05-12 12:00:00
10768,15.81,15.74,15.775,0.07,1,1778587186,1778587186995,2026-05-12 11:59:48
10769,5.28,5.23,5.255,0.05,1,1778587198,1778587198564,2026-05-12 12:00:03
10770,14.42,14.36,14.39,0.06,1,1778587199,1778587199885,2026-05-12 12:00:00
10771,15.66,15.59,15.625,0.07,1,1778587198,1778587198771,2026-05-12 12:00:00
10772,33.13,33.02,33.075,0.11,1,1778587199,1778587199077,2026-05-12 12:00:03
10773,38.86,38.75,38.805,0.11,1,1778587198,1778587198969,2026-05-12 12:00:00
10774,43.15,43.04,43.095,0.11,1,1778587199,1778587199677,2026-05-12 12:00:00
10775,222.2,221.6,221.9,0.6,1,1778587194,1778587194092,2026-05-12 11:59:57
10776,2.72,2.68,2.7,0.04,1,1778587189,1778587189025,2026-05-12 11:59:54
10777,7.87,7.84,7.855,0.03,1,1778587196,1778587196433,2026-05-12 11:59:57
10778,16.81,16.71,16.76,0.1,1,1778587195,1778587195825,2026-05-12 11:59:57
10779,74.31,74.14,74.225,0.17,1,1778587190,1778587190544,2026-05-12 11:59:51
10780,45.34,45.21,45.275,0.13,1,1778587186,1778587186282,2026-05-12 11:59:48
10781,33.79,33.7,33.745,0.09,1,1778587196,1778587196631,2026-05-12 11:59:57
10782,33.15,33.06,33.105,0.09,1,1778587195,1778587195929,2026-05-12 12:00:00
10783,29.54,29.41,29.475,0.13,1,1778587198,1778587198271,2026-05-12 12:00:03
10784,8.35,8.31,8.33,0.04,1,1778587199,1778587199276,2026-05-12 12:00:00
10785,17.69,17.62,17.655,0.07,1,1778587198,1778587198772,2026-05-12 12:00:00
10786,224.17,223.53,223.85,0.64,1,1778587197,1778587197342,2026-05-12 12:00:03
10787,10.92,10.88,10.9,0.04,1,1778587193,1778587193585,2026-05-12 11:59:54
10788,42.25,42.1,42.175,0.15,1,1778587188,1778587188618,2026-05-12 11:59:51
10789,31.36,31.27,31.315,0.09,1,1778587192,1778587192875,2026-05-12 11:59:54
10790,24.09,24.01,24.05,0.08,1,1778587199,1778587199481,2026-05-12 12:00:00
10791,13.03,12.99,13.01,0.04,1,1778587199,1778587199278,2026-05-12 12:00:00
10792,9.69,9.66,9.675,0.03,1,1778587174,1778587174317,2026-05-12 11:59:36
10793,165.13,164.77,164.95,0.36,1,1778587196,1778587196933,2026-05-12 12:00:00
10794,13.08,13.02,13.05,0.06,1,1778587197,1778587197245,2026-05-12 12:00:00
10795,58.25,58.04,58.145,0.21,1,1778587190,1778587190141,2026-05-12 11:59:51
10796,29.73,29.59,29.66,0.14,1,1778587199,1778587199175,2026-05-12 12:00:03
10797,7.67,7.62,7.645,0.05,1,1778587115,1778587115309,2026-05-12 11:58:39
10798,76.42,76.24,76.33,0.18,1,1778587190,1778587190551,2026-05-12 11:59:51
10799,56.2,55.99,56.095,0.21,1,1778587197,1778587197543,2026-05-12 12:00:03
10800,136.71,136.39,136.55,0.32,1,1778587197,1778587197148,2026-05-12 12:00:00
10801,14.02,13.96,13.99,0.06,1,1778587198,1778587198578,2026-05-12 12:00:00
10802,9.31,9.21,9.26,0.1,1,1778587199,1778587199481,2026-05-12 12:00:00
10803,20.96,20.84,20.9,0.12,1,1778587199,1778587199074,2026-05-12 12:00:03
10804,19.75,19.66,19.705,0.09,1,1778587199,1778587199278,2026-05-12 12:00:03
10805,9.98,9.94,9.96,0.04,1,1778587197,1778587197155,2026-05-12 12:00:00
10806,6.25,6.21,6.23,0.04,1,1778587172,1778587172500,2026-05-12 11:59:36
10807,8.0,7.96,7.98,0.04,1,1778587197,1778587197845,2026-05-12 12:00:00
10808,5.18,5.15,5.165,0.03,1,1778587199,1778587199381,2026-05-12 12:00:03
10809,10.43,10.38,10.405,0.05,1,1778587196,1778587196638,2026-05-12 11:59:57
10810,44.7,44.54,44.62,0.16,1,1778587198,1778587198660,2026-05-12 12:00:00
10811,61.36,61.2,61.28,0.16,1,1778587194,1778587194294,2026-05-12 11:59:57
10812,26.62,26.49,26.555,0.13,1,1778587198,1778587198355,2026-05-12 12:00:00
10813,33.44,33.35,33.395,0.09,1,1778587193,1778587193072,2026-05-12 11:59:57
10814,3.68,3.65,3.665,0.03,1,1778587199,1778587199579,2026-05-12 12:00:00
10815,15.43,15.38,15.405,0.05,1,1778587199,1778587199277,2026-05-12 12:00:00
10816,3.05,3.0,3.025,0.05,1,1778587192,1778587192976,2026-05-12 11:59:54
10817,80.32,80.13,80.225,0.19,1,1778587198,1778587198972,2026-05-12 12:00:00
10818,43.44,43.22,43.33,0.22,1,1778587198,1778587198760,2026-05-12 12:00:00
10819,21.49,21.41,21.45,0.08,1,1778587185,1778587185268,2026-05-12 11:59:48
10820,6.53,6.48,6.505,0.05,1,1778587166,1778587166805,2026-05-12 11:59:30
10821,9.86,9.82,9.84,0.04,1,1778587128,1778587128601,2026-05-12 11:58:51
10822,12.77,12.72,12.745,0.05,1,1778587173,1778587173917,2026-05-12 11:59:36
10823,35.39,35.3,35.345,0.09,1,1778587191,1778587191251,2026-05-12 11:59:57
10824,25.59,25.52,25.555,0.07,1,1778587198,1778587198567,2026-05-12 12:00:00
10825,15.89,15.81,15.85,0.08,1,1778587190,1778587190142,2026-05-12 11:59:51
10826,50.1,49.95,50.025,0.15,1,1778587153,1778587153841,2026-05-12 11:59:18
10827,11.07,11.02,11.045,0.05,1,1778587196,1778587196538,2026-05-12 12:00:00
10828,34.48,34.36,34.42,0.12,1,1778587192,1778587192466,2026-05-12 11:59:57
10829,0.27237,0.27222,0.272295,0.00015,1,1784152111,1784152111756,2026-07-15 21:48:32
10830,50.6,50.44,50.52,0.16,1,1784145548,1784145548188,2026-07-15 19:59:08
